entrez_id	gene_symbol	discovery_tier	exploratory_reasons	discovery_n_cohorts	discovery_n_pairs	discovery_log2FC	discovery_CI_low	discovery_CI_high	discovery_PI_low	discovery_PI_high	discovery_P	discovery_FDR	discovery_I2	discovery_tau2	discovery_direction_consistency	tcga_estimable	tcga_not_estimable_reason	tcga_log2FC	tcga_CI_low	tcga_CI_high	tcga_P	tcga_candidate_family_FDR	tcga_genomewide_FDR	tcga_same_direction	tcga_candidate_family_FDR_lt_0.05_same_direction	tcga_genomewide_FDR_lt_0.05_same_direction	icgc_estimable	icgc_not_estimable_reason	icgc_log2FC	icgc_CI_low	icgc_CI_high	icgc_P	icgc_candidate_family_FDR	icgc_genomewide_FDR	icgc_same_direction	icgc_candidate_family_FDR_lt_0.05_same_direction	icgc_genomewide_FDR_lt_0.05_same_direction	icgc_matrix_symbol	icgc_mapping_status	icgc_mapping_basis	dual_jointly_estimable	dual_same_direction	dual_candidate_family_FDR_lt_0.05_same_direction	dual_genomewide_FDR_lt_0.05_same_direction
390	RND3	discovery robust		5	144	-1.84002679379805	-1.96253951934223	-1.71751406825387	-1.96253951934223	-1.71751406825387	1.97678701770551e-06	0.0107256483335024	0.0	0.0	1.0	True		-2.48566226701923	-2.88217586132897	-2.08914867270949	1.80805096306692e-17	3.37502846439159e-16	1.22548285405796e-15	True	True	True	True		-2.20263217986776	-2.40398213990225	-2.00128221983327	2.67433024557761e-54	8.192364353371401e-53	3.67066051366407e-52	True	True	True	RND3	current_symbol	current symbol present in frozen matrix	True	True	True	True
3326	HSP90AB1	discovery robust		5	144	1.02034167355242	0.904691323810292	1.13599202329455	0.892908619444574	1.14777472766027	1.64812561825095e-05	0.0107256483335024	2.7456603753378	0.000371554142629	1.0	True		0.848435397096897	0.651208875301272	1.04566191889252	1.20281851583831e-11	4.2098648054340794e-11	1.73411873871827e-10	True	True	True	True		0.727784142940253	0.624781161752167	0.83078712412834	2.3395111751117502e-31	6.5583018187558905e-31	3.0115038151700596e-30	True	True	True	HSP90AB1	current_symbol	current symbol present in frozen matrix	True	True	True	True
10643	IGF2BP3	discovery robust		5	144	1.21678999697816	1.08106260651428	1.35251738744205	1.08106260651428	1.35251738744205	1.54647716135149e-05	0.0107256483335024	0.0	0.0	1.0	False	filtered_low_expression_before_voom								False	False	True		3.64491836722279	3.31155366309143	3.97828307135414	2.87451380820049e-54	8.192364353371401e-53	3.8902423587485406e-52	True	True	True	IGF2BP3	current_symbol	current symbol present in frozen matrix	False			
23240	TMEM131L	discovery robust		5	144	-0.797294105975216	-0.872628715921658	-0.721959496028774	-0.872628715921658	-0.721959496028774	7.98643592124134e-06	0.0107256483335024	0.0	0.0	1.0	True		-0.755116127105848	-1.02115617857742	-0.489076075634275	5.66896991629962e-07	8.2816256168551e-07	2.5505477580317e-06	True	True	True	True		-0.653407690763747	-0.794581946129646	-0.512233435397849	7.407836301059561e-17	9.48092275344823e-17	3.02455392266679e-16	True	True	True	KIAA0922	historical_symbol_harmonized	Entrez-linked historical alias in frozen matrix	True	True	True	True
51155	JPT1	discovery robust		5	144	0.790376954442073	0.69814875455484	0.882605154329305	0.69804902641764	0.882704882466506	1.85018782945631e-05	0.0107256483335024	0.0233501008054106	2.38763531882974e-06	1.0	True		0.954095279632472	0.721775037222692	1.18641552204225	4.9756295753667797e-11	1.57718069558796e-10	6.14363428885464e-10	True	True	True	True		1.01226020518901	0.863451493204076	1.16106891717394	9.497159374579779e-30	2.42390187022857e-29	1.0710869777170299e-28	True	True	True	HN1	historical_symbol_harmonized	Entrez-linked historical alias in frozen matrix	True	True	True	True
51266	CLEC1B	discovery robust		5	144	-3.09195834918372	-3.26980319895278	-2.91411349941465	-3.26980319895278	-2.91411349941465	1.10200595527691e-06	0.0107256483335024	0.0	0.0	1.0	True		-7.55188247688883	-8.34995711586783	-6.75380783790983	3.5722505457315e-25	3.00069045841446e-23	3.46382725380389e-22	True	True	True	True		-6.25351577605106	-6.86508822015634	-5.64194333194579	3.00299213837161e-50	5.1351165566154496e-49	2.52682203712634e-48	True	True	True	CLEC1B	current_symbol	current symbol present in frozen matrix	True	True	True	True
51520	LARS1	discovery robust		5	144	0.612226053782501	0.565580642373269	0.658871465191733	0.565580642373269	0.658871465191733	3.38537080019631e-06	0.0107256483335024	0.0	0.0	1.0	True		0.710071316707238	0.565767746152222	0.854374887262254	1.45640420892452e-13	1.01948294624716e-12	3.6195112220843197e-12	True	True	True	True		0.608568256419787	0.540372430397681	0.676764082441894	1.26832475517522e-42	9.036813880623439e-42	4.68432995933322e-41	True	True	True	LARS	historical_symbol_harmonized	Entrez-linked historical alias in frozen matrix	True	True	True	True
51629	SLC25A39	discovery robust		5	144	0.687888339264492	0.609733556468233	0.766043122060752	0.609733556468233	0.766043122060752	1.66384368747038e-05	0.0107256483335024	0.0	0.0	1.0	True		0.72464023560681	0.538222468654564	0.911058002559056	2.49257791248055e-10	6.54301702026144e-10	2.5391211695320704e-09	True	True	True	True		0.874754723191822	0.784532645976455	0.964976800407189	3.51514889970416e-47	4.00726974566274e-46	2.15280622329034e-45	True	True	True	SLC25A39	current_symbol	current symbol present in frozen matrix	True	True	True	True
51660	MPC1	discovery robust		5	144	-0.930131739390454	-1.03930781249858	-0.820955666282325	-1.03930781249858	-0.820955666282325	1.89395606747923e-05	0.0107256483335024	0.0	0.0	1.0	True		-1.82812244334995	-2.09705057420166	-1.55919431249825	6.837994845564371e-19	1.43597891756852e-17	6.73348964132084e-17	True	True	True	True		-1.63330324927761	-1.80368845135648	-1.46291804719874	1.5391810791697202e-46	1.54823508551778e-45	8.91849443867411e-45	True	True	True	BRP44L	historical_symbol_harmonized	Entrez-linked historical alias in frozen matrix	True	True	True	True
55299	BRIX1	discovery robust		5	144	0.587729375364791	0.529967657507763	0.645491093221818	0.529967657507763	0.645491093221818	9.34171486634758e-06	0.0107256483335024	0.0	0.0	1.0	True		0.370482955359619	0.186052893137279	0.554913017581959	0.0001808870878682	0.0002081440463141	0.0004641345681338	True	True	True	True		0.413436637915978	0.321289771607381	0.505583504224576	4.546160858293449e-16	5.592759041497701e-16	1.7484469612590102e-15	True	True	True	BRIX1	current_symbol	current symbol present in frozen matrix	True	True	True	True
56892	TCIM	discovery robust		5	144	-1.9050010725229	-2.10032613764805	-1.70967600739776	-2.10032613764805	-1.70967600739776	1.10587899309217e-05	0.0107256483335024	0.0	0.0	1.0	True		-2.84311317107587	-3.23174090987174	-2.45448543227999	3.1772379906901e-20	8.89626637393227e-19	4.52236502002135e-18	True	True	True	True		-2.13630731792597	-2.36571489962298	-1.90689973622896	6.27024718495405e-45	5.1057727077483e-44	2.9888693046900397e-43	True	True	True	C8orf4	historical_symbol_harmonized	Entrez-linked historical alias in frozen matrix	True	True	True	True
57211	ADGRG6	discovery robust		5	144	-0.766968385447535	-0.854928125877182	-0.679008645017887	-0.854928125877182	-0.679008645017887	1.72701800292872e-05	0.0107256483335024	0.0	0.0	1.0	True		-1.79705910445439	-2.2120317663124	-1.38208644259637	9.76885415246704e-12	3.6982623996314795e-11	1.43886123673731e-10	True	True	True	True		-1.28715231650696	-1.49180126023237	-1.08250337278154	1.2607194595389799e-26	2.69478784476457e-26	1.0902012377327e-25	True	True	True	GPR126	historical_symbol_harmonized	Entrez-linked historical alias in frozen matrix	True	True	True	True
112770	GLMP	discovery robust		5	144	0.865261310003239	0.768859206624692	0.961663413381785	0.768859206624692	0.961663413381785	1.53923130955065e-05	0.0107256483335024	0.0	0.0	1.0	True		0.974019317910019	0.770027635465733	1.17801100035431	4.0642413240904e-13	2.27597514149063e-12	8.89983586171796e-12	True	True	True	True		1.12342693151345	1.00652451740793	1.24032934561897	1.11339401322224e-46	1.1899398516312701e-45	6.529549799360601e-45	True	True	True	C1orf85	historical_symbol_harmonized	Entrez-linked historical alias in frozen matrix	True	True	True	True
124936	CYB5D2	discovery robust		5	144	-0.747029587128837	-0.813881847333147	-0.680177326924528	-0.813881847333147	-0.680177326924528	6.43140813666599e-06	0.0107256483335024	0.0	0.0	1.0	True		-0.864639403408818	-1.09346985019715	-0.635808956620485	5.55286385944112e-10	1.4134562551304701e-09	5.14140682715965e-09	True	True	True	True		-0.814700108979465	-0.941192205608183	-0.688208012350747	1.52215046335129e-27	3.4248385425404e-27	1.41967122492711e-26	True	True	True	CYB5D2	current_symbol	current symbol present in frozen matrix	True	True	True	True
128061	C1orf131	discovery robust		5	144	0.618204699939207	0.554399154773123	0.682010245105291	0.554399154773123	0.682010245105291	1.13529556872535e-05	0.0107256483335024	0.0	0.0	1.0	True		0.522197373022909	0.292316516767333	0.752078229278484	3.12759182039554e-05	3.83529507902518e-05	9.44066033004297e-05	True	True	True	True		0.529950571842129	0.438053277819989	0.621847865864269	1.78476267241941e-23	3.17910851024707e-23	1.1984910478602598e-22	True	True	True	C1orf131	current_symbol	current symbol present in frozen matrix	True	True	True	True
252839	TMEM9	discovery robust		5	144	0.628784984796789	0.569012092053632	0.688557877539947	0.569012092053632	0.688557877539947	8.18119754368291e-06	0.0107256483335024	0.0	0.0	1.0	True		0.711682611570885	0.534238741295052	0.889126481846719	1.0053622086598301e-10	3.0709245646336703e-10	1.1316287635504701e-09	True	True	True	True		0.772121109234458	0.675524693866658	0.868717524602259	5.12634039905805e-37	2.13805904448519e-36	1.08663817900296e-35	True	True	True	TMEM9	current_symbol	current symbol present in frozen matrix	True	True	True	True
6921	ELOC	discovery robust		5	144	0.784950688503773	0.689475217651092	0.880426159356455	0.689475217651092	0.880426159356455	2.18200781210919e-05	0.0110207519530077	0.0	0.0	1.0	True		0.673233657984352	0.4461728096173	0.900294506351405	2.25208937928904e-07	3.6379905357746e-07	1.11620650242255e-06	True	True	True	True		0.675615285504944	0.561411368686539	0.789819202323349	2.27867111453017e-24	4.23535609331151e-24	1.6357241127411902e-23	True	True	True	TCEB1	historical_symbol_harmonized	Entrez-linked historical alias in frozen matrix	True	True	True	True
201254	CENPX	discovery robust		5	144	0.585420339567463	0.512953743323496	0.65788693581143	0.512953743323496	0.65788693581143	2.3396009732642e-05	0.0110207519530077	0.0	0.0	1.0	True		0.764387839354253	0.46887941431181	1.0598962643967	3.46488496657976e-06	4.61984662210635e-06	1.30596302170773e-05	True	True	True	True		0.762502053183579	0.613701029093154	0.911303077274003	1.09871233449676e-19	1.61965352757712e-19	5.47319943616882e-19	True	True	True	STRA13	historical_symbol_harmonized	Entrez-linked historical alias in frozen matrix	True	True	True	True
58528	RRAGD	discovery robust		5	144	0.962006594554004	0.837237835767007	1.086775353341	0.837237835767007	1.086775353341	2.81588240870251e-05	0.0115185784804488	0.0	0.0	1.0	True		0.5589403243536	0.251402692579227	0.866477956127973	0.0006114847426486	0.0006894593071474	0.0013986875990722	True	True	True	True		1.242018823492	1.0732630314769	1.4107746155071	3.72266274229519e-33	1.27315065786495e-32	5.55900401633016e-32	True	True	True	RRAGD	current_symbol	current symbol present in frozen matrix	True	True	True	True
2180	ACSL1	discovery robust		5	144	-1.26682780646855	-1.4683538286253	-1.06530178431179	-1.46848244993636	-1.06517316300073	6.32708377676088e-05	0.0115802536922153	0.0179480810313843	6.72720166934039e-06	1.0	True		-2.71418651084873	-3.332801956945	-2.09557106475245	6.470645692230629e-12	2.5882582768922498e-11	1.0040723449282e-10	True	True	True	True		-2.00685364691723	-2.26392525500356	-1.74978203883089	7.001421202282279e-36	2.72100687634152e-35	1.32193662953921e-34	True	True	True	ACSL1	current_symbol	current symbol present in frozen matrix	True	True	True	True
3131	HLF	discovery robust		6	167	-0.751313094535617	-0.900681791268034	-0.601944397803201	-0.900681791268034	-0.601944397803201	4.93062506160367e-05	0.0115802536922153	0.0	0.0	1.0	True		-1.65916492270466	-2.13730803301544	-1.18102181239388	5.43666519246243e-09	1.15615158523252e-08	3.946308155697e-08	True	True	True	True		-1.19843246019515	-1.47262307245548	-0.924241847934819	1.97121744425232e-15	2.3571900906793504e-15	7.24164221689732e-15	True	True	True	HLF	current_symbol	current symbol present in frozen matrix	True	True	True	True
4499	MT1M	discovery robust		5	144	-3.45840215453283	-3.9684481718155	-2.94835613725017	-4.36569292425942	-2.55111138480624	4.68818730030124e-05	0.0115802536922153	33.8495656369347	0.0730387018954052	1.0	True		-5.85424753782654	-6.70401220742836	-5.00448286822472	3.93883105850174e-19	9.45319454040418e-18	4.11135185886412e-17	True	True	True	True		-3.84804975997584	-4.27171963926204	-3.42437988068964	1.4373923842227798e-43	1.1172458986458899e-42	5.85639048670809e-42	True	True	True	MT1M	current_symbol	current symbol present in frozen matrix	True	True	True	True
6227	RPS21	discovery robust		5	144	0.858512021526757	0.736222149227106	0.980801893826407	0.736222149227106	0.980801893826407	4.08496808514826e-05	0.0115802536922153	0.0	0.0	1.0	True		0.247883179631924	0.0174260810746349	0.478340278189213	0.0355312187561476	0.0368471898211901	0.0552445175834165	True	True	False	True		0.480383754750531	0.37251319017578	0.588254319325282	6.94755072016835e-16	8.48593695106277e-16	2.6327775423422402e-15	True	True	True	RPS21	current_symbol	current symbol present in frozen matrix	True	True	True	False
8644	AKR1C3	discovery robust		5	144	1.40401742418004	1.18262740584846	1.62540744251163	1.08053043249104	1.72750441586905	6.11020246788412e-05	0.0115802536922153	18.8602545700743	0.0072166088975741	1.0	True		1.35032204235053	1.05277247738076	1.6478716073203	2.18988465625953e-12	9.943260060854099e-12	3.82443250182654e-11	True	True	True	True		1.25842385064486	1.04405654025659	1.47279116103314	4.27252596807524e-24	7.85593484452544e-24	3.01334530102624e-23	True	True	True	AKR1C3	current_symbol	current symbol present in frozen matrix	True	True	True	True
8872	CDC123	discovery robust		5	144	0.721285736831537	0.624701171195582	0.817870302467492	0.624701171195582	0.817870302467492	3.19662444939654e-05	0.0115802536922153	0.0	0.0	1.0	True		0.367148571931068	0.214266803067459	0.520030340794677	1.27619553288155e-05	1.63664770629084e-05	4.20041905787816e-05	True	True	True	True		0.554540646285417	0.472951779450627	0.636129513120206	1.02834177092425e-29	2.58597710041245e-29	1.15437925131654e-28	True	True	True	CDC123	current_symbol	current symbol present in frozen matrix	True	True	True	True
9793	CKAP5	discovery robust		5	144	0.708877065008255	0.596247321828645	0.821506808187866	0.596187398284926	0.821566731731585	6.29652627711081e-05	0.0115802536922153	0.0232749697065079	1.75153133496128e-06	1.0	True		0.401909823316972	0.261898017889031	0.541921628744914	4.48624537141022e-07	6.72936805711532e-07	2.07323328749025e-06	True	True	True	True		0.410818814050166	0.339716938543195	0.481920689557137	1.53132527149697e-23	2.75638548869455e-23	1.0308082775402e-22	True	True	True	CKAP5	current_symbol	current symbol present in frozen matrix	True	True	True	True
10212	DDX39A	discovery robust		5	144	0.867147313837141	0.743701631216868	0.990592996457415	0.743701631216868	0.990592996457415	4.07524178948949e-05	0.0115802536922153	0.0	0.0	1.0	True		1.18171647252609	0.966935852871517	1.39649709218066	2.69338339333176e-15	2.8280525629983502e-14	1.07031227891866e-13	True	True	True	True		0.767957317137536	0.663666476752615	0.872248157522458	3.5311763260362e-33	1.23230847296365e-32	5.28301918342655e-32	True	True	True	DDX39A	current_symbol	current symbol present in frozen matrix	True	True	True	True
10979	FERMT2	discovery robust		5	144	-0.688396909037766	-0.797657359500559	-0.579136458574974	-0.797657359500559	-0.579136458574974	6.27030087476134e-05	0.0115802536922153	0.0	0.0	1.0	True		-1.22134898573174	-1.4770723178788	-0.96562565358469	4.02830027288821e-13	2.27597514149063e-12	8.833487026976279e-12	True	True	True	True		-0.964340159942568	-1.09662644705914	-0.832053872825995	9.97728798080654e-33	3.21908725418475e-32	1.4398989880130401e-31	True	True	True	FERMT2	current_symbol	current symbol present in frozen matrix	True	True	True	True
27163	NAAA	discovery robust		5	144	-0.707102022513009	-0.811726858946319	-0.602477186079699	-0.836670194848469	-0.577533850177549	4.74927541892035e-05	0.0115802536922153	7.68438894276342	0.0007577924587456	1.0	True		-1.55948078869821	-1.87412558171556	-1.24483599568087	1.13503398299292e-13	8.66753223376409e-13	2.90854780224552e-12	True	True	True	True		-1.43391354659949	-1.56984680590172	-1.29798028729725	4.2733069017920706e-52	9.13419350258055e-51	4.49463632991206e-50	True	True	True	NAAA	current_symbol	current symbol present in frozen matrix	True	True	True	True
29974	A1CF	discovery robust		5	144	-0.588040212186681	-0.668291445113068	-0.507788979260294	-0.668291445113068	-0.507788979260294	3.44675616282923e-05	0.0115802536922153	0.0	0.0	1.0	True		-1.10640444338436	-1.63022971750866	-0.582579169260058	9.16399376598657e-05	0.0001076609057822	0.0002509082535642	True	True	True	True		-1.06633670110986	-1.33409597977437	-0.798577422445342	2.36140601562551e-13	2.69200285781308e-13	7.53757061197435e-13	True	True	True	A1CF	current_symbol	current symbol present in frozen matrix	True	True	True	True
51026	GOLT1B	discovery robust		5	144	0.736618286908892	0.62690396949856	0.846332604319223	0.62690396949856	0.846332604319223	4.875190599396e-05	0.0115802536922153	0.0	0.0	1.0	True		0.49900257880152	0.341269260948507	0.656735896654534	5.2367273390217e-08	9.35925737186857e-08	3.01549981416193e-07	True	True	True	True		0.519319062366323	0.443059664899601	0.595578459833045	8.54941328238018e-30	2.21507525952577e-29	9.71560747233727e-29	True	True	True	GOLT1B	current_symbol	current symbol present in frozen matrix	True	True	True	True
55974	SLC50A1	discovery robust		5	144	0.730725258807967	0.62668571894696	0.834764798668973	0.62668571894696	0.834764798668973	4.0775225962204e-05	0.0115802536922153	0.0	0.0	1.0	True		1.00727815085664	0.72424831780118	1.2903079839121	2.8155234811850504e-09	6.757256354844121e-09	2.20413255724572e-08	True	True	True	True		0.976232811831067	0.857521583313334	1.0949440403488	2.05615820491566e-38	9.50278521731292e-38	5.12794197676969e-37	True	True	True	SLC50A1	current_symbol	current symbol present in frozen matrix	True	True	True	True
58478	ENOPH1	discovery robust		5	144	0.604299239537235	0.519146121425234	0.689452357649236	0.519146121425234	0.689452357649236	3.91352101225693e-05	0.0115802536922153	0.0	0.0	1.0	True		0.383765992462818	0.220046634701493	0.547485350224142	1.90118034582083e-05	2.41602912758558e-05	6.01053892222655e-05	True	True	True	True		0.366858580379045	0.298233794191203	0.435483366566886	5.59061340972867e-21	8.69086266421457e-21	3.11173831804656e-20	True	True	True	ENOPH1	current_symbol	current symbol present in frozen matrix	True	True	True	True
91057	CCDC34	discovery robust		5	144	0.673769729142434	0.576727463094699	0.770811995190168	0.576727463094699	0.770811995190168	4.26816459566614e-05	0.0115802536922153	0.0	0.0	1.0	True		1.71454662035308	1.42601042692315	2.00308281378301	1.46742645609538e-16	2.0543970385335302e-15	7.89535945810492e-15	True	True	True	True		1.63334966279241	1.49189626419374	1.77480306139109	1.15415912736888e-57	4.93403026950196e-56	2.48182684355222e-55	True	True	True	CCDC34	current_symbol	current symbol present in frozen matrix	True	True	True	True
171425	CLYBL	discovery robust		5	144	-0.694694437270741	-0.787320348021675	-0.602068526519807	-0.787320348021675	-0.602068526519807	3.14269139657919e-05	0.0115802536922153	0.0	0.0	1.0	True		-0.92936432903011	-1.23056662868503	-0.628162029375191	9.30401394371821e-08	1.61141684798419e-07	5.05107303456297e-07	True	True	True	True		-1.15735561320565	-1.31736452569949	-0.9973467007118	2.21689395769917e-32	6.76944404940282e-32	3.11120730698709e-31	True	True	True	CLYBL	current_symbol	current symbol present in frozen matrix	True	True	True	True
200845	KCTD6	discovery robust		5	144	0.626438214653774	0.537731622952859	0.715144806354689	0.537731622952859	0.715144806354689	3.99035446798851e-05	0.0115802536922153	0.0	0.0	1.0	True		0.475538160155475	0.197586947098535	0.753489373212414	0.0011746807459167	0.00129833135075	0.0025322836897725	True	True	True	True		0.417045432683067	0.30759403856762	0.526496826798513	1.8346134882292498e-12	2.02399294507872e-12	5.49957788688054e-12	True	True	True	KCTD6	current_symbol	current symbol present in frozen matrix	True	True	True	True
254863	TMEM256	discovery robust		5	144	-0.744053403345713	-0.84473978982607	-0.643367016865357	-0.84473978982607	-0.643367016865357	3.33284271052417e-05	0.0115802536922153	0.0	0.0	1.0	True		-0.863157184383696	-1.16872720568033	-0.557587163087067	6.25766958060756e-07	9.06283180639716e-07	2.78737788402767e-06	True	True	True	True		-0.612447780036973	-0.743691013430566	-0.481204546643381	4.52825519541598e-17	5.91092853752773e-17	1.87124714954406e-16	True	True	True	C17orf61	historical_symbol_harmonized	Entrez-linked historical alias in frozen matrix	True	True	True	True
286053	NSMCE2	discovery robust		5	144	1.01779324498236	0.872793648798796	1.16279284116592	0.872793648798796	1.16279284116592	4.08732287944303e-05	0.0115802536922153	0.0	0.0	1.0	True		1.25101621715409	0.994438698059733	1.50759373624845	1.99530797691838e-13	1.34084696048915e-12	4.71911434963913e-12	True	True	True	True		1.21832206142553	1.10479539328195	1.3318487295691	3.9363004724011e-53	9.615819725436971e-52	4.67357196579009e-51	True	True	True	NSMCE2	current_symbol	current symbol present in frozen matrix	True	True	True	True
84803	GPAT3	discovery robust		5	144	-0.965323562307891	-1.11936471566918	-0.8112824089466	-1.11936471566918	-0.8112824089466	6.40540026773982e-05	0.011581481292176	0.0	0.0	1.0	True		-1.22923705190648	-1.75384046315769	-0.704633640655265	1.91268972600525e-05	2.41602912758558e-05	6.04257123487978e-05	True	True	True	True		-0.908748439794258	-1.11962458485019	-0.697872294738329	4.25884170833017e-15	5.02249608361696e-15	1.52745299446467e-14	True	True	True	AGPAT9	historical_symbol_harmonized	Entrez-linked historical alias in frozen matrix	True	True	True	True
2058	EPRS1	discovery robust		5	144	0.757352059865932	0.633618895000019	0.881085224731845	0.604164039151705	0.910540080580159	7.03054350546268e-05	0.011985402737884	8.94234223388087	0.0010581199471053	1.0	True		0.90327845296708	0.715255621672437	1.09130128426172	3.30493925282856e-13	1.98296355169714e-12	7.43468877608287e-12	True	True	True	True		0.801738130092007	0.707726353214167	0.895749906969847	2.98622362197479e-40	1.76084220468169e-39	8.67753539881051e-39	True	True	True	EPRS	historical_symbol_harmonized	Entrez-linked historical symbol selected over ambiguous QARS alias	True	True	True	True
11004	KIF2C	discovery robust		6	167	0.753661922004625	0.590717175103061	0.916606668906188	0.590688173294549	0.9166356707147	7.41481150384838e-05	0.0123928879613051	0.0092608351661228	1.43044518107903e-06	1.0	True		3.50082815006688	3.16829362328494	3.83336267684882	2.49601726044332e-27	4.19330899754478e-25	1.13394236643236e-23	True	True	True	True		3.05780740816673	2.80879082302675	3.30682399330671	1.28227023272466e-61	1.09634104897958e-59	5.51461684753787e-59	True	True	True	KIF2C	current_symbol	current symbol present in frozen matrix	True	True	True	True
3491	CCN1	discovery robust		5	144	-1.62439476749029	-1.90787264297023	-1.34091689201035	-2.04946579767527	-1.1993237373053	9.12331016792318e-05	0.0127759792996141	17.7345442766672	0.0130146923735647	1.0	True		-2.2674960005958	-2.65078374942065	-1.88420825177095	1.74129143779857e-16	2.2502843196166203e-15	9.21060812216631e-15	True	True	True	True		-2.01432794077514	-2.2544199719356	-1.77423590961469	2.03396873792153e-39	9.93739011955948e-39	5.49768114315577e-38	True	True	True	CYR61	historical_symbol_harmonized	Entrez-linked historical alias in frozen matrix	True	True	True	True
4758	NEU1	discovery robust		5	144	0.978595181235468	0.812468148996105	1.14472221347483	0.812468148996105	1.14472221347483	8.1808153621841e-05	0.0127759792996141	0.0	0.0	1.0	True		0.895585231075018	0.667629394995714	1.12354106715432	1.83564507654609e-10	5.22692157389394e-10	1.92374129608314e-09	True	True	True	True		0.948704691824345	0.839320507044938	1.05808887660375	4.01061281396932e-41	2.54005478218057e-40	1.26618906670062e-39	True	True	True	NEU1	current_symbol	current symbol present in frozen matrix	True	True	True	True
4897	NRCAM	discovery robust		6	167	0.647553948623051	0.504801183421493	0.790306713824609	0.504801183421493	0.790306713824609	8.14821967485701e-05	0.0127759792996141	0.0	0.0	1.0	True		2.73994891311232	1.80972910784611	3.67016871837853	2.59731516747435e-07	4.15570426795896e-07	1.27320487091878e-06	True	True	True	True		2.10396952851434	1.69158307800479	2.51635597902389	1.48102971955014e-19	2.1645818978040502e-19	7.30996382618053e-19	True	True	True	NRCAM	current_symbol	current symbol present in frozen matrix	True	True	True	True
5745	PTH1R	discovery robust		5	144	-1.25856254756091	-1.4770935246981	-1.04003157042371	-1.56671276292336	-0.950412332198449	8.9435090759998e-05	0.0127759792996141	27.4555677869138	0.0061230932839919	1.0	True		-3.3871747240117	-3.94900651183158	-2.82534293619182	8.37773950293469e-17	1.40746023649303e-15	4.8047716995402304e-15	True	True	True	True		-3.25936655242108	-3.53865747767502	-2.98007562716714	2.44990862991113e-58	1.39644791904934e-56	5.85346687835433e-56	True	True	True	PTH1R	current_symbol	current symbol present in frozen matrix	True	True	True	True
9918	NCAPD2	discovery robust		5	144	0.820621369357762	0.67863191610941	0.962610822606114	0.678628894607119	0.962613844108405	8.82035924613044e-05	0.0127759792996141	0.0006495336694924	1.11310324501751e-07	1.0	True		1.11293976223068	0.866361107592653	1.35951841686871	2.6124975220221997e-12	1.15499890447297e-11	4.48507387086639e-11	True	True	True	True		1.16369353684063	1.03161415367074	1.29577292001053	6.02428484038605e-42	4.1206108308240597e-41	2.0562254764725097e-40	True	True	True	NCAPD2	current_symbol	current symbol present in frozen matrix	True	True	True	True
55157	DARS2	discovery robust		5	144	0.689609587872744	0.564881776561384	0.814337399184105	0.564881776561384	0.814337399184105	0.0001050623422076	0.0127759792996141	0.0	0.0	1.0	True		0.931426983265107	0.697754929532473	1.16509903699774	1.20515374277685e-10	3.55203208397388e-10	1.3232182433840901e-09	True	True	True	True		0.985306737275302	0.873037204599894	1.09757626995071	9.664218491007459e-42	6.35608216139337e-41	3.2246831113184e-40	True	True	True	DARS2	current_symbol	current symbol present in frozen matrix	True	True	True	True
57648	NHSL3	discovery robust		5	144	0.587046190386111	0.481803421005101	0.692288959767121	0.481803421005101	0.692288959767121	0.0001014609586965	0.0127759792996141	0.0	0.0	1.0	True		1.36389370707243	1.06737861270034	1.66040880144451	1.4095077176547699e-12	6.97134241373051e-12	2.6018778940493496e-11	True	True	True	True		1.04054779054332	0.866976702306027	1.21411887878061	7.619643042242221e-25	1.4639988317117101e-24	5.70677058036043e-24	True	True	True	KIAA1522	historical_symbol_harmonized	Entrez-linked historical alias in frozen matrix	True	True	True	True
79019	CENPM	discovery robust		5	144	0.755749297614981	0.627035004135501	0.88446359109446	0.627035004135501	0.88446359109446	8.28655760108526e-05	0.0127759792996141	0.0	0.0	1.0	True		3.15078558981261	2.76488313301845	3.53668804660677	2.74969828608479e-22	1.15487328015561e-20	6.833654930988811e-20	True	True	True	True		2.85018432359641	2.55123218756128	3.14913645963155	3.1074905167313203e-46	2.95211599089475e-45	1.72318807937826e-44	True	True	True	CENPM	current_symbol	current symbol present in frozen matrix	True	True	True	True
123879	DCUN1D3	discovery robust		5	144	-0.681661177023691	-0.802027820364931	-0.56129453368245	-0.892957024484715	-0.470365329562666	9.55705728155745e-05	0.0127759792996141	37.8602598026333	0.0039122046545123	1.0	True		-1.13567808404364	-1.33099278808228	-0.940363380004996	3.3762177071995097e-16	4.05146124863941e-15	1.69427694364175e-14	True	True	True	True		-1.13293460758906	-1.24862282325521	-1.01724639192292	9.50079506566271e-48	1.2497199663294801e-46	6.25404377230512e-46	True	True	True	DCUN1D3	current_symbol	current symbol present in frozen matrix	True	True	True	True
256764	WDR72	discovery robust		5	144	-0.898714393175533	-1.05149035192343	-0.745938434427636	-1.05149035192343	-0.745938434427636	8.22529732405339e-05	0.0127759792996141	0.0	0.0	1.0	True		-2.54875563466467	-3.27596378382049	-1.82154748550886	4.20094753800674e-09	9.2863050840149e-09	3.13509225941714e-08	True	True	True	True		-1.99956735827427	-2.28458551213087	-1.71454920441768	4.734340929595641e-31	1.2850353951759598e-30	5.9495909097704195e-30	True	True	True	WDR72	current_symbol	current symbol present in frozen matrix	True	True	True	True
259266	ASPM	discovery robust		6	167	1.75681571137616	1.36501417497822	2.1486172477741	1.11534980814631	2.398281614606	8.61876801694288e-05	0.0127759792996141	44.2534994593213	0.0390396969485882	1.0	True		3.63246515986068	3.21347145309019	4.05145886663117	1.9066144401813702e-23	1.0677040865015701e-21	7.65432366408197e-21	True	True	True	True		3.38074798451027	3.13926831340409	3.62222765561645	1.85551088324484e-70	3.17292361034868e-68	7.181940424687481e-67	True	True	True	ASPM	current_symbol	current symbol present in frozen matrix	True	True	True	True
401466	RBIS	discovery robust		5	144	0.687770943977611	0.566897034049959	0.808644853905264	0.566897034049959	0.808644853905264	9.38074047249219e-05	0.0127759792996141	0.0	0.0	1.0	True		0.851165116214267	0.594605004088005	1.10772522834053	1.67932909624852e-08	3.24284239275577e-08	1.07363232584578e-07	True	True	True	True		0.730847263978353	0.628694307357521	0.833000220599185	6.70506574073958e-32	1.9433326129940101e-31	9.061671597802591e-31	True	True	True	C8orf59	historical_symbol_harmonized	Entrez-linked historical alias in frozen matrix	True	True	True	True
51018	RRP15	discovery robust		5	144	0.701964701697754	0.569731549849476	0.834197853546032	0.502209650171422	0.901719753224086	0.0001233341607453	0.0138847891656687	19.7115824199095	0.0029079646447531	1.0	True		0.657963070452841	0.441000815751782	0.8749253251539	1.37220678780592e-07	2.26010529756269e-07	7.16154722555908e-07	True	True	True	True		0.619901248824874	0.52507252328067	0.714729974369079	3.9454255464955197e-28	8.99557024600978e-28	3.87199901629451e-27	True	True	True	RRP15	current_symbol	current symbol present in frozen matrix	True	True	True	True
3990	LIPC	discovery robust		6	167	-1.09559789953326	-1.36736494310476	-0.823830855961772	-1.36740563464152	-0.823790164425004	0.0001440435076362	0.0144254850712544	0.0054895991350856	3.34734534524555e-06	1.0	True		-1.9154856923377	-2.49809259862582	-1.33287878604958	2.09354181507811e-08	3.90794472147913e-08	1.30748241717902e-07	True	True	True	True		-1.30715517564107	-1.58473296094781	-1.02957739033433	2.60676512686213e-17	3.45547935421259e-17	1.09647306020784e-16	True	True	True	LIPC	current_symbol	current symbol present in frozen matrix	True	True	True	True
389434	IYD	discovery robust		5	144	-1.0996961499002	-1.31537811265189	-0.884014187148504	-1.31537811265189	-0.884014187148504	0.000144559997419	0.0144254850712544	0.0	0.0	1.0	True		-2.14776345930323	-2.64394065027492	-1.65158626833155	9.90605999901291e-12	3.6982623996314795e-11	1.45633034182671e-10	True	True	True	True		-1.53907023886126	-1.83352118907354	-1.24461928864897	2.77871714237621e-20	4.2425056370208203e-20	1.4601279624329902e-19	True	True	True	IYD	current_symbol	current symbol present in frozen matrix	True	True	True	True
55165	CEP55	discovery robust		5	144	0.996357167773312	0.794757964785064	1.19795637076156	0.794757964785064	1.19795637076156	0.0001634058646605	0.015234192590746	0.0	0.0	1.0	True		2.52854853779049	2.20305479377266	2.85404228180832	2.4216472578670502e-21	8.136734786433281e-20	4.623869648344431e-19	True	True	True	True		2.80666781211416	2.53155638065679	3.08177924357154	4.0911711880876e-50	6.3599115742089095e-49	3.39813030056049e-48	True	True	True	CEP55	current_symbol	current symbol present in frozen matrix	True	True	True	True
126969	SLC44A3	discovery robust		5	144	0.727744620306143	0.580664703331128	0.874824537281158	0.580664703331128	0.874824537281158	0.0001626689644193	0.015234192590746	0.0	0.0	1.0	True		0.602684609201491	0.0347607349187407	1.17060848348424	0.0379652170772704	0.0391297942882297	0.0585809996825489	True	True	False	True		0.698377324746929	0.516936655514632	0.879817993979225	1.16123000351752e-12	1.28941773117855e-12	3.53520280919844e-12	True	True	True	SLC44A3	current_symbol	current symbol present in frozen matrix	True	True	True	False
302	ANXA2	discovery robust		5	144	0.936268755396114	0.744665677323002	1.12787183346923	0.744637426527144	1.12790008426508	0.0001708576978486	0.0156838604691839	0.0056871895723393	1.40448465255209e-06	1.0	True		0.991896154869608	0.647540569306987	1.33625174043223	4.17434976867569e-07	6.31793478502267e-07	1.94459370211709e-06	True	True	True	True		1.1261516926703	0.941976653164024	1.31032673217658	1.44586501276919e-25	2.84187261130496e-25	1.14632632495379e-24	True	True	True	ANXA2	current_symbol	current symbol present in frozen matrix	True	True	True	True
4703	NEB	discovery robust		6	167	0.706974242623122	0.522782067926081	0.891166417320164	0.5209400043444	0.893008480901845	0.0001823204458323	0.0158016047388783	0.276873719932216	0.0001032069982741	1.0	True		2.52235560816646	1.79758933700807	3.24712187932485	5.04068519895626e-09	1.09978586159046e-08	3.70525859906376e-08	True	True	True	True		1.70653141235725	1.40491422198637	2.00814860272814	7.964000392932141e-23	1.3756000678701e-22	5.1273220094616e-22	True	True	True	NEB	current_symbol	current symbol present in frozen matrix	True	True	True	True
2195	FAT1	discovery robust		5	144	0.90486196658154	0.710946905153551	1.09877702800953	0.660955423385636	1.14876850977744	0.0002047652700195	0.0158964558365635	6.25871030022741	0.0028393244062748	1.0	True		1.09488164697296	0.67695401230366	1.51280928164227	2.7369139486862e-06	3.73822392991286e-06	1.0569419680991e-05	True	True	True	True		0.851344988921153	0.650061484811729	1.05262849303058	1.15065193829185e-14	1.34768137978018e-14	4.0152482801590803e-14	True	True	True	FAT1	current_symbol	current symbol present in frozen matrix	True	True	True	True
3703	STT3A	discovery robust		5	144	0.710896517115349	0.559793138225201	0.861999896005497	0.483488737175165	0.938304297055532	0.0001982827852255	0.0158964558365635	19.7539512720292	0.0037467101144376	1.0	True		0.536439753470666	0.348707647475842	0.724171859465489	4.93360781305915e-07	7.27057993503454e-07	2.25008731514906e-06	True	True	True	True		0.499974666214888	0.410497599924153	0.589451732505622	2.08278053095763e-22	3.4917203018995597e-22	1.29566221843854e-21	True	True	True	STT3A	current_symbol	current symbol present in frozen matrix	True	True	True	True
3950	LECT2	discovery robust		6	167	-1.72700380434014	-2.18808017876696	-1.26592742991332	-2.18809356573189	-1.26591404294838	0.0002049355851728	0.0158964558365635	0.0011939330504818	1.86822176312638e-06	1.0	True		-2.23748570575614	-3.07376744201055	-1.40120396950172	1.83690136314721e-06	2.5716619084061e-06	7.39531104211775e-06	True	True	True	True		-1.89119216059295	-2.25662990280682	-1.52575441837907	5.56595199696336e-20	8.34892799544504e-20	2.85254006156147e-19	True	True	True	LECT2	current_symbol	current symbol present in frozen matrix	True	True	True	True
55107	ANO1	discovery robust		5	144	-0.986429810976533	-1.19533901975062	-0.77752060220245	-1.19533901975062	-0.77752060220245	0.0001954787211876	0.0158964558365635	0.0	0.0	1.0	True		-2.02618022584624	-2.6179194564404	-1.43444099525208	7.636845261004551e-09	1.56462195591313e-08	5.33795027908698e-08	True	True	True	True		-1.19252561367569	-1.45003191050344	-0.935019316847947	7.15659895178928e-17	9.27104864209066e-17	2.92444382419717e-16	True	True	True	ANO1	current_symbol	current symbol present in frozen matrix	True	True	True	True
84141	EVA1A	discovery robust		5	144	-0.778838715146136	-0.942379298525598	-0.615298131766675	-0.942379298525598	-0.615298131766675	0.000189027680322	0.0158964558365635	0.0	0.0	1.0	True		-1.67235156844131	-2.1913138430533	-1.15338929382932	3.39111050406989e-08	6.12587703961012e-08	2.0249663296042e-07	True	True	True	True		-1.22300689618538	-1.44233910015463	-1.00367469221612	2.44384058928747e-22	4.0572499103704596e-22	1.5144299367428901e-21	True	True	True	FAM176A	historical_symbol_harmonized	Entrez-linked historical alias in frozen matrix	True	True	True	True
84886	C1orf198	discovery robust		5	144	0.591456392269675	0.467149730214582	0.715763054324768	0.467149730214582	0.715763054324768	0.0001897014523714	0.0158964558365635	0.0	0.0	1.0	True		1.13111165632971	0.859672060177076	1.40255125248235	3.2043178301940795e-11	1.05553999112276e-10	4.19481641031344e-10	True	True	True	True		0.679264060217897	0.524273042847133	0.834255077588662	1.6990049833552202e-15	2.0459848743221303e-15	6.2665987121924006e-15	True	True	True	C1orf198	current_symbol	current symbol present in frozen matrix	True	True	True	True
8608	RDH16	discovery robust		5	144	-2.07466162682918	-2.52571440140474	-1.62360885225361	-2.8228181845781	-1.32650506908025	0.0002166543654652	0.0160917557752165	31.805581865625	0.0462194740448766	1.0	True		-4.08932421438094	-4.9504574698057	-3.22819095895619	4.885735294764889e-13	2.64591755151776e-12	1.0450267419417198e-11	True	True	True	True		-3.24022159173835	-3.62211272732154	-2.85833045615516	5.44977530740566e-40	3.10637192522123e-39	1.55102208123855e-38	True	True	True	RDH16	current_symbol	current symbol present in frozen matrix	True	True	True	True
10196	PRMT3	discovery robust		5	144	0.756697587960157	0.592488240528137	0.920906935392177	0.466589970893443	1.04680520502687	0.0002150866031125	0.0160917557752165	32.8947681676467	0.0074199423794538	1.0	True		0.755058886768172	0.58083468358649	0.929283089949855	9.539163925590009e-12	3.6982623996314795e-11	1.4133314730628301e-10	True	True	True	True		0.581695986243138	0.505013645582075	0.658378326904201	1.5530820528194298e-34	5.65057512834303e-34	2.6068340822388898e-33	True	True	True	PRMT3	current_symbol	current symbol present in frozen matrix	True	True	True	True
2992	GYG1	discovery robust		5	144	0.599235823873143	0.468226757932996	0.730244889813291	0.468035505949914	0.730436141796373	0.0002214454622446	0.0161863061638947	0.0425795304471153	6.50542979852963e-06	1.0	True		0.263282391203205	0.0521953711062033	0.474369411300206	0.0154914236780763	0.0164718935311191	0.0261367694534096	True	True	True	True		0.330591348313801	0.220615063946678	0.440567632680925	1.3143975128226e-08	1.36219378601615e-08	2.94688775088692e-08	True	True	True	GYG1	current_symbol	current symbol present in frozen matrix	True	True	True	True
51001	MTERF3	discovery robust		5	144	0.609931400781456	0.476475395760611	0.743387405802301	0.464470478984325	0.755392322578587	0.0002221531095408	0.0161863061638947	3.02129046013641	0.0004343660191688	1.0	True		0.53940581102654	0.323553541638569	0.755258080414511	6.44863693620581e-06	8.46383597877013e-06	2.27657967328465e-05	True	True	True	True		0.571073028162909	0.469585291948319	0.672560764377498	1.2167412280256299e-22	2.0806274999238298e-22	7.71293579625945e-22	True	True	True	MTERFD1	historical_symbol_harmonized	Entrez-linked historical alias in frozen matrix	True	True	True	True
558	AXL	discovery robust		6	167	-0.663996336227251	-0.845914021348839	-0.482078651105662	-0.921163643241125	-0.406829029213376	0.0002318660182457	0.0162013228557696	21.6106605835271	0.0050002307496083	1.0	True		-1.28328186917273	-1.63856017158405	-0.928003566761401	1.9001986657361703e-09	4.6265706644011105e-09	1.54392374205663e-08	True	True	True	True		-1.16901679848567	-1.36531022974869	-0.97272336722266	1.31712633980199e-24	2.47503960556198e-24	9.65909285872981e-24	True	True	True	AXL	current_symbol	current symbol present in frozen matrix	True	True	True	True
6303	SAT1	discovery robust		5	144	-0.589452475647762	-0.720664616511786	-0.458240334783738	-0.720664616511786	-0.458240334783738	0.000237635041047	0.0162013228557696	0.0	0.0	1.0	True		-0.862170850927237	-1.16266187543301	-0.561679826421462	4.53006259353675e-07	6.73496031605464e-07	2.09163049327647e-06	True	True	True	True		-0.990146788314438	-1.10696732747544	-0.873326249153439	6.16419616335831e-40	3.38787986329975e-39	1.74408901095721e-38	True	True	True	SAT1	current_symbol	current symbol present in frozen matrix	True	True	True	True
54923	LIME1	discovery robust		5	144	-0.788276754796344	-0.964032411199127	-0.612521098393561	-0.964032411199127	-0.612521098393561	0.0002391513562803	0.0162013228557696	0.0	0.0	1.0	True		0.329204078583833	-0.105096243355667	0.763504400523334	0.134332898961428	0.137609311131219	0.18073817986071	False	False	False	True		-1.07298875102209	-1.2459922830457	-0.899985218998483	4.2713154524007597e-26	8.69517788524441e-26	3.527215718055e-25	True	True	True	LIME1	current_symbol	current symbol present in frozen matrix	True	False	False	False
55651	NHP2	discovery robust		5	144	0.774181886892765	0.601935363803416	0.946428409982115	0.490452930231568	1.05791084355396	0.0002371688334708	0.0162013228557696	39.9051479344058	0.0065943158828929	1.0	True		0.774190185467236	0.590128939217227	0.958251431717244	2.4104397341378296e-11	8.09907750670311e-11	3.24787047481893e-10	True	True	True	True		0.645917861017663	0.548428405898664	0.743407316136663	1.14048945175579e-28	2.7086624479200003e-28	1.1727891795871299e-27	True	True	True	NHP2	current_symbol	current symbol present in frozen matrix	True	True	True	True
84836	ABHD14B	discovery robust		5	144	-0.736171904354579	-0.901310656717893	-0.571033151991265	-1.01018567601081	-0.462158132698347	0.0002449101307929	0.0162366345970167	29.7995984736449	0.006202481045846	1.0	True		-0.584704325983693	-0.806610387270819	-0.362798264696568	2.4565820755413e-06	3.38283433353229e-06	9.57736692150154e-06	True	True	True	True		-0.62503523446428	-0.750912849582768	-0.499157619345791	9.07821784682267e-19	1.2724387309890799e-18	4.2386188176009396e-18	True	True	True	ABHD14B	current_symbol	current symbol present in frozen matrix	True	True	True	True
9775	EIF4A3	discovery robust		5	144	0.597178837759451	0.462105900963148	0.732251774555755	0.362742691827921	0.831614983690982	0.000252973933647	0.0164663033173916	32.5182371774029	0.0047629118642559	1.0	True		0.34559221139544	0.185234258389519	0.50595016440136	6.87946125067559e-05	8.19680489442198e-05	0.0001928244267845	True	True	True	True		0.390597311547751	0.313005266949629	0.468189356145872	3.65907655777208e-19	5.21418409482522e-19	1.7584829556136797e-18	True	True	True	EIF4A3	current_symbol	current symbol present in frozen matrix	True	True	True	True
3426	CFI	discovery robust		5	144	-1.08237328846576	-1.3294004203139	-0.835346156617624	-1.33865563265063	-0.82609094428089	0.0002620297279718	0.0166669859421557	1.59543757857712	0.0006042870839279	1.0	True		-1.66749665380641	-2.06164223824558	-1.27335106936724	2.0167363786758e-11	6.914524726888459e-11	2.76497736260306e-10	True	True	True	True		-1.40883941486587	-1.63374266560014	-1.18393616413159	1.79644247220851e-26	3.7924896635513004e-26	1.53089172895866e-25	True	True	True	CFI	current_symbol	current symbol present in frozen matrix	True	True	True	True
79022	TMEM106C	discovery robust		5	144	0.797697668548606	0.614751701938135	0.980643635159076	0.492961551940379	1.10243378515683	0.0002670739166221	0.0166669859421557	30.8402973443039	0.0077049670082915	1.0	True		1.31652857030718	1.08262432543195	1.55043281518242	1.15531874608573e-15	1.29395699561602e-14	5.12431320324769e-14	True	True	True	True		1.39891412795204	1.26456731584222	1.53326094006186	2.53947345975746e-51	4.82499957353917e-50	2.3742236650573e-49	True	True	True	TMEM106C	current_symbol	current symbol present in frozen matrix	True	True	True	True
197	AHSG	discovery robust		6	167	-0.602227522429967	-0.774483814787996	-0.429971230071937	-0.774483814787996	-0.429971230071937	0.0002846207207288	0.0167064636610921	0.0	0.0	1.0	True		-3.96593009930937	-5.22497408722253	-2.70688611139621	5.79007501201854e-08	1.02392905475696e-07	3.30015305654075e-07	True	True	True	True		-2.87149377747441	-3.40686013110776	-2.33612742384105	4.39745630481303e-21	6.9626391492873e-21	2.46892868775882e-20	True	True	True	AHSG	current_symbol	current symbol present in frozen matrix	True	True	True	True
65265	C8orf33	discovery robust		5	144	0.910760759971173	0.696736856133563	1.12478466380878	0.538925108170669	1.28259641177168	0.0002937414750806	0.0167986338784165	39.5752386002209	0.0119937409862634	1.0	True		1.13806462617335	0.926220289993019	1.34990896235369	6.472061553406181e-15	6.0405907831791e-14	2.31883450209795e-13	True	True	True	True		1.18553269318903	1.06413286077233	1.30693252560573	1.37352150145213e-47	1.6776584053451001e-46	8.950088086735041e-46	True	True	True	C8orf33	current_symbol	current symbol present in frozen matrix	True	True	True	True
9897	WASHC5	discovery robust		5	144	0.979393177553494	0.742475596452376	1.21631075865461	0.533230580796247	1.42555577431074	0.0003289205062145	0.0173036601171592	44.3663664795679	0.0185416603824907	1.0	True		0.751356862788205	0.554537603876241	0.948176121700169	4.16515714252489e-10	1.0765329229910501e-09	4.0205835623003805e-09	True	True	True	True		0.858997692257321	0.753784239198548	0.964211145316095	4.69831905989633e-38	2.11424357695335e-37	1.1239378092234099e-36	True	True	True	KIAA0196	historical_symbol_harmonized	Entrez-linked historical alias in frozen matrix	True	True	True	True
283377	SPRYD4	discovery robust		5	144	-0.93828132567924	-1.16554489674026	-0.711017754618223	-1.34199781271399	-0.534564838644491	0.0003305691318361	0.0173036601171592	43.2921420567231	0.0144432953116998	1.0	True		-1.40472500330778	-1.71315000708539	-1.09629999953017	1.9476509130263997e-12	9.08903759412321e-12	3.44958940557176e-11	True	True	True	True		-1.15586754070345	-1.30037662801362	-1.01135845339328	4.75929342680141e-37	2.0345979399576e-36	1.0132739899767601e-35	True	True	True	SPRYD4	current_symbol	current symbol present in frozen matrix	True	True	True	True
28968	SLC6A16	discovery robust		6	167	-0.694519309673792	-0.902385524224186	-0.486653095123398	-1.05394433933012	-0.335094280017458	0.0003528155883633	0.017723721358359	41.4772912531295	0.0130114115281414	1.0	True		-1.05949090838965	-1.42659032620645	-0.692391490572842	4.00541247276921e-07	6.11735723113842e-07	1.87090974169867e-06	True	True	True	True		-0.877207194993221	-1.05875872339286	-0.695655666593584	5.273930443579549e-18	7.272920208484701e-18	2.32444490718731e-17	True	True	True	SLC6A16	current_symbol	current symbol present in frozen matrix	True	True	True	True
286410	ATP11C	discovery robust		5	144	-0.590052838254415	-0.735121521350842	-0.444984155157987	-0.834732975266188	-0.345372701242642	0.0003503946424042	0.017723721358359	28.8365921528533	0.0050363500243996	1.0	True		-1.4055676182932	-1.76414472841596	-1.04699050817043	1.96007464617795e-10	5.488209009298271e-10	2.04184223121811e-09	True	True	True	True		-0.963835431208155	-1.12423570349662	-0.803435158919695	6.27446721105625e-25	1.21924306033025e-24	4.72489353834909e-24	True	True	True	ATP11C	current_symbol	current symbol present in frozen matrix	True	True	True	True
23316	CUX2	discovery robust		5	144	-1.04737220622225	-1.30874306800778	-0.786001344436724	-1.32312603027877	-0.771618382165735	0.0003713506957795	0.0179169203624088	1.86729837360708	0.001002178938559	1.0	True		-1.28728362887817	-1.91622439105389	-0.65834286670245	0.0001411579863074	0.0001635485634458	0.0003708239247677	True	True	True	True		-1.10828352651696	-1.42248515419352	-0.794081898840404	4.7976445075272894e-11	5.1597308854538795e-11	1.29460142434712e-10	True	True	True	CUX2	current_symbol	current symbol present in frozen matrix	True	True	True	True
3015	H2AZ1	discovery robust		5	144	1.07055431874681	0.799262011034682	1.34184662645894	0.568756881355797	1.57235175613783	0.0003942458906342	0.0179567466726547	45.383493310868	0.0231170453373901	1.0	True		0.877320382776978	0.686582373450496	1.06805839210346	1.41086691706451e-12	6.97134241373051e-12	2.6018778940493496e-11	True	True	True	True		0.89160748480835	0.778102890047344	1.00511207956936	3.5397515532437094e-36	1.4076686409411e-35	6.89877258911636e-35	True	True	True	H2AFZ	historical_symbol_harmonized	Entrez-linked historical alias in frozen matrix	True	True	True	True
282969	FUOM	discovery robust		5	144	-0.747916363366092	-0.938376603871243	-0.55745612286094	-0.9384014156877	-0.557431311044483	0.0004018164435715	0.018117164584208	0.0044780885448038	1.22614826805638e-06	1.0	True		-1.07280629665226	-1.46333315211932	-0.682279441185196	1.09773148667225e-06	1.57622982701656e-06	4.63891548902225e-06	True	True	True	True		-0.827161088315389	-1.00781796052155	-0.646504216109233	1.40448229085096e-16	1.74033675170662e-16	5.61357822693898e-16	True	True	True	C10orf125	historical_symbol_harmonized	Entrez-linked historical alias in frozen matrix	True	True	True	True
51312	SLC25A37	discovery robust		5	144	-0.661389062134244	-0.830306069979555	-0.492472054288933	-0.943024301173016	-0.379753823095472	0.0004063966877154	0.0181252972389415	37.6942739861053	0.0065881145611758	1.0	True		-0.890389041936009	-1.12684922400693	-0.65392885986509	6.11310769242685e-10	1.5328389437727e-09	5.577676406778971e-09	True	True	True	True		-0.862269658067538	-0.991166954274896	-0.733372361860181	4.63798598347156e-29	1.11703606080794e-28	4.92369406133435e-28	True	True	True	SLC25A37	current_symbol	current symbol present in frozen matrix	True	True	True	True
3033	HADH	discovery robust		5	144	-0.688243040524525	-0.866235890326164	-0.510250190722885	-0.866235890326164	-0.510250190722885	0.0004267026553203	0.01826882088407	0.0	0.0	1.0	True		-0.930009150597514	-1.21276929707406	-0.647249004120972	2.07421251728289e-08	3.90794472147913e-08	1.29592758911007e-07	True	True	True	True		-0.797373933059571	-0.952527918048137	-0.642219948071006	8.99915661906532e-20	1.3381354624871e-19	4.51427366637561e-19	True	True	True	HADH	current_symbol	current symbol present in frozen matrix	True	True	True	True
10613	ERLIN1	discovery robust		5	144	-0.63997475519628	-0.805486799455607	-0.474462710936953	-0.939321833223227	-0.340627677169334	0.0004267256980642	0.01826882088407	40.0662291868762	0.0080707331547407	1.0	True		-1.53874738747564	-1.83823399795293	-1.23926077699834	3.21561930352891e-14	2.70112021496428e-13	9.626568152074979e-13	True	True	True	True		-1.04738056621662	-1.17667305834729	-0.918088074085955	1.13951086842067e-37	4.99631688461371e-37	2.6129092223394698e-36	True	True	True	ERLIN1	current_symbol	current symbol present in frozen matrix	True	True	True	True
84879	MFSD2A	discovery robust		5	144	-1.29574681698132	-1.63609461721318	-0.955399016749473	-1.63619941152549	-0.955294222437155	0.000453239020421	0.0186947600647271	0.0263381975183472	9.25506191798311e-06	1.0	True		-4.17484076421775	-5.03317886501448	-3.31650266342101	2.16955669689399e-13	1.40186740414689e-12	5.0851420962977996e-12	True	True	True	True		-3.71490665453228	-4.09133570662571	-3.33847760243885	3.4420704233212696e-48	4.90495035323281e-47	2.37061882215432e-46	True	True	True	MFSD2A	current_symbol	current symbol present in frozen matrix	True	True	True	True
54463	RETREG1	discovery robust		5	144	-1.08421507028959	-1.36972658137131	-0.798703559207873	-1.36973165714206	-0.798698483437128	0.0004577422310863	0.018706817206495	0.0014074856312222	3.75994328845405e-07	1.0	True		-2.94231569875588	-3.69534194149229	-2.18928945601947	2.14925885701013e-10	5.73135695202701e-10	2.22559166165394e-09	True	True	True	True		-2.1958606018575	-2.53004599711369	-1.86167520660131	2.4584491069193297e-28	5.68101077409737e-28	2.46520028840465e-27	True	True	True	FAM134B	historical_symbol_harmonized	Entrez-linked historical alias in frozen matrix	True	True	True	True
5345	SERPINF2	discovery robust		6	167	-1.10609646378763	-1.45799133653481	-0.754201591040456	-1.62350091317755	-0.588692014397713	0.0004704246397216	0.018880247642639	37.4276879571021	0.0217735678986389	0.833333333333333	True		-2.73534110591853	-3.53789040341651	-1.93279180842054	8.583885259902311e-09	1.71677705198046e-08	5.91019751601981e-08	True	True	True	True		-1.94708842623066	-2.30882679288814	-1.58535005957319	3.40067380963922e-21	5.4635962837698905e-21	1.92548976705523e-20	True	True	True	SERPINF2	current_symbol	current symbol present in frozen matrix	True	True	True	True
4547	MTTP	discovery robust		5	144	-1.19685429835727	-1.51710722872492	-0.87660136798962	-1.77363610081631	-0.620072495898234	0.0004870548702438	0.0189508407128152	33.7181049778432	0.029851580392277	1.0	True		-2.03447497396099	-2.81301923834056	-1.25593070958141	2.86906117389627e-06	3.88711513882721e-06	1.09965460953963e-05	True	True	True	True		-1.45909554689795	-1.81347552726404	-1.10471556653186	4.58916312138334e-14	5.3384142432418404e-14	1.54137580506997e-13	True	True	True	MTTP	current_symbol	current symbol present in frozen matrix	True	True	True	True
8631	SKAP1	discovery robust		5	144	-0.950647591317242	-1.20553316738359	-0.695762015250898	-1.44960680884074	-0.451688373793742	0.0004908724954194	0.0189508407128152	49.3915313532484	0.0238684731300157	1.0	True		-1.97999670064744	-2.46043346694259	-1.49955993435229	4.47760877018619e-11	1.446612064214e-10	5.59058377311046e-10	True	True	True	True		-1.54403101804312	-1.75505022184536	-1.33301181424087	6.80231320216911e-33	2.28077560308023e-32	9.94298847443948e-32	True	True	True	SKAP1	current_symbol	current symbol present in frozen matrix	True	True	True	True
55246	CCDC25	discovery robust		5	144	-0.594829067747415	-0.754699523724166	-0.434958611770664	-0.816367915535714	-0.373290219959116	0.0004954999352659	0.0189508407128152	16.1255299140829	0.0030512354628499	1.0	True		-1.0290305632152	-1.29211635952348	-0.76594476690692	2.08591800320352e-10	5.6521649119063e-10	2.16716776218696e-09	True	True	True	True		-0.767620245995422	-0.873801576132633	-0.661438915858212	2.33659284934463e-32	7.00977854803389e-32	3.26642494275826e-31	True	True	True	CCDC25	current_symbol	current symbol present in frozen matrix	True	True	True	True
126382	NR2C2AP	discovery robust		5	144	0.60502833523762	0.44379602453064	0.7662606459446	0.443679601114134	0.766377069361106	0.0004793883960056	0.0189508407128152	0.0441445871686039	4.87192957238996e-06	1.0	True		1.16604811974351	0.936932208970409	1.3951640305166	4.49996988245166e-14	3.59997590596133e-13	1.2694779900818999e-12	True	True	True	True		1.10767313825848	0.989603589671839	1.22574268684512	2.44728540089357e-45	2.092429017764e-44	1.21131238781313e-43	True	True	True	NR2C2AP	current_symbol	current symbol present in frozen matrix	True	True	True	True
154467	CCDC167	discovery robust		5	144	0.592316425299329	0.433152785874949	0.751480064723709	0.292075082983053	0.892557767615605	0.000495119675329	0.0189508407128152	39.9092594213181	0.0084076746504983	1.0	True		0.689758863988373	0.435588536503637	0.943929191473109	1.39551293483242e-06	1.97013590799871e-06	5.76201108140065e-06	True	True	True	True		0.69137876042336	0.575993665231783	0.806763855614937	7.94480064050391e-25	1.50951212169574e-24	5.93987367324087e-24	True	True	True	CCDC167	current_symbol	current symbol present in frozen matrix	True	True	True	True
140809	SRXN1	discovery robust		5	144	1.1520181734584	0.841444921395107	1.46259142552168	0.596703538261768	1.70733280865502	0.0005014153497313	0.019055912442021	41.3944428043262	0.0274910224271944	1.0	False	filtered_low_expression_before_voom								False	False	True		1.33972563753442	1.15623619973821	1.52321507533063	8.47686302310685e-33	2.78758380182937e-32	1.22885940139466e-31	True	True	True	SRXN1	current_symbol	current symbol present in frozen matrix	False			
126	ADH1C	discovery robust		5	144	-1.87016915563914	-2.38046214309854	-1.35987616817973	-2.38046214309854	-1.35987616817973	0.0005254012630185	0.0192060376209246	0.0	0.0	1.0	True		-4.56505552072862	-5.52725752515443	-3.60285351630282	5.03984295527192e-13	2.64591755151776e-12	1.07505205927374e-11	True	True	True	True		-3.42268739808889	-3.91363641447851	-2.93173838169927	8.794625270211521e-31	2.3136629557018e-30	1.08133661279799e-29	True	True	True	ADH1C	current_symbol	current symbol present in frozen matrix	True	True	True	True
1559	CYP2C9	discovery robust		6	167	-1.7035066795717	-2.26220300045096	-1.14481035869243	-2.46474973685391	-0.942263622289488	0.0005424957292697	0.0192060376209246	30.6376567941775	0.0404591138625438	0.833333333333333	True		-3.81980991350441	-4.54573924900652	-3.09388057800229	1.37153193259008e-14	1.21272297197439e-13	4.53997367200061e-13	True	True	True	True		-3.57326301995326	-3.96991142608343	-3.1766146138231	3.96116853743743e-43	2.94504269522522e-42	1.5424646821937e-41	True	True	True	CYP2C9	current_symbol	current symbol present in frozen matrix	True	True	True	True
5860	QDPR	discovery robust		6	167	-0.667815668334347	-0.884772596270419	-0.450858740398275	-0.918375952161629	-0.417255384507065	0.0005189674420116	0.0192060376209246	9.08387155002267	0.0023774828178415	0.833333333333333	True		-1.15524100131926	-1.46848908841309	-0.841992914225427	1.08404756839758e-09	2.6782351689822703e-09	9.37731092729335e-09	True	True	True	True		-0.994306840933443	-1.16429077350927	-0.824322908357617	5.70984011551223e-24	1.03870495718361e-23	3.98782157183357e-23	True	True	True	QDPR	current_symbol	current symbol present in frozen matrix	True	True	True	True
28970	C11orf54	discovery robust		5	144	-0.662489101516232	-0.846135085270805	-0.478843117761659	-0.846146733289117	-0.478831469743347	0.000558575067885	0.0192060376209246	0.0034731376992489	5.55007773139401e-07	1.0	True		-1.19997001336922	-1.49550587385239	-0.904434152886047	6.991304125790279e-11	2.17507239469031e-10	8.23648221952584e-10	True	True	True	True		-0.953085991592784	-1.09474279544861	-0.811429187736956	2.69848295614234e-29	6.59200836429057e-29	2.91915822527796e-28	True	True	True	C11orf54	current_symbol	current symbol present in frozen matrix	True	True	True	True
29901	SAC3D1	discovery robust		5	144	0.654563768463305	0.472937165455783	0.836190371470828	0.472889903915643	0.836237633010968	0.0005606945242361	0.0192060376209246	0.0174936812504038	2.22738681509039e-06	1.0	True		1.22780079388787	1.00324043060027	1.45236115717547	3.3949449143664104e-15	3.3550043859621e-14	1.29962475609376e-13	True	True	True	True		1.22721834631047	1.09731858775578	1.35711810486517	1.00145680476852e-45	9.013111242916681e-45	5.1821373108784e-44	True	True	True	SAC3D1	current_symbol	current symbol present in frozen matrix	True	True	True	True
54499	TMCO1	discovery robust		5	144	0.645041987810784	0.467440506803598	0.82264346881797	0.350477457294391	0.939606518327176	0.0005441011174704	0.0192060376209246	41.5769479973744	0.0071641591005341	1.0	True		0.594401978783374	0.390076181383017	0.79872777618373	3.38783987083592e-07	5.31922521776108e-07	1.61767029148149e-06	True	True	True	True		0.612409967037284	0.529365140359515	0.695454793715052	3.0317734745672398e-33	1.08006930031458e-32	4.56689116780305e-32	True	True	True	TMCO1	current_symbol	current symbol present in frozen matrix	True	True	True	True
54566	EPB41L4B	discovery robust		5	144	-0.623040729203138	-0.795021989907489	-0.451059468498788	-0.881063007926963	-0.365018450479313	0.0005494951627851	0.0192060376209246	36.2718672705236	0.0047995374879825	1.0	True		-2.1170231645339	-2.59044724758443	-1.64359908148337	3.52726849159179e-12	1.48145276646855e-11	5.837890356538339e-11	True	True	True	True		-1.37446828607222	-1.59058406959062	-1.15835250255382	4.71908247265149e-27	1.03456808054283e-26	4.22035134441887e-26	True	True	True	EPB41L4B	current_symbol	current symbol present in frozen matrix	True	True	True	True
79720	VPS37B	discovery robust		5	144	-0.621133147275241	-0.790723543322266	-0.451542751228217	-0.790803930155749	-0.451462364394734	0.0005267056045739	0.0192060376209246	0.021408631276203	3.53786214419923e-06	1.0	True		-0.597154221404358	-0.884845218174511	-0.309463224634205	0.0001166885938151	0.0001361366927842	0.0003121998143136	True	True	True	True		-0.500304174791671	-0.649012115026217	-0.351596234557125	2.94145702014294e-10	3.10487129903977e-10	7.44228235204946e-10	True	True	True	VPS37B	current_symbol	current symbol present in frozen matrix	True	True	True	True
112483	SAT2	discovery robust		5	144	-0.723303635675324	-0.923765717533043	-0.522841553817606	-1.12908669322442	-0.31752057812623	0.0005581215279285	0.0192060376209246	45.748245603239	0.0161474298556013	1.0	True		-1.16397977282904	-1.43380736841713	-0.894152177240951	1.10295377621508e-11	4.0281790087855e-11	1.6049207503902901e-10	True	True	True	True		-0.908871197818234	-1.05540703351643	-0.762335362120039	4.25578368086603e-26	8.69517788524441e-26	3.5182478246817704e-25	True	True	True	SAT2	current_symbol	current symbol present in frozen matrix	True	True	True	True
134526	ACOT12	discovery robust		5	144	-1.1225130085351	-1.43020924475654	-0.814816772313653	-1.43020924475654	-0.814816772313653	0.0005348241319982	0.0192060376209246	0.0	0.0	1.0	True		-1.9771756264597	-2.53822697980331	-1.41612427311609	3.6442499349776305e-09	8.38676697364716e-09	2.7684629418702e-08	True	True	True	True		-1.40819606148935	-1.6742356118469	-1.1421565111318	1.1387187728901301e-20	1.75424243391182e-20	6.16824870561172e-20	True	True	True	ACOT12	current_symbol	current symbol present in frozen matrix	True	True	True	True
2184	FAH	discovery robust		6	167	-0.662421061517516	-0.881642385620375	-0.443199737414658	-0.884097776673899	-0.440744346361134	0.0005658516836915	0.0192928478820556	0.66424822989672	0.0001638309568698	0.833333333333333	True		-1.12198618365254	-1.40259872594145	-0.841373641363623	1.10111140190674e-10	3.30333420572021e-10	1.22705346759102e-09	True	True	True	True		-1.12129574099629	-1.2993249031916	-0.943266578800982	1.1145849162909199e-26	2.4125825403259198e-26	9.68592810281912e-26	True	True	True	FAH	current_symbol	current symbol present in frozen matrix	True	True	True	True
9510	ADAMTS1	discovery robust		6	167	-0.64355756699782	-0.857760402892607	-0.429354731103033	-0.857782379499126	-0.429332754496514	0.0005811999010502	0.019337320127881	0.0035185352141924	1.42487003619209e-06	0.833333333333333	True		-1.57124978506832	-1.91570703636877	-1.22679253376788	1.85231682688531e-12	8.8911207690495e-12	3.3106991505186494e-11	True	True	True	True		-1.39392322249267	-1.64175608644303	-1.14609035854231	1.26027320590522e-22	2.13372988326527e-22	7.981042982291769e-22	True	True	True	ADAMTS1	current_symbol	current symbol present in frozen matrix	True	True	True	True
2617	GARS1	discovery robust		5	144	0.657003125652263	0.470964967796878	0.843041283507647	0.421043065999958	0.892963185304568	0.0006064607592618	0.0196395017563344	17.3433250367266	0.0027328988367385	1.0	True		0.740974244499041	0.552646247422213	0.929302241575868	1.76002805819142e-10	5.09801230648548e-10	1.8531781645664401e-09	True	True	True	True		0.622532973811873	0.525255130555128	0.719810817068619	2.7092972273038798e-27	6.01675098531122e-27	2.47209001603074e-26	True	True	True	GARS	historical_symbol_harmonized	Entrez-linked historical symbol selected over ambiguous SMAD1 alias	True	True	True	True
7429	VIL1	discovery robust		6	167	0.613510247032336	0.405124532640187	0.821895961424485	0.405124532640187	0.821895961424485	0.0006388285036499	0.0197605699195567	0.0	0.0	1.0	True		0.459066282408923	-0.25364502937953	1.17177759419738	0.20194374804054	0.205615452550368	0.258869597434971	True	False	False	True		0.742727888860196	0.376552377177904	1.10890340054249	8.90558587270699e-05	9.01097742149642e-05	0.0001472445992263	True	True	True	VIL1	current_symbol	current symbol present in frozen matrix	True	True	False	False
10430	TMEM147	discovery robust		5	144	0.785625996404182	0.560685387780328	1.01056660502804	0.453999549643619	1.11725244316474	0.0006330281079524	0.0197605699195567	30.5528629131384	0.0077027550400274	1.0	True		0.659432522974297	0.44403984580516	0.874825200143433	1.10969945362497e-07	1.88312634554541e-07	5.91978342262562e-07	True	True	True	True		0.649588241814775	0.565616468236472	0.733560015393078	1.8900080504834302e-35	7.18203059183703e-35	3.4736301805323696e-34	True	True	True	TMEM147	current_symbol	current symbol present in frozen matrix	True	True	True	True
10247	RIDA	discovery robust		5	144	-0.922277551263526	-1.18945280252434	-0.655102300002711	-1.41573781531444	-0.428817287212613	0.0006622972310768	0.0201275389410464	45.8475509045109	0.0223282254180869	1.0	True		-1.77908564996862	-2.28625306254668	-1.27191823739056	4.10758309391088e-09	9.20098613036037e-09	3.07273905883243e-08	True	True	True	True		-1.74207671931398	-1.98620932848764	-1.49794411014032	8.71918901197358e-32	2.48496886841247e-31	1.1669603385112399e-30	True	True	True	HRSP12	historical_symbol_harmonized	Entrez-linked historical alias in frozen matrix	True	True	True	True
81691	REXO5	discovery robust		5	144	0.612057028194709	0.433451663598976	0.790662392790442	0.332278113887597	0.891835942501821	0.0006812091485186	0.0201881519180196	35.1704009549515	0.0060161481111553	1.0	True		1.09113736532541	0.780330257914421	1.4019444727364	4.0241748998607504e-09	9.1359646375217e-09	3.01322364452988e-08	True	True	True	False	absent_after_identifier_harmonization								False	False	REXO5	unmapped		False			
84933	C8orf76	discovery robust		5	144	0.682594614483162	0.481714449492213	0.883474779474111	0.339091741015045	1.02609748795128	0.0007037910935747	0.0202537951366368	35.953705297721	0.0100719852837863	1.0	True		0.676758620677416	0.359006297304914	0.994510944049916	8.14704332091117e-05	9.6387554782611e-05	0.0002249704713853	True	True	True	True		0.838550772684553	0.737823745917553	0.939277799451553	5.01028113113741e-39	2.37988353729027e-38	1.29804512357299e-37	True	True	True	C8orf76	current_symbol	current symbol present in frozen matrix	True	True	True	True
133686	NADK2	discovery robust		5	144	-0.714056252356545	-0.922985633695168	-0.505126871017923	-0.923032119421001	-0.505080385292089	0.0006882931122214	0.0202537951366368	0.0126110609837664	2.52010861797197e-06	1.0	True		-1.32342255748646	-1.71083817664199	-0.936006938330926	8.10762269324938e-09	1.64106097887457e-08	5.63181226744479e-08	True	True	True	True		-1.00436420010099	-1.19183750504007	-0.816890895161908	4.7845117556947e-21	7.50597715801646e-21	2.6784684989285402e-20	True	True	True	NADKD1	historical_symbol_harmonized	Entrez-linked historical alias in frozen matrix	True	True	True	True
432	ASGR1	discovery robust		6	167	-0.622313697795153	-0.838312410942488	-0.406314984647818	-0.838328440720061	-0.406298954870245	0.0007064079530368	0.0202639460887176	0.0046538369338358	1.04800149346975e-06	0.833333333333333	True		-1.53350817078554	-2.14175266626913	-0.925263675301957	5.51193565781404e-06	7.29137945285637e-06	1.98014261257891e-05	True	True	True	True		-1.56816840420713	-1.89943119678005	-1.23690561163421	1.88994859258383e-17	2.52485319790496e-17	8.01581746926908e-17	True	True	True	ASGR1	current_symbol	current symbol present in frozen matrix	True	True	True	True
130	ADH6	discovery robust		6	167	-1.18143324900199	-1.59341926314829	-0.769447234855687	-1.84316517987134	-0.519701318132642	0.0007219056906098	0.0204871019546206	47.5714066466307	0.0405812797982092	0.833333333333333	True		-2.56474188151021	-3.21968546117779	-1.90979830184264	2.01672446689914e-10	5.55425754818125e-10	2.09945844270212e-09	True	True	True	True		-1.91708872907929	-2.26936017056183	-1.56481728759674	1.51712547376119e-21	2.4945043847419602e-21	8.851651882333551e-21	True	True	True	ADH6	current_symbol	current symbol present in frozen matrix	True	True	True	True
79183	TTPAL	discovery robust		5	144	-0.748533909451777	-0.970274438103584	-0.52679338079997	-1.10373416543785	-0.393333653465707	0.0007218851346088	0.0204871019546206	31.2100282153984	0.0099885694063879	1.0	True		-1.06975896324542	-1.42727811547908	-0.712239811011755	1.84579121762514e-07	3.01061091806819e-07	9.32554374186403e-07	True	True	True	True		-0.618521859259048	-0.743488008515901	-0.493555710002195	1.12016266038093e-18	1.5572993083344599e-18	5.1974365778835e-18	True	True	True	TTPAL	current_symbol	current symbol present in frozen matrix	True	True	True	True
92840	REEP6	discovery robust		5	144	-0.938662779586642	-1.21698034223858	-0.660345216934706	-1.21701310538775	-0.660312453785537	0.0007244358083739	0.0205180395093244	0.0046381531183652	2.36593945324842e-06	1.0	True		-1.71575014739625	-2.2807916486259	-1.1507086461666	1.33361545218078e-07	2.21829104917198e-07	6.98341710193793e-07	True	True	True	True		-1.28499168815355	-1.53290050249995	-1.03708287380714	4.98793292772666e-20	7.54811089063061e-20	2.5680092032533703e-19	True	True	True	REEP6	current_symbol	current symbol present in frozen matrix	True	True	True	True
5476	CTSA	discovery robust		5	144	0.70055492538819	0.492524872279093	0.908584978497286	0.318182085716588	1.08292776505979	0.0007286452606689	0.0205243490286644	38.3763222463742	0.0133528594427379	1.0	True		0.881754911907461	0.685986803405846	1.07752302040908	2.79579911677019e-12	1.20434423491639e-11	4.7683907158247196e-11	True	True	True	True		0.82671570898685	0.729153950272458	0.924277467701243	6.339892141847479e-40	3.38787986329975e-39	1.79118149811933e-38	True	True	True	CTSA	current_symbol	current symbol present in frozen matrix	True	True	True	True
170712	COX7B2	discovery robust		5	144	1.28182303563469	0.898950720343754	1.66469535092563	0.898950720343754	1.66469535092563	0.0007452648363999	0.0206186098478502	0.0	0.0	1.0	False	filtered_low_expression_before_voom								False	False	False	filtered_low_expression_before_voom								False	False	COX7B2	current_symbol	current symbol present in frozen matrix	False			
1647	GADD45A	discovery robust		6	167	-0.884609656029625	-1.19680274398745	-0.5724165680718	-1.35540080624218	-0.413818505817066	0.0007630776854187	0.0209174434440978	29.278903970355	0.0187926500972861	1.0	True		-0.965577837637323	-1.2963976601309	-0.63475801514375	3.15746610462084e-07	5.00428590166322e-07	1.5197186228112e-06	True	True	True	True		-1.21683740333954	-1.38412092617666	-1.04955388050242	1.2443405075869101e-32	3.86876775995203e-32	1.77201779568282e-31	True	True	True	GADD45A	current_symbol	current symbol present in frozen matrix	True	True	True	True
10130	PDIA6	discovery robust		5	144	0.691979499888907	0.480249278662235	0.903709721115579	0.269290954813036	1.11466804496478	0.0008176795736312	0.0214610914486807	48.031974673812	0.017361790237368	1.0	True		0.31896374734368	0.0444969979923066	0.593430496695053	0.0236019441635146	0.0247820413716903	0.038234416944454	True	True	True	True		0.447623377412503	0.354471510974633	0.540775243850374	7.4516640261251e-18	1.01938763877391e-17	3.2509480139224303e-17	True	True	True	PDIA6	current_symbol	current symbol present in frozen matrix	True	True	True	True
2147	F2	discovery robust		6	167	-0.723000723313057	-0.982197255764778	-0.463804190861336	-0.982225826407549	-0.463775620218565	0.0008205445392234	0.0215047543954605	0.0070122601179261	2.24150782948547e-06	0.833333333333333	True		-2.0753461415029	-2.8708630262431	-1.27982925676269	2.96000162336248e-06	3.97824218179918e-06	1.1314635111569e-05	True	True	True	True		-2.04575903124854	-2.512121097595	-1.57939696490209	1.61488111563974e-15	1.9584728423716002e-15	5.973393392770621e-15	True	True	True	F2	current_symbol	current symbol present in frozen matrix	True	True	True	True
2266	FGG	discovery robust		6	167	-0.609406612738417	-0.831241836732747	-0.387571388744087	-0.942547278758084	-0.276265946718751	0.0008804487185137	0.022197228255487	25.1968434932024	0.0093481924864133	1.0	True		-2.91388242741333	-3.76375482755301	-2.06401002727365	7.3865774315490105e-09	1.53203087469165e-08	5.18982982332879e-08	True	True	True	True		-2.35382220241899	-2.76758243119809	-1.94006197363988	5.2104374372921e-23	9.0916816507852e-23	3.39063872642616e-22	True	True	True	FGG	current_symbol	current symbol present in frozen matrix	True	True	True	True
144363	ETFRF1	discovery robust		5	144	-0.627337478422432	-0.825861146334204	-0.428813810510661	-0.964116681875367	-0.290558274969498	0.000930533657512	0.0226928507758394	42.609882918311	0.0096007225527447	1.0	True		-1.03586568282628	-1.27626898351911	-0.795462382133457	1.14302490871306e-11	4.08570605667648e-11	1.65400563731242e-10	True	True	True	True		-0.961047104054403	-1.08661779048738	-0.835476417621428	6.0052068694498e-35	2.23237037973025e-34	1.05270623681578e-33	True	True	True	LYRM5	historical_symbol_harmonized	Entrez-linked historical alias in frozen matrix	True	True	True	True
134548	SOWAHA	discovery robust		5	144	0.786257843673467	0.534862858035939	1.037652829311	0.534780297324901	1.03773539002203	0.0009680721057295	0.0231664314071635	0.0164987526018114	5.38583638981567e-06	1.0	True		1.59951790211451	1.13908007799722	2.05995572623179	5.282381747921091e-09	1.1377437610907e-08	3.85493005114851e-08	True	True	True	True		1.37062405764791	1.14948394779057	1.59176416750525	4.52453458823285e-26	9.10229899515079e-26	3.7276848823359e-25	True	True	True	ANKRD43	historical_symbol_harmonized	Entrez-linked historical alias in frozen matrix	True	True	True	True
8910	SGCE	discovery robust		6	167	0.822414031821415	0.515380828846092	1.12944723479674	0.512318659262852	1.13250940437998	0.0009889243202393	0.0232306369190073	0.369421674852318	0.0002859841907908	1.0	True		0.141245200936387	-0.428146272239343	0.710636674112117	0.620801612508636	0.620801612508636	0.67696690674521	True	False	False	True		0.72347411859099	0.493974201282766	0.952974035899215	2.87603027249378e-09	2.9987876621733902e-09	6.743374589722811e-09	True	True	True	SGCE	current_symbol	current symbol present in frozen matrix	True	True	False	False
203111	ERICH5	discovery robust		5	144	0.681837083571612	0.462771589239108	0.900902577904116	0.462771589239108	0.900902577904116	0.0009861871606069	0.0232306369190073	0.0	0.0	1.0	True		1.38784851425038	0.618100648249723	2.15759638025104	0.0006689482317343	0.0007442602843137	0.0015190315394147	True	True	True	True		1.16177490167209	0.8192164898483	1.50433331349589	2.18278257352215e-10	2.3328488754518004e-10	5.57889476299182e-10	True	True	True	C8orf47	historical_symbol_harmonized	Entrez-linked historical alias in frozen matrix	True	True	True	True
1548	CYP2A6	discovery robust		4	139	-2.54231700046073	-3.17116984960096	-1.91346415132051	-3.49404683242334	-1.59058716849813	0.00101339840872	0.023434351427024	29.2161143903515	0.0503885818202203	1.0	True		-5.43289309970276	-6.66370108964077	-4.20208510976475	5.3417996341848595e-12	2.1888349720562297e-11	8.448137057821449e-11	True	True	True	True		-4.61420070780127	-5.1531172132871	-4.07528420231544	1.86613580102709e-40	1.13967579277012e-39	5.50538508495079e-39	True	True	True	CYP2A6	current_symbol	current symbol present in frozen matrix	True	True	True	True
2160	F11	discovery robust		6	167	-0.809096291542939	-1.11480040305907	-0.503392180026811	-1.25755461780173	-0.360637965284149	0.0010448053491238	0.0235541760066957	39.6919635162287	0.0162926215068334	0.833333333333333	True		-1.53641221395856	-2.06540047323424	-1.00742395468288	3.50478903229133e-07	5.45189405023096e-07	1.66387149419604e-06	True	True	True	True		-2.13286296635176	-2.42854743292744	-1.83717849977608	2.92783590284561e-32	8.63206792045861e-32	4.0473148734122304e-31	True	True	True	F11	current_symbol	current symbol present in frozen matrix	True	True	True	True
284422	SMIM24	discovery robust		5	144	-1.81283727683259	-2.4095554043241	-1.21611914934108	-2.712911257097	-0.91276329656818	0.0010819311008791	0.0239592378310418	45.4400412816456	0.0589027648308019	1.0	True		-2.24558731777229	-3.42468657835135	-1.06648805719324	0.000353843929944	0.0004016606772338	0.0008497138667383	True	True	True	True		-3.271022003772	-3.68522881377351	-2.8568151937705	1.9703309457957598e-36	8.022061707882739e-36	3.9392370654943503e-35	True	True	True	C19orf77	historical_symbol_harmonized	Entrez-linked historical alias in frozen matrix	True	True	True	True
9761	MLEC	discovery robust		5	144	0.588682210733195	0.394013942753855	0.783350478712534	0.211517115161862	0.965847306304528	0.0011011768246714	0.0240086055561741	45.9275624138869	0.0135377542964325	1.0	True		0.648694222649195	0.455514521494813	0.841873923803577	1.24575530642418e-08	2.43356850557282e-08	8.25075754343629e-08	True	True	True	True		0.81174214926607	0.691349548070128	0.932134750462012	2.20644741138771e-29	5.46815228039563e-29	2.4057113663429e-28	True	True	True	MLEC	current_symbol	current symbol present in frozen matrix	True	True	True	True
187	APLNR	discovery robust		5	144	-0.636186170364772	-0.848659366131189	-0.423712974598355	-0.992588325907638	-0.279784014821906	0.0011436681158069	0.0243463972657534	32.6996134607519	0.0106215309991809	1.0	True		-0.643983241858287	-1.08167588767842	-0.206290596038157	0.0047149620138433	0.0051104104408108	0.008948140636454	True	True	True	True		-0.517994964870906	-0.745586931444246	-0.290402998297566	1.20820354296568e-05	1.22977860623292e-05	2.15069565553853e-05	True	True	True	APLNR	current_symbol	current symbol present in frozen matrix	True	True	True	True
8667	EIF3H	discovery robust		5	144	0.656294807835636	0.437088606035222	0.87550100963605	0.337251275044361	0.975338340626911	0.001144009362653	0.0243463972657534	31.673092259172	0.0069710565245957	1.0	True		0.417498753080922	0.186047673124092	0.648949833037752	0.0006654759618998	0.0007442602843137	0.0015129021541261	True	True	True	True		0.570395152527037	0.457305755915409	0.683484549138665	3.21372593173857e-19	4.65717910446861e-19	1.54907192918896e-18	True	True	True	EIF3H	current_symbol	current symbol present in frozen matrix	True	True	True	True
5105	PCK1	discovery robust		6	167	-1.80518776938388	-2.50466163644093	-1.10571390232682	-2.84264241600982	-0.767733122757932	0.0011724115315088	0.0244309271408705	45.5394622068535	0.0888405174126226	1.0	True		-4.24844865486083	-5.10728964305607	-3.38960766666559	1.2137807709802e-13	8.86587693585537e-13	3.07510769113867e-12	True	True	True	True		-4.28868618686908	-4.79631716321726	-3.78105521052089	9.0110587509441e-40	4.6693668073074e-39	2.51646493516625e-38	True	True	True	PCK1	current_symbol	current symbol present in frozen matrix	True	True	True	True
255043	TMEM86B	discovery robust		5	144	-0.711562087436147	-0.951473572709485	-0.471650602162808	-1.03555859662418	-0.387565578248109	0.0011858059330391	0.0245955112414832	17.7014342727394	0.0061510424077204	1.0	True		-0.834935323636653	-1.3601344009798	-0.309736246293508	0.0024055500075625	0.0026242363718863	0.0048475382081703	True	True	True	True		-0.623933886026855	-0.779445670697298	-0.468422101356411	1.65036682748095e-13	1.89404515100163e-13	5.32148437391518e-13	True	True	True	TMEM86B	current_symbol	current symbol present in frozen matrix	True	True	True	True
55536	CDCA7L	discovery robust		5	144	0.585872498656682	0.385716378774071	0.786028618539293	0.222785834004795	0.948959163308569	0.0012469364067301	0.0247451903331154	46.7909339263663	0.0119047413502868	1.0	True		0.243730327796076	-0.236774700125323	0.724235355717475	0.313528958936672	0.315406377852461	0.378850711472485	True	False	False	True		0.606349484342698	0.453762405047938	0.758936563637459	2.62064448094989e-13	2.94822504106863e-13	8.34441142478172e-13	True	True	True	CDCA7L	current_symbol	current symbol present in frozen matrix	True	True	False	False
284111	SLC13A5	discovery robust		5	144	-1.50488058125036	-2.01899613156594	-0.990765030934777	-2.03707816088305	-0.97268300161767	0.001246859203765	0.0247451903331154	2.29272144579262	0.0024543170357187	1.0	True		-2.55026991815393	-3.36449025116993	-1.73604958513793	6.60086033054373e-08	1.15515055784515e-07	3.71093968385361e-07	True	True	True	True		-2.1362757529169	-2.56528720321621	-1.7072643026176	7.53240914864435e-19	1.0644974912547e-18	3.53381775095455e-18	True	True	True	SLC13A5	current_symbol	current symbol present in frozen matrix	True	True	True	True
85236	H2BC12	discovery robust		5	144	0.758908880639068	0.497646100650581	1.02017166062756	0.421136433984237	1.0966813272939	0.0012837911029233	0.0250871842165154	21.7573894513935	0.0059455288329863	1.0	True		0.921092298893316	0.619263057104558	1.22292154068207	1.19283545390784e-07	2.00396356256516e-07	6.30740449234548e-07	True	True	True	True		0.741407101649654	0.585058174267868	0.897756029031441	1.70117309622436e-17	2.2905559012154802e-17	7.24692998706363e-17	True	True	True	HIST1H2BK	historical_symbol_harmonized	Entrez-linked historical alias in frozen matrix	True	True	True	True
4783	NFIL3	discovery robust		6	167	-0.610172365931913	-0.853927985201647	-0.36641674666218	-1.09366211543012	-0.126682616433711	0.0013470014339299	0.025622457923278	49.1923964824653	0.0263844449973653	1.0	True		-1.62742373970985	-1.89854382159669	-1.35630365782302	9.92304227792397e-17	1.51551918426475e-15	5.509399749838851e-15	True	True	True	True		-1.01073995089051	-1.17476840489461	-0.846711496886411	7.47315579649541e-26	1.4859414432566501e-25	6.04632040675483e-25	True	True	True	NFIL3	current_symbol	current symbol present in frozen matrix	True	True	True	True
388323	GLTPD2	discovery robust		5	144	-0.665519470000123	-0.911112141674475	-0.419926798325771	-1.07014290966566	-0.260896030334588	0.001670789410153	0.0281790446665833	39.0380184763482	0.013414074075971	1.0	True		-1.34573686173329	-1.88665109517554	-0.804822628291045	6.9712198296925e-06	9.06126368831636e-06	2.44234479466313e-05	True	True	True	True		-0.981801778425329	-1.19160271866292	-0.772000838187739	3.81880740523599e-17	5.02320050996426e-17	1.58799698567968e-16	True	True	True	GLTPD2	current_symbol	current symbol present in frozen matrix	True	True	True	True
1369	CPN1	discovery robust		6	167	-0.642231123835482	-0.912660186300986	-0.371802061369977	-1.07985672577795	-0.204605521893016	0.0017082815150519	0.0284303245428039	31.4160601662401	0.0179155936622825	1.0	True		-1.45726160535665	-2.0034191105095	-0.911104100203807	1.93574462131953e-06	2.687645424642e-06	7.74545196422181e-06	True	True	True	True		-1.13038282993398	-1.40643331536241	-0.854332344505537	6.04095278064821e-14	6.97974949655976e-14	2.01361624464149e-13	True	True	True	CPN1	current_symbol	current symbol present in frozen matrix	True	True	True	True
55971	BAIAP2L1	discovery robust		5	144	0.636107911824326	0.398991974119779	0.873223849528872	0.219357621805636	1.05285820184302	0.001735595381589	0.0285543725463636	35.3593595560856	0.0152370227725356	1.0	True		0.202748338839774	-0.130368046809138	0.535864724488685	0.227523701878063	0.230264951298281	0.287517239734046	True	False	False	True		0.168139360718693	0.0144284502088343	0.321850271228551	0.0321976131308462	0.0323870108551453	0.0413209818913306	True	True	True	BAIAP2L1	current_symbol	current symbol present in frozen matrix	True	True	False	False
10747	MASP2	discovery robust		6	167	-0.945356655392682	-1.34491722112758	-0.545796089657789	-1.51683461574128	-0.373878695044082	0.0017372174452969	0.0285548138391325	36.5532470058568	0.0252634939253921	0.833333333333333	True		-1.82771252322465	-2.66146570069386	-0.993959345755432	5.3638167192979e-05	6.43658006315748e-05	0.0001536121225024	True	True	True	True		-1.28017322089898	-1.57326958491049	-0.98707685688747	2.0482082632452102e-15	2.4322473126036904e-15	7.50926515183509e-15	True	True	True	MASP2	current_symbol	current symbol present in frozen matrix	True	True	True	True
6447	SCG5	discovery robust		5	144	-0.703696929747633	-0.970919910196524	-0.436473949298743	-1.12801613794238	-0.279377721552884	0.0018613917698973	0.02933888309067	28.6894730277442	0.0140930909423217	1.0	True		-0.979755758913458	-1.47409542934576	-0.485416088481158	0.0002153189458693	0.0002460787952793	0.0005432550898304	True	True	True	True		-0.67574576624521	-0.876244939173783	-0.475246593316636	2.75468597321829e-10	2.9257844808716004e-10	6.981592147681191e-10	True	True	True	SCG5	current_symbol	current symbol present in frozen matrix	True	True	True	True
9970	NR1I3	discovery robust		6	167	-0.791795241828076	-1.13415447835651	-0.449436005299648	-1.13421364243794	-0.449376841218218	0.0019235280954641	0.0296054625183219	0.0098562864390837	6.13119073035325e-06	0.833333333333333	True		-1.39384226708394	-2.00423284832131	-0.783451685846576	2.88262247275547e-05	3.58726352165125e-05	8.77907412097499e-05	True	True	True	True		-1.24143985394413	-1.51245766025173	-0.970422047636522	1.3684148859923399e-16	1.72058048165213e-16	5.47507407248494e-16	True	True	True	NR1I3	current_symbol	current symbol present in frozen matrix	True	True	True	True
1723	DHODH	discovery robust		6	167	-0.623022601426404	-0.892482158659451	-0.353563044193356	-1.05678391079456	-0.189261292058249	0.0019259158946668	0.0296167478647228	44.110038045949	0.0174852189572056	1.0	True		-2.02620297191645	-2.44630557810012	-1.60610036573277	2.89008529263214e-13	1.7982752931933299e-12	6.596219449962299e-12	True	True	True	True		-1.73086741921683	-1.96873333233679	-1.49300150609686	1.20047915452536e-32	3.80151732266364e-32	1.71207612951579e-31	True	True	True	DHODH	current_symbol	current symbol present in frozen matrix	True	True	True	True
84457	PHYHIPL	discovery robust		5	144	0.748385886602203	0.461148755747977	1.03562301745643	0.298578957956163	1.19819281524824	0.0019375702013322	0.0297111503173376	39.9136994956365	0.0155437260461422	1.0	True		1.68025121081232	0.961885913757379	2.39861650786727	1.9687150034708e-05	2.46823970584399e-05	6.20079879487877e-05	True	True	True	True		1.3642909612917	1.17035697680024	1.55822494578315	3.61110255435927e-31	9.959653819281211e-31	4.59169958833869e-30	True	True	True	PHYHIPL	current_symbol	current symbol present in frozen matrix	True	True	True	True
123264	SLC51B	discovery robust		5	144	0.654242979090132	0.399760162569667	0.908725795610598	0.133572744150859	1.17491321402941	0.002037415485182	0.0302677397227601	45.1289816418858	0.0267668215118942	1.0	True		2.22620062995935	1.50068440729925	2.95171685261946	1.05484406882032e-07	1.80830411797769e-07	5.64832201967161e-07	True	True	True	True		1.55845597671113	1.2490659515334	1.86784600188887	3.50669413970603e-19	5.0390310747036205e-19	1.68692646496969e-18	True	True	True	OSTBETA	historical_symbol_harmonized	Entrez-linked historical alias in frozen matrix	True	True	True	True
26998	FETUB	discovery robust		6	167	-0.882625793854712	-1.27539655336128	-0.489855034348149	-1.33902028059489	-0.426231307114536	0.0021864033901192	0.0311681642244962	11.5517533611059	0.0081761424664043	0.833333333333333	True		-2.62200580291342	-3.43430405114317	-1.80970755468367	3.25872938150771e-08	5.95072321840539e-08	1.9503794314322e-07	True	True	True	True		-2.07386736994423	-2.43711483203107	-1.7106199078574	3.9378955357845e-23	6.942063264114941e-23	2.57986095953244e-22	True	True	True	FETUB	current_symbol	current symbol present in frozen matrix	True	True	True	True
8334	H2AC6	discovery robust		5	144	0.787431335269511	0.47043169075894	1.10443097978008	0.242871927364643	1.33199074317438	0.0023175786978472	0.0319850876572599	44.8414925683676	0.0254332781589989	1.0	True		0.427426310832335	0.0476983929866784	0.807154228677992	0.028115414149817	0.0293378234606786	0.0447770358400656	True	True	True	True		0.707797495762545	0.526705685630232	0.888889305894858	5.73019147278331e-13	6.40433164605194e-13	1.78663437365516e-12	True	True	True	HIST1H2AC	historical_symbol_harmonized	Entrez-linked historical alias in frozen matrix	True	True	True	True
140828	LINC00261	discovery robust		5	144	-0.881509426654241	-1.2477163270407	-0.515302526267779	-1.3900370549316	-0.37298179837688	0.0026061600661271	0.0331473260826734	33.1618145990477	0.0161497663614226	1.0	True		-1.71143704957333	-2.19703261515661	-1.22584148399006	3.6347218428745705e-09	8.38676697364716e-09	2.76256504339258e-08	True	True	True	True		-1.22218257152422	-1.48625837403929	-0.958106769009156	7.429495023169961e-17	9.48092275344823e-17	3.03275716480507e-16	True	True	True	NCRNA00261	historical_symbol_harmonized	Entrez-linked historical alias in frozen matrix	True	True	True	True
116842	LEAP2	discovery robust		5	144	-0.745261173018316	-1.05646964780355	-0.434052698233079	-1.26129040925729	-0.229231936779342	0.0026567747606991	0.03325613161994	42.3055099660864	0.0219799205484196	1.0	True		-2.17243609526361	-2.81161862879615	-1.53325356173108	9.21203576117749e-09	1.8207317739739e-08	6.29562828078376e-08	True	True	True	True		-1.55777946664994	-1.84721139090245	-1.26834754239743	3.41874153428876e-21	5.4635962837698905e-21	1.9345878629558602e-20	True	True	True	LEAP2	current_symbol	current symbol present in frozen matrix	True	True	True	True
113675	SDSL	discovery robust		5	144	-0.628000474056185	-0.900000499226528	-0.356000448885843	-1.00524646638701	-0.250754481725359	0.0030427308782315	0.0351386340131252	18.6621145756229	0.0088641393612613	1.0	True		-0.652140326970915	-1.13084962415859	-0.173431029783244	0.0085323514279669	0.0091886861531951	0.0153172542941412	True	True	True	True		-0.625073564627678	-0.819494661050228	-0.430652468205128	1.4798610914838501e-09	1.55249231069778e-09	3.5493557694245704e-09	True	True	True	SDSL	current_symbol	current symbol present in frozen matrix	True	True	True	True
55638	SYBU	discovery robust		5	144	-0.699552930707679	-1.00911599562558	-0.389989865789781	-1.26006364269344	-0.13904221872192	0.0032939763309854	0.0363612455553973	41.0755201225037	0.028324419983365	1.0	True		-0.967198921833379	-1.30170547302241	-0.632692370644347	3.85355491506001e-07	5.9394240892668e-07	1.80914870480044e-06	True	True	True	True		-0.0824860323316894	-0.28761405452965	0.122641989866271	0.42877056393963	0.42877056393963	0.46638920435722	True	False	False	SYBU	current_symbol	current symbol present in frozen matrix	True	True	False	False
80303	EFHD1	discovery robust		5	144	-0.761076781628179	-1.09980193782814	-0.422351625428214	-1.39846238019245	-0.123691183063907	0.003364413089931	0.0365893453404837	41.3033263604236	0.0378180053968693	1.0	True		-1.69565129887017	-2.37743784456767	-1.01386475317266	7.01169213976861e-06	9.06126368831636e-06	2.45542527023836e-05	True	True	True	True		-1.04801392081126	-1.33455326719508	-0.761474574427433	1.08778211627117e-11	1.1847817954291098e-11	3.08090842912277e-11	True	True	True	EFHD1	current_symbol	current symbol present in frozen matrix	True	True	True	True
1373	CPS1	discovery robust		6	167	-1.07617466464764	-1.6141252203984	-0.538224108896868	-1.95750463396793	-0.194844695327345	0.0036377835490836	0.0378143586112641	34.9806058996058	0.0737529896193808	1.0	True		-4.43884771888976	-5.69365656799187	-3.18403886978764	3.2997756933772804e-09	7.80791995052652e-09	2.54004857577228e-08	True	True	True	True		-3.36449724803038	-3.90346629898574	-2.82552819707503	2.4330570990748e-26	5.0738141944120796e-26	2.04904064570907e-25	True	True	True	CPS1	current_symbol	current symbol present in frozen matrix	True	True	True	True
26256	CABYR	discovery robust		5	144	0.610066445255803	0.332330665129457	0.887802225382149	0.136693367542804	1.0834395229688	0.0036569568689611	0.0379695637786571	48.2562707865529	0.0190623463616128	1.0	True		3.07070079157046	2.14314035376018	3.99826122938075	1.76974309448285e-08	3.37860045310363e-08	1.1268347958649e-07	True	True	True	True		1.87187463352418	1.52778430421669	2.21596496283167	1.5591410732132601e-21	2.53917260494731e-21	9.088571442739811e-21	True	True	True	CABYR	current_symbol	current symbol present in frozen matrix	True	True	True	True
132158	GLYCTK	discovery robust		5	144	-0.637961728728784	-0.931062992579252	-0.344860464878316	-1.06955098691374	-0.206372470543828	0.0037817482566636	0.0385018662795669	34.5197895161296	0.0130192667290988	1.0	True		-0.846386683313157	-1.22681082742817	-0.465962539198146	4.2996137464151e-05	5.19665546329307e-05	0.0001257399443899	True	True	True	True		-0.821769326420702	-1.04615873507232	-0.597379917769084	1.02975003391165e-11	1.12876446024931e-11	2.9229616318997e-11	True	True	True	GLYCTK	current_symbol	current symbol present in frozen matrix	True	True	True	True
714	C1QC	discovery robust		5	144	-0.702156886487835	-1.0261710327955	-0.378142740180168	-1.2555499952716	-0.148763777704069	0.003843146445373	0.0386690957685092	36.4953744812023	0.0261081814771914	1.0	True		-1.26536599121636	-1.65703112986465	-0.873700852568078	3.19090776457596e-08	5.89090664229408e-08	1.91564581556617e-07	True	True	True	True		-1.0393467491772	-1.26465724687453	-0.81403625147986	9.03564719482839e-17	1.14451531134493e-16	3.66597233043006e-16	True	True	True	C1QC	current_symbol	current symbol present in frozen matrix	True	True	True	True
10653	SPINT2	discovery robust		6	167	-0.590344777288256	-0.891444364258904	-0.289245190317607	-0.891444364258904	-0.289245190317607	0.0039670294590254	0.0394061194875442	0.0	0.0	0.833333333333333	True		-0.995259493238825	-1.83165659498529	-0.158862391492364	0.0206096622521976	0.0217762469079824	0.0338729459384484	True	True	True	True		-1.06401410190984	-1.47088829830188	-0.657139905517805	5.98737531966141e-07	6.13078550695869e-07	1.18069772326684e-06	True	True	True	SPINT2	current_symbol	current symbol present in frozen matrix	True	True	True	True
54855	TENT5C	discovery robust		5	144	-0.725037938634136	-1.06408073217932	-0.385995145088952	-1.24170058052377	-0.2083752967445	0.0040345906374305	0.0396847148496947	36.798536804795	0.019716853209838	1.0	True		-0.975046942410831	-1.33236087774901	-0.617733007072656	1.25211412261955e-06	1.78267095423801e-06	5.22086573045388e-06	True	True	True	True		-1.34590309760723	-1.55008886156158	-1.14171733365287	1.83678177342531e-28	4.3025984007633995e-28	1.86111191942932e-27	True	True	True	FAM46C	historical_symbol_harmonized	Entrez-linked historical alias in frozen matrix	True	True	True	True
284904	SEC14L4	discovery robust		5	144	-0.654835702087777	-0.975848845009712	-0.333822559165841	-1.12937742778124	-0.18029397639431	0.0047916707978943	0.0427145952601135	32.4809637048337	0.0158445969579737	1.0	True		-1.06966031560281	-1.70085077822599	-0.438469852979634	0.0012949130544955	0.0014218653147402	0.0027682214219329	True	True	True	True		-1.00443345232322	-1.25690869748965	-0.751958207156789	2.48095490733276e-13	2.80955820631723e-13	7.91003629680574e-13	True	True	True	SEC14L4	current_symbol	current symbol present in frozen matrix	True	True	True	True
401546	C9orf152	discovery robust		5	144	0.622433749392112	0.315822850156333	0.929044648627891	0.0492999268619388	1.19556757192229	0.0048766111219365	0.0428123433710504	45.1532751273974	0.0304167673207272	1.0	True		0.872183321332894	0.221333271499608	1.52303337116618	0.0095973986896495	0.0102698278972046	0.0170215758137566	True	True	True	True		1.85284660761595	1.46559788488738	2.24009533034452	9.760548523677289e-18	1.3246458710704901e-17	4.22302471671645e-17	True	True	True	C9orf152	current_symbol	current symbol present in frozen matrix	True	True	True	True
286499	FAM133A	discovery robust		5	144	0.658836124287996	0.320604757484966	0.997067491091027	0.140126214943154	1.17754603363284	0.0056612356672488	0.0455554636852857	32.4954934654266	0.0200631192598267	1.0	False	filtered_low_expression_before_voom								False	False	True		4.51379520235449	3.86922989323277	5.15836051147622	5.66307505500283e-31	1.5131028662585699e-30	7.052605633170509e-30	True	True	True	FAM133A	current_symbol	current symbol present in frozen matrix	False			
2267	FGL1	discovery robust		6	167	-0.650285037335959	-1.01318982278792	-0.287380251883995	-1.12356026091014	-0.177009813761777	0.0058075798001598	0.0461819984108666	19.9049258272142	0.0139665672924281	0.833333333333333	True		-2.74319129620994	-3.54099985330592	-1.94538273911396	6.869920941401811e-09	1.44268339769438e-08	4.88253981750014e-08	True	True	True	True		-1.93054588352215	-2.35211857102882	-1.50897319601549	1.39085724058461e-16	1.73603349007276e-16	5.56026857612767e-16	True	True	True	FGL1	current_symbol	current symbol present in frozen matrix	True	True	True	True
64757	MTARC1	discovery robust		5	144	-0.671208034205752	-1.0294397760368	-0.312976292374706	-1.24045685966822	-0.101959208743289	0.0065065792318371	0.0484164484289692	43.1325505728312	0.0253889215210497	1.0	True		-0.970593721201156	-1.3975703105731	-0.543617131829211	3.09404975533328e-05	3.82206146247052e-05	9.35383993420606e-05	True	True	True	True		-0.595146206751007	-0.800941374089238	-0.389351039412777	4.15742675582437e-08	4.28265045328896e-08	8.97375418307708e-08	True	True	True	MOSC1	historical_symbol_harmonized	Entrez-linked historical alias in frozen matrix	True	True	True	True
55244	SLC47A1	discovery robust		5	144	-0.659228076105214	-1.01209197903148	-0.306364173178952	-1.26970906424673	-0.048747087963702	0.0065745166277594	0.0485895324677512	44.559328748953	0.0321942474862604	1.0	True		-1.20294240198098	-1.73415321887096	-0.671731585091008	3.28232997127057e-05	3.99587996502504e-05	9.84887195895222e-05	True	True	True	True		-0.921786946923819	-1.17470796572236	-0.668865928125281	1.2621218431675498e-11	1.3659673112762699e-11	3.55595341837555e-11	True	True	True	SLC47A1	current_symbol	current symbol present in frozen matrix	True	True	True	True
9506	PAGE4	discovery robust		5	144	1.067609529849	0.493310536295898	1.64190852340209	0.0043785421609563	2.13084051753704	0.0066917747838296	0.048970878426227	42.9081272115853	0.103862682431245	1.0	False	filtered_low_expression_before_voom								False	False	True		6.01927235209084	5.30397659563156	6.73456810855012	1.43184157697181e-39	7.20132087241704e-39	3.91390254790049e-38	True	True	True	PAGE4	current_symbol	current symbol present in frozen matrix	False			
339390	CLEC4G	intermediate		5	144	-2.95763133143369	-3.46709206132062	-2.44817060154676	-4.11183864472045	-1.80342401814693	8.66560322606118e-05	0.0127759792996141	71.9283802999865	0.139148183592086	1.0	False	filtered_low_expression_before_voom								False	False	True		-6.0316003492579	-6.56233340283962	-5.50086729567618	1.1575682273191698e-56	2.0064515940198897e-55	2.13356360983884e-54	True	True	True	CLEC4G	current_symbol	current symbol present in frozen matrix	False			
10144	FAM13A	intermediate		5	144	-0.954015186631262	-1.15333005565729	-0.754700317605236	-1.34102851433214	-0.567001858930381	0.0001853164193553	0.0158016047388783	54.9857481357503	0.0142765510959341	1.0	True		-2.34258015740175	-2.8428400109419	-1.8423203038616	7.80466907653265e-13	4.07631712784445e-12	1.5544936144215e-11	True	True	True	True		-1.76364879562013	-1.94931918468805	-1.57797840655221	4.9946646541261506e-46	4.7222284002647203e-45	2.70761190619898e-44	True	True	True	FAM13A	current_symbol	current symbol present in frozen matrix	True	True	True	True
9232	PTTG1	intermediate		5	144	1.620115360275	1.25694663418597	1.98328408636402	0.9501892933298	2.2900414272202	0.0002442326901358	0.0162366345970167	56.9328201080576	0.0411108971791641	1.0	True		3.20492633590248	2.86202581788415	3.54782685392081	6.29473912281937e-25	2.3500359391858998e-23	4.6931776402849e-22	True	True	True	True		2.85358309657233	2.61576273287533	3.09140346026933	4.0665577408085e-60	9.818359755298101e-59	1.19242563572526e-57	True	True	True	PTTG1	current_symbol	current symbol present in frozen matrix	True	True	True	True
388753	COA6	intermediate		5	144	0.761109710648098	0.575176672251228	0.947042749044968	0.39096363926382	1.13125578203238	0.0003417774330379	0.017723721358359	58.8945242910109	0.0132885853747864	1.0	True		1.02085376637854	0.753228574708729	1.28847895804836	4.25851744775065e-10	8.99913121034099e-10	4.09052807849275e-09	True	True	True	False	absent_after_identifier_harmonization								False	False	COA6	unmapped		False			
1163	CKS1B	intermediate		5	144	1.16658624896275	0.872141571380068	1.46103092654543	0.525467422170597	1.8077050757549	0.0003881381065339	0.0179356699323808	66.45482485411	0.042074265970124	1.0	True		1.05893622558412	0.834871920322937	1.28300053084531	5.73933519235782e-13	3.2140277077203797e-12	1.183936378218e-11	True	True	True	True		0.904224895605306	0.795506389346043	1.01294340186457	5.58952247213088e-39	2.32524134840645e-38	1.4423203787086501e-37	True	True	True	CKS1B	current_symbol	current symbol present in frozen matrix	True	True	True	True
25891	PAMR1	intermediate		5	144	-0.974651397760365	-1.22716532503359	-0.72213747048714	-1.52046941180876	-0.428833383711968	0.0004296745023571	0.01826882088407	73.2317940176435	0.0303755001583231	1.0	True		-2.38859952848875	-2.75407607642722	-2.02312298055028	3.4052684320564497e-18	4.15408227824067e-17	2.73416860721578e-16	True	True	True	True		-2.31486870453546	-2.56560721944689	-2.06413018962403	1.86517530543157e-44	1.61648526470736e-43	8.37511315220817e-43	True	True	True	PAMR1	current_symbol	current symbol present in frozen matrix	True	True	True	True
8443	GNPAT	intermediate		6	167	0.729416115953798	0.491496990873814	0.967335241033782	0.32141005794999	1.13742217395761	0.0005287757588379	0.0192060376209246	53.3020079954445	0.0166260965452051	1.0	True		0.699201786166763	0.514446624452287	0.883956947881239	5.31384945168117e-10	1.0820929792514402e-09	4.95231790862929e-09	True	True	True	True		0.763576876270655	0.674127063097337	0.853026689443973	2.6613473265975697e-40	1.38390060983074e-39	7.76848488863389e-39	True	True	True	GNPAT	current_symbol	current symbol present in frozen matrix	True	True	True	True
79035	NABP2	intermediate		5	144	0.615502845108216	0.44767012109393	0.783335569122501	0.275112781442857	0.955892908773574	0.0005240332460151	0.0192060376209246	55.3451211351583	0.0113765187832766	1.0	True		0.798744054066071	0.624444926108742	0.9730431820234	1.59309483025004e-12	6.15264210303464e-12	2.8869312219010297e-11	True	True	True	False	absent_after_identifier_harmonization								False	False	NABP2	unmapped		False			
1063	CENPF	intermediate		6	167	0.920864484743691	0.61531111791015	1.22641785157723	0.433412109751892	1.40831685973549	0.0005728479822141	0.0193055366359518	57.2642263612098	0.0218295002862298	0.833333333333333	True		3.53084943208886	3.21212024943803	3.84957861473969	2.23995961359019e-28	2.5087547672210098e-26	1.75355238349908e-24	True	True	True	True		3.6550767039381	3.40581306946044	3.90434033841577	1.0599734924338301e-73	1.10237243213118e-71	2.05136669990719e-69	True	True	True	CENPF	current_symbol	current symbol present in frozen matrix	True	True	True	True
55355	HJURP	intermediate		5	144	1.01441989888514	0.731701283449722	1.29713851432056	0.509213871489085	1.51962592628119	0.0005703178790381	0.0193055366359518	58.5035746861878	0.0227411249993428	1.0	True		3.63068358908153	3.2252779734464	4.03608920471666	4.40748072700466e-24	1.23409460356131e-22	2.22606212073265e-21	True	True	True	True		3.42084253464971	3.15899366865314	3.68269140064627	9.984400293144e-66	5.19188815243488e-64	8.783095403327991e-63	True	True	True	HJURP	current_symbol	current symbol present in frozen matrix	True	True	True	True
29899	GPSM2	intermediate		6	167	0.73273734938271	0.487932320580877	0.977542378184543	0.269589902172887	1.19588479659253	0.0005914955854026	0.019391521939024	65.1298565130063	0.0233926462082164	1.0	True		1.59704696670358	1.30786598194228	1.88622795146488	2.34400126640184e-15	2.01944724490004e-14	9.48321132507844e-14	True	True	True	True		1.02326901423904	0.910115184449839	1.13642284402823	2.46812512753333e-43	1.7112334217564398e-42	9.828318023282409e-42	True	True	True	GPSM2	current_symbol	current symbol present in frozen matrix	True	True	True	True
57688	ZSWIM6	intermediate		5	144	-0.688546932983465	-0.882492927336561	-0.494600938630368	-1.10692580416507	-0.270168061801859	0.0005942332063394	0.0194456570264658	51.865352624654	0.0178274895191375	1.0	True		-0.955180756456966	-1.17338039951405	-0.73698111339988	6.95345868797687e-12	2.27507090870431e-11	1.07261381948427e-10	True	True	True	True		-1.07664716819624	-1.21115589328436	-0.942138443108117	4.39386845696779e-37	1.63200828401661e-36	9.39608135333675e-36	True	True	True	ZSWIM6	current_symbol	current symbol present in frozen matrix	True	True	True	True
55215	FANCI	intermediate		5	144	0.724559160223221	0.518372400296629	0.930745920149812	0.281624370694927	1.16749394975151	0.0006181922891129	0.0196395017563344	63.6511057169066	0.019935825234831	1.0	True		1.96770424746778	1.66599142818892	2.26941706674664	3.70900203414345e-18	4.15408227824067e-17	2.94780938317685e-16	True	True	True	True		0.898093883602818	0.783079941436223	1.01310782576941	6.81054853221105e-36	1.9143163441890501e-35	1.2884119818561098e-34	True	True	True	FANCI	current_symbol	current symbol present in frozen matrix	True	True	True	True
56521	DNAJC12	intermediate		6	167	-0.977458029504112	-1.30757634597758	-0.647339713030642	-1.6517920507746	-0.303124008233626	0.0006221004187621	0.0196395017563344	59.3649245208688	0.0523235432829445	1.0	True		-2.23948720554492	-2.81016268224425	-1.6688117288456	1.89728958821821e-10	4.33666191592734e-10	1.9843595913649e-09	True	True	True	True		-1.57065391232714	-1.86991553768192	-1.27139228697236	2.0807098550089802e-20	2.67152870272758e-20	1.10323226915038e-19	True	True	True	DNAJC12	current_symbol	current symbol present in frozen matrix	True	True	True	True
23729	SHPK	intermediate		5	144	-0.691781920754739	-0.89286129278352	-0.490702548725958	-1.11753012426109	-0.266033717248389	0.0006709701668199	0.020133384569272	70.2405893009427	0.0182689142751878	1.0	True		-1.07826181135947	-1.31069729294985	-0.845826329769087	1.06551528353817e-12	4.77350847025101e-12	2.0344844871167198e-11	True	True	True	True		-0.90128343085476	-1.01480906617457	-0.787757795534949	1.09499989331752e-36	3.4509087546976396e-36	2.2496319464303702e-35	True	True	True	SHPK	current_symbol	current symbol present in frozen matrix	True	True	True	True
113130	CDCA5	intermediate		5	144	1.20905950423708	0.856273230809186	1.56184577766498	0.493542891899057	1.92457611657511	0.0006809755214516	0.0201881519180196	70.3622705715294	0.0502689832067992	1.0	True		3.15933155224424	2.82743425762877	3.49122884685971	2.7182740597296904e-25	1.52223347344863e-23	3.0956040813475597e-22	True	True	True	True		3.12304630892929	2.88003375631733	3.36605886154125	1.26101102725507e-64	4.37150489448424e-63	9.41591281962185e-62	True	True	True	CDCA5	current_symbol	current symbol present in frozen matrix	True	True	True	True
84706	GPT2	intermediate		5	144	-1.38050050477162	-1.78514922429297	-0.975851785250258	-2.12653651891345	-0.634464490629777	0.0006930447207779	0.0202537951366368	50.4593309483599	0.0509595427929741	1.0	True		-1.75762756356042	-2.32827939195982	-1.18697573516103	9.68653879849574e-08	1.33937326596484e-07	5.23333809413553e-07	True	True	True	True		-1.46683730194986	-1.736625963343	-1.19704864055673	1.6257855800030301e-21	2.1402746875989303e-21	9.46280551272139e-21	True	True	True	GPT2	current_symbol	current symbol present in frozen matrix	True	True	True	True
221504	ZBTB9	intermediate		5	144	0.624715835448298	0.441601119336942	0.807830551559654	0.246276621389878	1.00315504950672	0.0006930393816539	0.0202537951366368	63.1790804944997	0.0142288566947635	1.0	True		0.818038140727393	0.62842656463576	1.00764971681903	1.09902042586199e-11	3.23921809727744e-11	1.6006849123461601e-10	True	True	True	True		0.856129028159999	0.746742122112807	0.965515934207191	5.288109375067269e-36	1.57132392859142e-35	1.01227280648543e-34	True	True	True	ZBTB9	current_symbol	current symbol present in frozen matrix	True	True	True	True
6631	SNRPC	intermediate		6	167	0.598008536718803	0.389617622539521	0.806399450898085	0.221037202175153	0.974979871262453	0.0007195819816011	0.0204871019546206	61.6993675493755	0.0149337533485118	1.0	True		0.656545338994997	0.484911672525451	0.828179005464542	3.93311002052519e-10	8.47131389036195e-10	3.822514189408e-09	True	True	True	True		0.777112889973019	0.679476823584929	0.87474895636111	8.24748339631472e-37	2.6975923970103897e-36	1.71259169709097e-35	True	True	True	SNRPC	current_symbol	current symbol present in frozen matrix	True	True	True	True
91404	SESTD1	intermediate		5	144	0.749697053968083	0.523636304397569	0.975757803538597	0.251959613563727	1.24743449437244	0.0007729494903129	0.0209406253762991	64.9730884708962	0.0255088975165983	1.0	True		0.773808388910317	0.513117385511979	1.03449939230865	2.19829233770329e-07	2.96637038340685e-07	1.09196266279887e-06	True	True	True	True		0.653546169818562	0.543938636565709	0.763153703071415	1.19294215386051e-24	1.79805773915207e-24	8.79840301206646e-24	True	True	True	SESTD1	current_symbol	current symbol present in frozen matrix	True	True	True	True
51192	CKLF	intermediate		5	144	0.785899215155587	0.547197794416086	1.02460063589509	0.328154615082039	1.24364381522914	0.0007948207018815	0.0211488790393999	50.8567621532609	0.0197896910156461	1.0	False	filtered_low_expression_before_voom								False	False	True		0.839999928202428	0.717585830277097	0.96241402612776	4.1116971338803796e-30	8.223394267760759e-30	4.79359485734862e-29	True	True	True	CKLF	current_symbol	current symbol present in frozen matrix	False			
55353	LAPTM4B	intermediate		5	144	1.39267473645742	0.968754190927314	1.81659528198753	0.548342977583331	2.23700649533151	0.0008015136385616	0.0211921626739346	54.2742366102113	0.0691674506460055	1.0	True		1.0862651881117	0.655735397040865	1.51679497918254	5.4389790619328e-06	6.28005829831415e-06	1.95540976286296e-05	True	True	True	True		1.30451608879717	1.12711760219238	1.48191457540195	4.06581288064861e-33	9.396545324165679e-33	6.04344674955396e-32	True	True	True	LAPTM4B	current_symbol	current symbol present in frozen matrix	True	True	True	True
80345	ZSCAN16	intermediate		5	144	0.614104282360982	0.427018884467014	0.80118968025495	0.214863210183269	1.0133453545387	0.0008040947926248	0.0211977861384155	61.1235168311625	0.0161367462793284	1.0	True		0.925478149479515	0.692874036491778	1.15808226246725	1.27125607258952e-10	3.09523217673969e-10	1.3831866802316901e-09	True	True	True	True		0.758557890780519	0.641303349127489	0.875812432433548	1.01961092057652e-27	1.79728026677895e-27	9.69181244887888e-27	True	True	True	ZSCAN16	current_symbol	current symbol present in frozen matrix	True	True	True	True
84306	PDCD2L	intermediate		5	144	0.84453368300318	0.582953039450719	1.10611432655564	0.39931271471862	1.28975465128774	0.0008569383517438	0.0219971291252141	55.7477239744662	0.0168378796448144	1.0	True		0.559004189762198	0.331432135481859	0.786576244042538	8.69833161586956e-06	9.94095041813664e-06	2.97098119785492e-05	True	True	True	True		0.681296752180231	0.570080811045131	0.792512693315331	1.23516690128341e-25	1.94632360202234e-25	9.845216244043591e-25	True	True	True	PDCD2L	current_symbol	current symbol present in frozen matrix	True	True	True	True
5174	PDZK1	intermediate		6	167	0.808034263842932	0.513236442378559	1.10283208530731	0.181041571902349	1.43502695578352	0.0008895668441306	0.0223641102667666	54.106033686745	0.0463406677600104	1.0	True		0.481134747234235	0.156407819006298	0.805861675462173	0.0044509393544094	0.0045734422724207	0.0084913314819043	True	True	True	True		0.621362012108028	0.460355474723708	0.782368549492348	1.0294738959844799e-12	1.09250291002435e-12	3.14994597770555e-12	True	True	True	PDZK1	current_symbol	current symbol present in frozen matrix	True	True	True	True
84450	ZNF512	intermediate		5	144	0.611850159972573	0.418886500123441	0.804813819821705	0.251253109552458	0.972447210392687	0.0009184450459513	0.0226740972051733	56.3453007285424	0.0120378133370525	1.0	True		0.70958049827966	0.499020665179563	0.920140331379756	1.14002809658645e-08	1.77337703913447e-08	7.62795722574956e-08	True	True	True	True		0.58860201161111	0.496488061448014	0.680715961774206	3.09891879104621e-27	5.19818635917429e-27	2.81037372835601e-26	True	True	True	ZNF512	current_symbol	current symbol present in frozen matrix	True	True	True	True
129531	MITD1	intermediate		5	144	0.595438001816836	0.407276507754663	0.78359949587901	0.240859551063074	0.950016452570598	0.0009254784779204	0.0226740972051733	50.974407424055	0.0117168583468205	1.0	True		0.299049300826527	0.150984075410909	0.447114526242145	0.000168469574529	0.0001814287725696	0.0004349098315582	True	True	True	True		0.450566530413907	0.380080567976426	0.521052492851387	2.99850661369143e-27	5.11220799711326e-27	2.72441776970752e-26	True	True	True	MITD1	current_symbol	current symbol present in frozen matrix	True	True	True	True
64785	GINS3	intermediate		5	144	0.608118450406104	0.414551287600407	0.801685613211802	0.241818318431455	0.974418582380753	0.0009515720505668	0.0229797701361633	53.1274374773929	0.0125453318684394	1.0	True		1.30258090043402	1.0211558917028	1.58400590916525	1.1479259450159499e-12	4.87692223605167e-12	2.17855472983209e-11	True	True	True	True		1.16965776597028	1.01987672162844	1.31943881031213	6.75803546130684e-36	1.9143163441890501e-35	1.27972857419443e-34	True	True	True	GINS3	current_symbol	current symbol present in frozen matrix	True	True	True	True
90864	SPSB3	intermediate		5	144	-0.666512140640604	-0.87889440272867	-0.454129878552538	-1.12493530555024	-0.208088975730966	0.0009554994180549	0.0230194341631006	63.7977553252994	0.0214104451581623	1.0	False	filtered_low_expression_before_voom								False	False	True		-0.561401637024976	-0.672956576597551	-0.4498466974524	3.7314161046482e-19	4.565497351569561e-19	1.7928027773896898e-18	True	True	True	SPSB3	current_symbol	current symbol present in frozen matrix	False			
1786	DNMT1	intermediate		6	167	0.710644546958904	0.443486581935145	0.977802511982664	0.163746206295186	1.25754288762262	0.0010209875727683	0.023434351427024	59.800233449171	0.0344624960749715	1.0	True		0.940509422840625	0.739239303468272	1.14177954221298	8.37100838753771e-13	4.07631712784445e-12	1.6486148216814797e-11	True	True	True	True		0.462917251272251	0.363055064391703	0.562779438152799	6.752630791801351e-17	7.55132905749828e-17	2.7640368805780798e-16	True	True	True	DNMT1	current_symbol	current symbol present in frozen matrix	True	True	True	True
4860	PNP	intermediate		5	144	-0.743831389724769	-0.986387518921489	-0.501275260528048	-1.21638270765683	-0.271280071792704	0.0010438229273039	0.0235541760066957	54.110776584097	0.021335944331203	1.0	True		-1.1426760828311	-1.45234060293971	-0.833011562722486	1.06733122165991e-09	1.9923516137651603e-09	9.258285283949671e-09	True	True	True	True		-0.748422216949574	-0.881766819045331	-0.615077614853816	1.4803918459301298e-22	1.99949028541212e-22	9.31139543177779e-22	True	True	True	PNP	current_symbol	current symbol present in frozen matrix	True	True	True	True
23557	SNAPIN	intermediate		5	144	0.588661478766796	0.396726408254304	0.780596549279289	0.230625602412724	0.946697355120869	0.0010433722162654	0.0235541760066957	58.5359487105955	0.0118504080496909	1.0	True		0.671938588508478	0.526659810676059	0.817217366340896	1.17568661047674e-12	4.87692223605167e-12	2.2285381670985898e-11	True	True	True	True		0.582288567571415	0.517014798150625	0.647562336992206	1.3238906890135699e-42	7.649146203189519e-42	4.86171850179879e-41	True	True	True	SNAPIN	current_symbol	current symbol present in frozen matrix	True	True	True	True
65062	TMEM237	intermediate		5	144	0.748977946075405	0.50488904831094	0.99306684383987	0.289542299741818	1.20841359240899	0.0010414465565967	0.0235541760066957	60.5205985643628	0.0196534767791089	1.0	True		0.653963659420905	0.444714101433138	0.863213217408672	6.94391958577034e-08	9.84454422286428e-08	3.88427827632748e-07	True	True	True	True		0.872246386681081	0.759718249597596	0.984774523764565	1.5191276933146998e-35	4.1576126343349704e-35	2.8106766968183e-34	True	True	True	TMEM237	current_symbol	current symbol present in frozen matrix	True	True	True	True
29902	FAM216A	intermediate		5	144	0.632799815655993	0.422067482684469	0.843532148627518	0.222756097343972	1.04284353396801	0.0011311193788894	0.0243061667252363	50.7548974443482	0.0160505115867121	1.0	True		0.193809601109266	-0.0521330234099551	0.439752225628487	0.119900259371524	0.120980441888385	0.163625761438155	True	False	False	False	absent_after_identifier_harmonization								False	False	FAM216A	unmapped		False			
51506	UFC1	intermediate		5	144	0.78469618345431	0.522352186555476	1.04704018035314	0.231560039957187	1.33783232695143	0.0011481969544847	0.0243463972657534	71.0762299364332	0.0307622346109392	1.0	True		0.754400419725265	0.555557675945726	0.953243163504804	4.95496527571413e-10	1.0276965016296e-09	4.63994565322106e-09	True	True	True	True		0.665017250251482	0.581460035365848	0.748574465137116	8.30028429849351e-37	2.6975923970103897e-36	1.72170848905407e-35	True	True	True	UFC1	current_symbol	current symbol present in frozen matrix	True	True	True	True
112817	HOGA1	intermediate		5	144	-1.42909110909374	-1.90695686357645	-0.951225354611028	-2.39229981463176	-0.465882403555716	0.0011489681694288	0.0243463972657534	73.9423911817381	0.0907312648785537	1.0	True		-2.17885242517264	-2.69044853435964	-1.66725631598564	1.64214946671392e-11	4.71591641722973e-11	2.29974366729337e-10	True	True	True	True		-1.82425251136327	-2.06802136815349	-1.58048365457305	6.53707672946471e-34	1.6187047139626898e-33	1.04706604592313e-32	True	True	True	HOGA1	current_symbol	current symbol present in frozen matrix	True	True	True	True
128240	NAXE	intermediate		5	144	0.783555410334113	0.521648308121845	1.04546251254638	0.193953712055793	1.37315710861243	0.001147268655395	0.0243463972657534	73.4295237125815	0.0361976384625797	1.0	True		0.833498750810764	0.630338970473439	1.03665853114809	5.128315906055719e-11	1.36755090828153e-10	6.312424696628501e-10	True	True	True	False	absent_after_identifier_harmonization								False	False	NAXE	unmapped		False			
10878	CFHR3	intermediate		5	144	-1.3577497442368	-1.81770774999613	-0.897791738477468	-2.25341581994931	-0.462083668524295	0.0012074504184783	0.0245956291512756	53.4349412120879	0.0766225668099562	1.0	True		-2.99710094227462	-3.86013747963518	-2.13406440491406	5.328215382302221e-09	8.65840130517365e-09	3.88198549282019e-08	True	True	True	True		-2.87708148546139	-3.32155208670293	-2.43261088421985	9.67747916636018e-28	1.7352721263818298e-27	9.23512102103396e-27	True	True	True	CFHR3	current_symbol	current symbol present in frozen matrix	True	True	True	True
23234	DNAJC9	intermediate		5	144	0.62734229448629	0.414825706329116	0.839858882643464	0.164021370885474	1.09066321808711	0.0012073424651314	0.0245956291512756	63.5048944334364	0.0219886795596215	1.0	True		0.596427193367659	0.407557625431663	0.785296761303654	5.46161990485974e-08	7.8423260172345e-08	3.12660266363397e-07	True	True	True	True		0.720595615861909	0.627063714183631	0.814127517540187	2.9413417917955803e-35	7.84357811145488e-35	5.3150128568272495e-34	True	True	True	DNAJC9	current_symbol	current symbol present in frozen matrix	True	True	True	True
55502	HES6	intermediate		6	167	0.637139837490428	0.38785585401944	0.886423820961416	0.117421397924197	1.15685827705666	0.0012253753043241	0.0245956291512756	61.0515688435164	0.0314721827036201	1.0	True		1.11885338840143	0.828538351045519	1.40916842575734	3.18428236991194e-10	6.99293383196347e-10	3.15746099212864e-09	True	True	True	True		1.72068001071188	1.5318397024619	1.90952031896186	9.645801924880261e-44	7.16545285848248e-43	4.04935368009127e-42	True	True	True	HES6	current_symbol	current symbol present in frozen matrix	True	True	True	True
64151	NCAPG	intermediate		5	144	1.57330440894971	1.03513249375477	2.11147632414466	0.583734266353595	2.56287455154583	0.0012528835263762	0.024804943569186	68.780679416422	0.0894605783667264	1.0	True		3.58360807290342	3.12725280368732	4.03996334211951	1.51522087665743e-21	2.82841230309388e-20	2.96547665822818e-19	True	True	True	True		1.97891665517041	1.81382626610868	2.14400704423214	4.72036526697024e-60	9.818359755298101e-59	1.3634810300249998e-57	True	True	True	NCAPG	current_symbol	current symbol present in frozen matrix	True	True	True	True
64651	CSRNP1	intermediate		5	144	-1.51764279278949	-2.03958273674177	-0.995702848837214	-2.48406340067997	-0.551222184899007	0.0012788838983341	0.0250186030384493	69.7071930728243	0.0858188797634354	1.0	True		-2.33412664884083	-2.61350065670759	-2.05475264097407	9.93229058618947e-23	2.22483309130644e-21	2.7769620304994404e-20	True	True	True	True		-1.72532082962305	-1.88928292179378	-1.56135873745231	6.003078581648121e-52	8.91885960702006e-51	6.146961893684439e-50	True	True	True	CSRNP1	current_symbol	current symbol present in frozen matrix	True	True	True	True
4201	MEA1	intermediate		5	144	0.652883221846822	0.425822994228938	0.879943449464706	0.232891745392424	1.07287469830122	0.0013344473888678	0.0255721745479553	63.7379942868884	0.0161943446744394	1.0	True		0.673432395145956	0.523595474220196	0.823269316071717	2.99620926550658e-12	1.0825014120539898e-11	5.0660527505439094e-11	True	True	True	True		0.675510218548642	0.590775204990212	0.760245232107072	6.89977729975925e-37	2.3919227972498697e-36	1.44358259548368e-35	True	True	True	MEA1	current_symbol	current symbol present in frozen matrix	True	True	True	True
84790	TUBA1C	intermediate		5	144	0.950372288827705	0.613742679620518	1.28700189803489	0.19231914890424	1.70842542875117	0.001430594203686	0.0262373322192413	74.7478253298689	0.0598451380492079	1.0	True		0.457315764656306	0.225401498182908	0.689230031129704	0.0002297409732113	0.000245057038092	0.0005760817452866	True	True	True	True		0.726502430220096	0.576229763233485	0.876775097206706	5.08163673189305e-18	5.87211355685419e-18	2.2442929181270202e-17	True	True	True	TUBA1C	current_symbol	current symbol present in frozen matrix	True	True	True	True
199920	FYB2	intermediate		5	144	-0.959441527900755	-1.29991515633043	-0.618967899471078	-1.49476533596268	-0.424117719838831	0.0014407117873783	0.026395845439173	50.307837423532	0.0221373839632248	1.0	True		-1.18979672944501	-1.6139194681205	-0.765673990769515	7.20452524907782e-07	8.67641750426576e-07	3.16946478855891e-06	True	True	True	False	absent_after_identifier_harmonization								False	False	FYB2	unmapped		False			
116238	TLCD1	intermediate		5	144	0.838440119015045	0.539927430732172	1.13695280729792	0.31364651046974	1.36323372756035	0.0014587707102234	0.0265892017403729	52.3895038898417	0.0241674701541256	1.0	True		1.36184265711137	1.05052736673619	1.67315794748656	7.109596589700979e-12	2.27507090870431e-11	1.09125882167679e-10	True	True	True	True		1.32419593168736	1.16188746796435	1.48650439541037	5.0956710423456e-38	1.96277699408868e-37	1.2129953466483899e-36	True	True	True	TLCD1	current_symbol	current symbol present in frozen matrix	True	True	True	True
7873	MANF	intermediate		5	144	0.752447696264514	0.484137717733455	1.02075767479557	0.200269421105991	1.30462597142304	0.0014673297925528	0.0266651810017218	55.4300110961699	0.0302141984477912	1.0	True		1.00489639823981	0.704263657571077	1.30552913890854	1.39585212221207e-08	2.14158133818838e-08	9.11758726636394e-08	True	True	True	True		0.683108170703985	0.548295500418479	0.817920840989492	2.3561667946489e-19	2.9171588886129203e-19	1.14455060182832e-18	True	True	True	MANF	current_symbol	current symbol present in frozen matrix	True	True	True	True
22977	AKR7A3	intermediate		5	144	-1.37118154693966	-1.86346343714145	-0.878899656737864	-2.42614074341115	-0.316222350468157	0.0015057239905147	0.0270607022391699	68.4030050604358	0.112937769639657	1.0	True		-2.60558305807117	-3.3749561126841	-1.83621000345825	1.0078033855278e-08	1.5897743546354e-08	6.83081281697349e-08	True	True	True	True		-2.69840374980701	-3.01930161661839	-2.37750588299563	1.55984522392374e-39	7.37381378582132e-39	4.23984334530844e-38	True	True	True	AKR7A3	current_symbol	current symbol present in frozen matrix	True	True	True	True
9719	ADAMTSL2	intermediate		5	144	-1.37032210959132	-1.86265352911546	-0.877990690067177	-2.39077708150941	-0.349867137673233	0.0015098822026451	0.0270694017806083	71.5046365185106	0.103641803718152	1.0	True		-2.12025306637873	-2.71748256606764	-1.52302356668981	3.00419848169612e-09	5.098033787120691e-09	2.33897243301423e-08	True	True	True	True		-2.4692493778604	-2.7824576704284	-2.1560410852924	2.375294297319e-36	7.26560608591694e-36	4.71477646523228e-35	True	True	True	ADAMTSL2	current_symbol	current symbol present in frozen matrix	True	True	True	True
5993	RFX5	intermediate		6	167	0.636224316933827	0.374315467344911	0.898133166522744	0.121335640069637	1.15111299379802	0.0015429418453732	0.027263654433374	74.1274837803629	0.0297393078747834	1.0	True		1.24694966636991	0.99613231992364	1.49776701281617	1.02057233961777e-13	7.1440063773244e-13	2.6720904885276698e-12	True	True	True	True		1.07179988849018	0.954901748530206	1.18869802845015	4.4371078185414e-44	3.54968625483312e-43	1.91677115205874e-42	True	True	True	RFX5	current_symbol	current symbol present in frozen matrix	True	True	True	True
54206	ERRFI1	intermediate		5	144	-1.12146140416682	-1.52739851953009	-0.715524288803548	-1.98956185195038	-0.253360956383262	0.0015531618785505	0.0273100173143949	74.0469657162727	0.0763834968140608	1.0	True		-1.93470277180432	-2.27241893028887	-1.59698661331977	5.94075485827178e-16	5.544704534386991e-15	2.82718537434532e-14	True	True	True	True		-1.64814487736698	-1.84985265705071	-1.44643709768325	4.28382917805059e-38	1.71353167122024e-37	1.0311560458061299e-36	True	True	True	ERRFI1	current_symbol	current symbol present in frozen matrix	True	True	True	True
10923	SUB1	intermediate		5	144	0.600168043980239	0.382479958529058	0.817856129431421	0.146070495446291	1.05426559251419	0.001565225787444	0.0273291652661832	65.3965693581465	0.0206023796833989	1.0	True		0.501207191775756	0.358277766382663	0.64413661716885	4.14455015432797e-09	6.928203243055711e-09	3.09743301987174e-08	True	True	True	True		0.501352312202788	0.421440900156943	0.581263724248633	1.5700242779649798e-26	2.55128945169309e-26	1.34505001555805e-25	True	True	True	SUB1	current_symbol	current symbol present in frozen matrix	True	True	True	True
27141	CIDEB	intermediate		6	167	-1.11397149852274	-1.57439431126807	-0.653548685777417	-1.89355203388345	-0.334390963162029	0.0015711169585259	0.0273291652661832	56.1406433238712	0.0598915215447599	0.833333333333333	False	filtered_low_expression_before_voom								False	False	True		-1.74761505377689	-1.92756774663278	-1.567662360921	2.83659210900932e-47	2.95005579336969e-46	1.77085700276314e-45	True	True	True	CIDEB	current_symbol	current symbol present in frozen matrix	False			
166785	MMAA	intermediate		5	144	-0.653835674535683	-0.898440162693108	-0.409231186378258	-1.06694135208522	-0.240729996986142	0.0017593761002456	0.0287343359437929	64.7288807192312	0.0143767043850106	1.0	False	absent_from_NA_count_matrix								False	False	True		-0.982782286807966	-1.11226957545274	-0.853294998163192	1.4680132623710199e-34	3.72374095820942e-34	2.46832846799882e-33	True	True	True	MMAA	current_symbol	current symbol present in frozen matrix	False			
90634	N4BP2L1	intermediate		5	144	-0.640803631975571	-0.880769313540227	-0.400837950410915	-1.07553224969417	-0.206075014256971	0.0017659365297293	0.0287627514851275	62.8159876520352	0.0170464979831219	1.0	True		-1.8249786657039	-2.12702779683629	-1.52292953457152	7.6948300331792e-17	7.83473603378246e-16	4.50201916441629e-15	True	True	True	True		-1.41549354096908	-1.5845908283845	-1.24639625355367	2.64625259562176e-39	1.19656639106375e-38	7.09320311399833e-38	True	True	True	N4BP2L1	current_symbol	current symbol present in frozen matrix	True	True	True	True
6296	ACSM3	intermediate		5	144	-1.39935184662258	-1.92509172202042	-0.873611971224735	-2.43197238432658	-0.366731308918575	0.0017878514106168	0.0289092504517092	73.7909174305991	0.1024696960497	1.0	True		-2.57974684852158	-3.04819595629616	-2.11129774074699	2.60394142541378e-15	2.0831531403310202e-14	1.04270871861134e-13	True	True	True	True		-2.02441622330505	-2.24847949807785	-1.80035294853224	2.7595076835101397e-43	1.79367999428159e-42	1.0921217218603599e-41	True	True	True	ACSM3	current_symbol	current symbol present in frozen matrix	True	True	True	True
54102	CLIC6	intermediate		5	144	-0.718345305908593	-0.990612564540173	-0.446078047277013	-1.25428561550281	-0.182404996314374	0.0018481012356529	0.0293205572719323	53.000196005671	0.0276446104814864	1.0	True		-2.52916627796516	-3.39948697968521	-1.65884557624511	3.46461493533496e-07	4.40950991769904e-07	1.64829766157823e-06	True	True	True	True		-1.92842099758054	-2.41716057101321	-1.43968142414788	3.67226170620345e-13	3.9372702829397797e-13	1.15748014332501e-12	True	True	True	CLIC6	current_symbol	current symbol present in frozen matrix	True	True	True	True
10974	ADIRF	intermediate		5	144	-1.67336498909767	-2.30918045347345	-1.03754952472188	-2.75952007221122	-0.587209905984115	0.0018654692109098	0.02933888309067	50.0756653646498	0.100597616853389	1.0	False	filtered_low_expression_before_voom								False	False	False	absent_after_identifier_harmonization								False	False	ADIRF	unmapped		False			
642946	FLVCR1-DT	intermediate		5	144	0.753657650113627	0.467239120097292	1.04007618012996	0.165251287072071	1.34206401315518	0.0018668708290655	0.02933888309067	66.6227743000329	0.0342714433885045	1.0	True		1.47375194495387	1.15467852405031	1.79282536585743	1.22986707876643e-12	4.91946831506573e-12	2.31164812151813e-11	True	True	True	False	absent_after_identifier_harmonization								False	False	FLVCR1-DT	unmapped		False			
8655	DYNLL1	intermediate		5	144	0.771267794443017	0.477237402013701	1.06529818687233	0.235346417602072	1.30718917128396	0.0018890194428745	0.0294523728326812	66.614107167751	0.0260432005108188	1.0	True		0.611651646390912	0.442005711009559	0.781297581772265	1.99509189432486e-09	3.6040369703933e-09	1.61099297521632e-08	True	True	True	True		0.478141613043806	0.393430566158855	0.562852659928757	9.590556131185191e-23	1.31239189163587e-22	6.133708949333349e-22	True	True	True	DYNLL1	current_symbol	current symbol present in frozen matrix	True	True	True	True
2806	GOT2	intermediate		6	167	-0.946275158759096	-1.35794659982182	-0.534603717696368	-1.69499777749936	-0.197552540018827	0.0019769263592232	0.0299635747926304	70.6401239535663	0.0591886558030521	0.833333333333333	True		-1.38272679796657	-1.68899816601233	-1.07645542992082	2.59042267866683e-12	9.67091133368949e-12	4.4569503164710496e-11	True	True	True	True		-1.18159323758298	-1.34291751761596	-1.02026895755001	6.1365713633130194e-33	1.32959046205115e-32	8.99705042380279e-32	True	True	True	GOT2	current_symbol	current symbol present in frozen matrix	True	True	True	True
22889	KHDC4	intermediate		5	144	0.666462419152729	0.405855614362705	0.927069223942753	0.157476136679758	1.1754487016257	0.0020781746653647	0.0304834200669758	67.927137817836	0.0247969739143694	1.0	True		0.862267251501943	0.684777739246982	1.0397567637569	2.25879524032648e-13	1.33150035219245e-12	5.2627912318142294e-12	True	True	True	False	absent_after_identifier_harmonization								False	False	KHDC4	unmapped		False			
78989	COLEC11	intermediate		6	167	-1.10998028202925	-1.5979885869342	-0.621971977124304	-2.06446908935473	-0.155491474703772	0.0020720108057423	0.0304834200669758	67.9828390454491	0.101832306303367	1.0	True		-2.13667402420464	-2.66030288757409	-1.6130451608352	6.03075523836394e-11	1.57080136441107e-10	7.25219161037359e-10	True	True	True	True		-2.21896792897322	-2.46674495636478	-1.97119090158166	8.21062129744236e-43	5.0229683231412095e-42	3.08543988290101e-41	True	True	True	COLEC11	current_symbol	current symbol present in frozen matrix	True	True	True	True
79080	CCDC86	intermediate		5	144	0.604123894517019	0.367552808368732	0.840694980665306	0.143778458015129	1.06446933101891	0.0020894420152316	0.0305563824122931	63.0955361795364	0.0202307919360899	1.0	True		0.544511241065807	0.351820948362998	0.737201533768615	6.20827968732753e-07	7.64095961517234e-07	2.76695232179013e-06	True	True	True	True		0.544834745071075	0.434079209229909	0.655590280912242	1.66983412389716e-18	1.9961235504058e-18	7.63798151732019e-18	True	True	True	CCDC86	current_symbol	current symbol present in frozen matrix	True	True	True	True
55337	SHFL	intermediate		5	144	-0.843427298991881	-1.17388511638688	-0.512969481596886	-1.53141442959584	-0.15544016838792	0.0020936488283065	0.0305679559760907	71.3269271942113	0.0472357733928353	1.0	True		-0.88144697207152	-1.13527697037617	-0.627616973766865	5.3341936612230506e-09	8.65840130517365e-09	3.88453349552416e-08	True	True	True	False	absent_after_identifier_harmonization								False	False	SHFL	unmapped		False			
929	CD14	intermediate		6	167	-1.15236810445799	-1.66197496611962	-0.64276124279636	-2.21045756359824	-0.0942786453177393	0.0021264470574829	0.0307657778240864	72.7899417558871	0.130125353688938	1.0	True		-2.03750562993073	-2.47324132627282	-1.60176993358864	8.18614061083722e-13	4.07631712784445e-12	1.61423682045187e-11	True	True	True	True		-1.4841263851456	-1.70453709881899	-1.26371567147222	2.50395114588634e-29	4.82242442911443e-29	2.7163097828665e-28	True	True	True	CD14	current_symbol	current symbol present in frozen matrix	True	True	True	True
23645	PPP1R15A	intermediate		6	167	-0.632323846607318	-0.914197192884729	-0.350450500329906	-1.19085793585653	-0.0737897573581031	0.0022032684421864	0.0313501630485988	61.4264775398427	0.0351863773838139	1.0	True		-1.11523087284387	-1.39859374812838	-0.831867997559357	1.7444338324313102e-10	4.15694870707036e-10	1.8379946510347901e-09	True	True	True	True		-0.791857178370565	-0.960982035006593	-0.622732321734536	3.70181499446244e-17	4.1846604285227604e-17	1.54067151801788e-16	True	True	True	PPP1R15A	current_symbol	current symbol present in frozen matrix	True	True	True	True
5118	PCOLCE	intermediate		6	167	-0.972999630717017	-1.40833174015256	-0.53766752128147	-1.75103769195228	-0.194961569481749	0.0022394207841747	0.031543962323982	54.6371747940859	0.0629291828330639	0.833333333333333	True		-1.16301627536612	-1.75884507616867	-0.567187474563558	0.0002613063343679	0.0002760972589547	0.0006467393735691	True	True	True	True		-1.12361663083521	-1.33524699893283	-0.911986262737598	9.15741807860777e-21	1.1904643502190101e-20	5.0063139004321003e-20	True	True	True	PCOLCE	current_symbol	current symbol present in frozen matrix	True	True	True	True
84988	PPP1R16A	intermediate		6	167	0.64241938081857	0.353022007022114	0.931816754615026	-0.0259595965785475	1.31079835821569	0.0023082587216794	0.0319850876572599	68.1344894265677	0.0549312358376731	1.0	True		1.05656908513745	0.692296629206898	1.42084154106801	3.60703165720941e-07	4.53918590570173e-07	1.70826662604137e-06	True	True	True	True		0.889669369591269	0.760082330538577	1.01925640864396	3.91609413559801e-30	7.985760590239079e-30	4.57658030230847e-29	True	True	True	PPP1R16A	current_symbol	current symbol present in frozen matrix	True	True	True	True
254295	PHYHD1	intermediate		5	144	-0.907631361380325	-1.2750196736102	-0.540243049150454	-1.67651718091397	-0.13874554184668	0.0023653509433627	0.0322829974321606	69.7907239204106	0.0591817483057209	1.0	True		-1.7899899435816	-2.36342099463528	-1.21655889252792	7.13763902097675e-08	9.99269462936744e-08	3.97276978853299e-07	True	True	True	True		-1.71856037032112	-1.96969165622557	-1.46742908441666	5.347134702268709e-30	1.04924907365273e-29	6.17809539659739e-29	True	True	True	PHYHD1	current_symbol	current symbol present in frozen matrix	True	True	True	True
2114	ETS2	intermediate		6	167	-0.728701388513261	-1.05984733288045	-0.397555444146074	-1.40749035042324	-0.0499124266032858	0.0023991810367571	0.032509720331531	68.1964888000085	0.0531329617478865	1.0	True		-1.84736891286176	-2.12418603215401	-1.57055179356952	1.4563047393857599e-18	2.03882663514006e-17	1.32781155942331e-16	True	True	True	True		-1.48000312560066	-1.63212555939721	-1.32788069180412	2.24210557225766e-47	2.59087755016441e-46	1.42735095854942e-45	True	True	True	ETS2	current_symbol	current symbol present in frozen matrix	True	True	True	True
8365	H4C8	intermediate		5	144	0.755961352822337	0.447458316347738	1.06446438929694	0.174859520193871	1.3370631854508	0.0024385729454083	0.032724962635739	63.1719125102193	0.0314588543344787	1.0	True		2.35560216975668	1.87280449160766	2.8383998479057	1.94981927321704e-13	1.21322088111282e-12	4.6325220577783296e-12	True	True	True	False	absent_after_identifier_harmonization								False	False	H4C8	unmapped		False			
4153	MBL2	intermediate		6	167	-1.50680659050837	-2.19664429205027	-0.81696888896647	-2.87833870594275	-0.135274475073985	0.0024789931895824	0.03284577080165	67.7654010020356	0.212658516127386	0.833333333333333	True		-2.96452820081879	-3.71899213537013	-2.21006426626744	1.82822452018907e-10	4.26585721377449e-10	1.9172479110917702e-09	True	True	True	True		-2.29184291830797	-2.63338558180636	-1.95030025480958	3.46852312654637e-29	6.55866191201495e-29	3.7189101422743497e-28	True	True	True	MBL2	current_symbol	current symbol present in frozen matrix	True	True	True	True
10449	ACAA2	intermediate		6	167	-0.805660746209632	-1.17648286649449	-0.43483862592477	-1.50671292378943	-0.104608568629834	0.0025381611175943	0.0329225246412599	65.9958256597965	0.0535670325381347	1.0	True		-1.74587704375465	-2.08397280840313	-1.40778127910617	2.68967253541253e-14	2.00828882644136e-13	8.23356269475042e-13	True	True	True	True		-1.55135800762835	-1.73768732894791	-1.36502868630878	4.9472315082827004e-39	2.14380032025584e-38	1.28342857077473e-37	True	True	True	ACAA2	current_symbol	current symbol present in frozen matrix	True	True	True	True
6913	TBX15	intermediate		5	144	-1.02648636651222	-1.45029896304082	-0.60267376998363	-1.85891987643622	-0.194052856588227	0.0025469355243642	0.0329584701409357	60.4517978999938	0.0665912453060567	1.0	True		-2.12526038152287	-2.84874709217404	-1.4017736708717	2.75285285138909e-07	3.62728846300681e-07	1.34272327396259e-06	True	True	True	True		-2.17690819107162	-2.50358315863564	-1.85023322350759	6.6590734616002e-29	1.2149888421165299e-28	6.98877704459591e-28	True	True	True	TBX15	current_symbol	current symbol present in frozen matrix	True	True	True	True
29968	PSAT1	intermediate		5	144	-0.692243644646195	-0.978264500850308	-0.406222788442082	-1.31064260969433	-0.0738446795980589	0.0025538984852802	0.0329832488358709	64.481739142509	0.0389963807300432	1.0	True		-1.86784515647775	-2.44936889666934	-1.28632141628616	3.66457112669998e-08	5.33028527519997e-08	2.17570556005628e-07	True	True	True	True		-1.38108276813433	-1.64831298279122	-1.11385255347743	6.11336472728609e-20	7.66011965828619e-20	3.12086382398226e-19	True	True	True	PSAT1	current_symbol	current symbol present in frozen matrix	True	True	True	True
6347	CCL2	intermediate		6	167	-1.13490660492001	-1.66448517378043	-0.605328036059594	-2.25176986576465	-0.0180433440753773	0.002695983180652	0.0335358574938648	64.4075976356847	0.146329606023501	1.0	True		-1.70447377483222	-2.30019105227345	-1.108756497391	4.80131207110825e-07	5.97496613293471e-07	2.1955065156934e-06	True	True	True	True		-1.81711822525545	-2.12751859136434	-1.50671785914656	5.35141141999311e-24	7.83868715041244e-24	3.7483121683361105e-23	True	True	True	CCL2	current_symbol	current symbol present in frozen matrix	True	True	True	True
115353	LRRC42	intermediate		5	144	0.637937177006998	0.367837339798658	0.908037014215338	0.146856067962821	1.12901828605117	0.0027969250711272	0.0338071787206911	58.2444214655321	0.0218205249751308	1.0	True		0.554539491679151	0.366258034169053	0.74282094918925	2.60143180047573e-07	3.46857573396764e-07	1.27482371518149e-06	True	True	True	True		0.569260851597455	0.47560927665382	0.662912426541091	2.38792836252776e-25	3.6521257309248103e-25	1.86044998389693e-24	True	True	True	LRRC42	current_symbol	current symbol present in frozen matrix	True	True	True	True
7764	ZNF217	intermediate		6	167	0.603953013036935	0.317912404984111	0.889993621089759	0.0490112127105378	1.15889481336333	0.0028774363652039	0.0342233295263454	67.7413386729725	0.0342228970172511	1.0	True		0.091587758735951	-0.100724698361865	0.283900215833767	0.343737163540916	0.343737163540916	0.410205241582327	True	False	False	True		0.202950244922208	0.0914130949494147	0.314487394895002	0.0004184581355321	0.0004184581355321	0.0006514697367028	True	True	True	ZNF217	current_symbol	current symbol present in frozen matrix	True	True	False	False
3294	HSD17B2	intermediate		6	167	-1.08881372069727	-1.61528141470727	-0.562346026687272	-2.33573569482053	0.158108253425982	0.0031495728016843	0.0358204382963748	73.7695474210261	0.193351582494282	1.0	True		-1.89560418844491	-2.42722686996733	-1.36398150692249	2.6776679342975904e-09	4.68591888502078e-09	2.11098926723552e-08	True	True	True	True		-1.83430206373625	-2.08386824295534	-1.58473588451717	4.2788332175186e-33	9.67388379612901e-33	6.340601780906401e-32	True	True	True	HSD17B2	current_symbol	current symbol present in frozen matrix	True	True	True	True
92912	UBE2Q2	intermediate		5	144	0.677866563077852	0.379201199973143	0.97653192618256	0.0492350306077571	1.30649809554795	0.003241524753594	0.0361588269628663	51.9103601848198	0.0396926448623109	1.0	True		0.687140584368478	0.390386182250572	0.983894986486385	2.31436543060434e-05	2.56642503195729e-05	7.18817826835953e-05	True	True	True	True		0.690908023573645	0.528086183905831	0.853729863241459	9.70084485687219e-15	1.06198722643653e-14	3.39986328350321e-14	True	True	True	UBE2Q2	current_symbol	current symbol present in frozen matrix	True	True	True	True
283537	SLC46A3	intermediate		5	144	-1.37062712997461	-1.97716641963473	-0.764087840314501	-2.66495717313842	-0.0762970868108035	0.0032942859067568	0.0363612455553973	73.517142022401	0.169601783443074	1.0	True		-2.14487222951344	-2.7271785351497	-1.56256592387718	1.12099264609274e-09	2.05821600594077e-09	9.65422544547527e-09	True	True	True	True		-1.57915779949627	-1.83381500641017	-1.32450059258237	4.33180991329024e-26	6.93089586126439e-26	3.57194364089927e-25	True	True	True	SLC46A3	current_symbol	current symbol present in frozen matrix	True	True	True	True
252995	FNDC5	intermediate		5	144	-0.877335213949898	-1.27032426182357	-0.484346166076229	-1.64114642783964	-0.113524000060159	0.0034452094177433	0.0370088281983207	50.1567078338452	0.0556475287066547	1.0	True		-1.06681563073393	-1.87990497063941	-0.253726290828446	0.0111136499662947	0.0113157163293183	0.0194073630963949	True	True	True	True		-1.10305497023864	-1.48339625210171	-0.722713688375579	3.8295747609488e-08	3.90466446214387e-08	8.28827559255671e-08	True	True	True	FNDC5	current_symbol	current symbol present in frozen matrix	True	True	True	True
6309	SC5D	intermediate		5	144	-0.703332375281895	-1.01877503438562	-0.387889716178167	-1.33981575384124	-0.0668489967225474	0.0034611717766495	0.0371188005555073	63.1306491148401	0.0396447007189224	1.0	True		-1.03161961539405	-1.48880968648537	-0.574429544302734	3.46865488635969e-05	3.80871909090476e-05	0.000103366443768	True	True	True	False	absent_after_identifier_harmonization								False	False	SC5D	unmapped		False			
3020	H3-3A	intermediate		5	144	0.632215894089263	0.347197373954142	0.917234414224384	0.095094971328833	1.16933681684969	0.003527768743706	0.037290842144754	70.694601208546	0.0268871200738448	1.0	True		0.413890155650818	0.237658164696364	0.590122146605272	1.84290746638399e-05	2.06405636235007e-05	5.84452141000085e-05	True	True	True	False	absent_after_identifier_harmonization								False	False	H3-3A	unmapped		False			
154661	RUNDC3B	intermediate		5	144	-0.952996989696355	-1.38252824191889	-0.523465737473819	-1.77262126436418	-0.133372715028527	0.0035246477754236	0.037290842144754	60.2761719823799	0.0632130162792296	1.0	True		-1.21430042925683	-1.6547399373014	-0.773860921212258	1.02169002337431e-06	1.19197169393669e-06	4.34926609460891e-06	True	True	True	True		-0.814600556221917	-1.05377306023579	-0.57542805220804	1.86103425646696e-10	1.91631250170855e-10	4.78244535458838e-10	True	True	True	RUNDC3B	current_symbol	current symbol present in frozen matrix	True	True	True	True
284018	C17orf58	intermediate		5	144	0.585575810999466	0.32155415253882	0.849597469460112	0.0800747801277567	1.09107684187118	0.0035292267160332	0.037290842144754	72.5141723023829	0.0241058963912994	1.0	True		0.69691542732789	0.486414290885383	0.907416563770396	1.76671839168992e-08	2.67395216039556e-08	1.12546235362464e-07	True	True	True	True		0.852690382758928	0.74183870141007	0.963542064107786	3.48596392710385e-35	9.063506210470011e-35	6.24665369270749e-34	True	True	True	C17orf58	current_symbol	current symbol present in frozen matrix	True	True	True	True
994	CDC25B	intermediate		6	167	0.605471944570272	0.303884623305477	0.907059265835067	-0.0401979708483532	1.2511418599889	0.0035825038750229	0.0375669709214474	69.1030020384912	0.0493250764315126	1.0	True		0.72047457965246	0.46341845848915	0.97753070081577	7.33734825701315e-07	8.74237239133482e-07	3.22246456269439e-06	True	True	True	True		0.61435900411247	0.489992882934184	0.738725125290755	1.27141477206045e-18	1.53752484063124e-18	5.87668738564266e-18	True	True	True	CDC25B	current_symbol	current symbol present in frozen matrix	True	True	True	True
201895	SMIM14	intermediate		5	144	-0.696498990351458	-1.01181165528471	-0.381186325418205	-1.32021598675692	-0.0727819939459936	0.0035823818265716	0.0375669709214474	68.5361570809724	0.0375683046684169	1.0	True		-1.19641944974528	-1.48253301528795	-0.910305884202603	2.8820439954458498e-11	7.872900670486229e-11	3.81761106909439e-10	True	True	True	False	absent_after_identifier_harmonization								False	False	SMIM14	unmapped		False			
57149	LYRM1	intermediate		5	144	-0.699371459872506	-1.01865668946618	-0.380086230278836	-1.26151576044574	-0.137227159299268	0.0036947784225511	0.0381589527724517	63.059492726938	0.0277692239775372	0.8	True		-0.834166614173907	-1.05764420069357	-0.61068902765424	7.79005165046637e-10	1.5306768155302301e-09	6.961691706127391e-09	True	True	True	True		-0.847793969243082	-0.963170897433636	-0.732417041052528	4.39632478121881e-33	9.72803781376077e-33	6.50972253182308e-32	True	True	True	LYRM1	current_symbol	current symbol present in frozen matrix	True	True	True	True
128346	C1orf162	intermediate		5	144	-1.0024802936337	-1.46214712330974	-0.542813463957662	-1.95002821920836	-0.0549323680590381	0.0037544986360522	0.038466853844165	73.5038209061485	0.0890627680001682	1.0	True		-1.4278688003398	-1.79688310316046	-1.05885449751913	2.84102785130542e-10	6.36390238692414e-10	2.8569025734032704e-09	True	True	True	True		-1.18200956041705	-1.35850305691219	-1.00551606392191	4.16844985542452e-29	7.741406874359819e-29	4.44473884584192e-28	True	True	True	C1orf162	current_symbol	current symbol present in frozen matrix	True	True	True	True
201799	TMEM154	intermediate		5	144	-0.741373414196669	-1.08146854385436	-0.401278284538979	-1.42870601165396	-0.0540408167393761	0.0037607259344854	0.038466853844165	66.4191534341522	0.0462806745167967	1.0	True		-2.6150448043466	-3.1776780293814	-2.05241157931181	1.00010310958328e-12	4.66714784472196e-12	1.9189478415129098e-11	True	True	True	True		-1.61828859470864	-1.89753527599875	-1.33904191341854	1.2064642029261e-23	1.69557131222047e-23	8.201159718731571e-23	True	True	True	TMEM154	current_symbol	current symbol present in frozen matrix	True	True	True	True
389432	SAMD5	intermediate		5	144	-0.839367663536335	-1.22548896356177	-0.453246363510905	-1.56479573459288	-0.11393959247979	0.0037993122731921	0.0385018662795669	65.0899240287752	0.0489263819303061	1.0	True		-2.56128360231469	-3.28099128282479	-1.84157592180458	2.81819998351132e-09	4.85597535620411e-09	2.20512529444461e-08	True	True	True	True		-2.01191390388826	-2.342869900938	-1.68095790683851	2.36807675050163e-25	3.6521257309248103e-25	1.84572651439622e-24	True	True	True	SAMD5	current_symbol	current symbol present in frozen matrix	True	True	True	True
57600	FNIP2	intermediate		5	144	-0.69264250154225	-1.01147903054312	-0.373805972541384	-1.20450003484071	-0.180784968243786	0.0038085474429908	0.0385143951760701	59.3593814602423	0.0208001992292171	1.0	True		-1.39381935247638	-1.76376759835295	-1.0238711065998	6.018461735436681e-10	1.2036923470873301e-09	5.5041504317600504e-09	True	True	True	True		-0.907119294624434	-1.09519937741156	-0.719039211837306	5.90849685796415e-18	6.75256783767332e-18	2.5982081275205702e-17	True	True	True	FNIP2	current_symbol	current symbol present in frozen matrix	True	True	True	True
5342	PLGLB2	intermediate		4	139	-0.854252149275789	-1.18706770758096	-0.521436590970621	-1.49640140022967	-0.212102898321911	0.0038378790009596	0.0386378144641048	68.6398026560432	0.0297778951601896	1.0	True		-1.86812402057254	-2.38993448424535	-1.34631355689973	2.40722914702714e-09	4.2795184836038e-09	1.90835375974703e-08	True	True	True	True		-1.75977511051963	-1.99547058913548	-1.52407963190378	8.32867607346591e-34	2.0143774689312898e-33	1.3222841760074002e-32	True	True	True	PLGLB2	current_symbol	current symbol present in frozen matrix	True	True	True	True
57406	ABHD6	intermediate		5	144	-0.744159262239815	-1.08812023086916	-0.400198293610468	-1.41184656521173	-0.0764719592678977	0.0038663640723704	0.0387552161541325	69.6892787798394	0.0424843904090498	1.0	True		-1.16875153143805	-1.50927661732242	-0.828226445553674	7.192761307831941e-09	1.15084180925311e-08	5.08429181926522e-08	True	True	True	True		-1.05353733474795	-1.21692791074929	-0.890146758746621	1.3751977189808e-27	2.38367604623339e-27	1.28882331503319e-26	True	True	True	ABHD6	current_symbol	current symbol present in frozen matrix	True	True	True	True
4060	LUM	intermediate		6	167	-0.72401345968857	-1.0955164410824	-0.352510478294738	-1.46544805879637	0.0174211394192336	0.0040706237480673	0.0398601464367114	53.7062090744084	0.0623059310766597	1.0	True		-1.55022448628829	-2.35657065182343	-0.743878320753156	0.0003154472094367	0.0003301877332421	0.0007654923989693	True	True	True	True		-1.68883418292438	-2.15932428501161	-1.21834408083715	2.3694879314873e-11	2.4642674487467898e-11	6.544412721289249e-11	True	True	True	LUM	current_symbol	current symbol present in frozen matrix	True	True	True	True
27289	RND1	intermediate		6	167	-0.638003132842401	-0.966788068828835	-0.309218196855967	-1.36732187171378	0.0913156060289789	0.0041464995635329	0.0403714061893813	64.31862884743	0.0641363924471375	1.0	True		-1.08361961767457	-1.57777022073598	-0.589469014613156	5.33700975521842e-05	5.80335041344139e-05	0.0001529311159177	True	True	True	True		-1.17723997861041	-1.44475943726951	-0.909720519951316	1.3544363987329101e-15	1.4985253773215202e-15	5.03794111564059e-15	True	True	True	RND1	current_symbol	current symbol present in frozen matrix	True	True	True	True
3697	ITIH1	intermediate		6	167	-0.837234776025658	-1.26908223025555	-0.40538732179577	-1.53243278610907	-0.142036765942247	0.0041626243195473	0.0403853524769091	50.9450925116541	0.0449172134770792	0.833333333333333	True		-2.46780488514143	-3.28524983277162	-1.65035993751123	1.51716635722575e-07	2.07222721962541e-07	7.83710777139014e-07	True	True	True	True		-2.19825833361356	-2.65139950873725	-1.74511715848987	4.08824988660775e-18	4.7772807663731e-18	1.82261921344206e-17	True	True	True	ITIH1	current_symbol	current symbol present in frozen matrix	True	True	True	True
25903	OLFML2B	intermediate		5	144	0.629426057186168	0.3313454809529	0.927506633419436	0.0504147803712391	1.2084373340011	0.0042255534090652	0.0407090452218885	61.7015453444353	0.0319643661535784	1.0	True		2.87329013814339	2.47557536357856	3.27100491270822	5.4041793720000105e-20	8.646686995200021e-19	6.99282945681026e-18	True	True	True	True		2.34696940780058	2.06811285878804	2.62582595681313	1.40578475327862e-39	6.96198163528459e-39	3.84811206933537e-38	True	True	True	OLFML2B	current_symbol	current symbol present in frozen matrix	True	True	True	True
7057	THBS1	intermediate		6	167	-0.791375180107484	-1.20115649846576	-0.381593861749213	-1.69932944096602	0.116579080751046	0.0042323139908758	0.0407522433763736	67.2145251892011	0.0993448913652107	1.0	True		-2.17019761092946	-2.66041882714899	-1.67997639470993	4.86781927539258e-12	1.6521083601332398e-11	7.781523819784489e-11	True	True	True	True		-1.70318381660188	-1.99488407783076	-1.41148355537299	6.60987749065556e-24	9.54760081983581e-24	4.58005582086133e-23	True	True	True	THBS1	current_symbol	current symbol present in frozen matrix	True	True	True	True
5050	PAFAH1B3	intermediate		6	167	0.816991557246348	0.388940603009632	1.24504251148306	0.0827451856462433	1.55123792884645	0.0044500770731644	0.0416629427462599	59.3907341665831	0.0538583515075005	0.833333333333333	True		1.62664100627311	1.25131392699985	2.00196808554638	9.53263288333476e-12	2.8855537376580898e-11	1.4133314730628301e-10	True	True	True	True		1.52127357687357	1.33057335144804	1.71197380229911	6.40918004113312e-37	2.2984645664753297e-36	1.34822675365271e-35	True	True	True	PAFAH1B3	current_symbol	current symbol present in frozen matrix	True	True	True	True
22822	PHLDA1	intermediate		6	167	-0.749756055180773	-1.14452906732642	-0.354983043035125	-1.67141577265296	0.171903662291414	0.0045447992997814	0.0418973475000115	74.7785450080505	0.104967062327851	1.0	True		-2.40469139262849	-2.94255336422824	-1.86682942102875	3.54999332726163e-12	1.2424976645415698e-11	5.86929730991926e-11	True	True	True	True		-1.98704136778938	-2.18855506943607	-1.78552766614269	3.84284868600079e-48	4.99570329180103e-47	2.6186848809920203e-46	True	True	True	PHLDA1	current_symbol	current symbol present in frozen matrix	True	True	True	True
29958	DMGDH	intermediate		6	167	-0.894292651948564	-1.3716449600577	-0.416940343839427	-1.67995570349666	-0.10862960040047	0.0048160169456689	0.0427180675803318	62.1341339060055	0.0589297259988696	0.833333333333333	True		-2.04753443061689	-2.5975679870694	-1.49750087416438	8.39352073396905e-10	1.6208177969043701e-09	7.424709272980421e-09	True	True	True	True		-1.85037465781164	-2.18583087819591	-1.51491843742737	5.547624548052e-22	7.396832730736e-22	3.34152436596484e-21	True	True	True	DMGDH	current_symbol	current symbol present in frozen matrix	True	True	True	True
55526	DHTKD1	intermediate		5	144	-0.683853366313665	-1.01964572127736	-0.348061011349967	-1.25671614625993	-0.110990586367402	0.0048204719346336	0.0427180675803318	54.0440302827856	0.027944624679029	1.0	True		-1.21616301484648	-1.52114785061198	-0.911178179080968	1.1913069812841e-10	2.96503070897375e-10	1.31378647594284e-09	True	True	True	True		-0.815700398671091	-1.00798764134602	-0.623413155996162	9.85190649393095e-15	1.0672898701758501e-14	3.44968240233482e-14	True	True	True	DHTKD1	current_symbol	current symbol present in frozen matrix	True	True	True	True
55256	ADI1	intermediate		5	144	-0.597318446868208	-0.890858011214948	-0.303778882521469	-1.17522912984388	-0.0194077638925377	0.0048347009878087	0.0427424242886628	59.7496135766782	0.0321476996013074	1.0	True		-1.23090174100377	-1.5629697092805	-0.89883377272704	9.431888961350102e-10	1.79046027740883e-09	8.25923296800103e-09	True	True	True	True		-1.11276450641422	-1.30949158415991	-0.916037428668528	8.135217807363951e-23	1.12808353595447e-22	5.23407148357429e-22	True	True	True	ADI1	current_symbol	current symbol present in frozen matrix	True	True	True	True
6781	STC1	intermediate		6	167	0.590796914280522	0.274011052328042	0.907582776233002	-0.13023364894795	1.31182747750899	0.004909281535478	0.0428873301537611	72.8869671053078	0.0634895146494021	1.0	True		1.36605964056909	0.946734464440777	1.78538481669741	2.61361223043261e-08	3.851639076427e-08	1.59786515782442e-07	True	True	True	True		0.936128801817349	0.679771168372595	1.1924864352621	1.16334784739918e-11	1.2221027891870199e-11	3.2857955182014495e-11	True	True	True	STC1	current_symbol	current symbol present in frozen matrix	True	True	True	True
50808	AK3	intermediate		6	167	-0.592692876044834	-0.91185653731618	-0.273529214773488	-1.27077327574947	0.0853875236598003	0.0049987708922944	0.043171032547501	72.3838581161284	0.0541666905843132	0.833333333333333	True		-1.12294896558116	-1.38142231055414	-0.864475620608184	8.82769316604185e-12	2.7463934294352396e-11	1.31884725096104e-10	True	True	True	True		-0.63457740048447	-0.756780648016013	-0.512374152952926	4.39262898957091e-20	5.57113920628506e-20	2.26694796893775e-19	True	True	True	AK3	current_symbol	current symbol present in frozen matrix	True	True	True	True
646962	HRCT1	intermediate		5	144	0.762991524599011	0.379880680038986	1.14610236915904	-0.0267995202327507	1.55278256943077	0.0052262746584796	0.0440444050785244	66.2656778852887	0.061878037631439	1.0	True		2.48914889631844	1.98661566240675	2.99168213023013	1.16004088543931e-13	7.642622304070719e-13	2.9549283926486097e-12	True	True	True	True		2.24482517177117	1.98625461359695	2.50339572994538	3.56475285149558e-41	1.951233139766e-40	1.13281875098512e-39	True	True	True	HRCT1	current_symbol	current symbol present in frozen matrix	True	True	True	True
10404	CPQ	intermediate		5	144	0.587313486987667	0.29165286772828	0.882974106247055	-0.0425322063824204	1.21715918035775	0.0052751240342286	0.044161421281225	70.8960992810197	0.0401225245801505	1.0	True		0.583988179759278	0.375130965552767	0.792845393965789	7.70103148938583e-07	9.07911080853908e-07	3.37367235672395e-06	True	True	True	False	absent_after_identifier_harmonization								False	False	CPQ	unmapped		False			
25987	TSKU	intermediate		5	144	-0.761525907555659	-1.14587989530737	-0.377171919803949	-1.56290143853767	0.0398496234263529	0.0053246012773743	0.0442480793245133	58.7471738270105	0.0641454624495498	1.0	True		-1.47179049078034	-2.0765443772145	-0.867036604346186	1.01953702315667e-05	1.15341562215704e-05	3.43879603006548e-05	True	True	True	True		-0.710426007235753	-0.978703486651009	-0.442148527820498	4.39910099779026e-07	4.44181071621541e-07	8.76423734921092e-07	True	True	True	TSKU	current_symbol	current symbol present in frozen matrix	True	True	True	True
124	ADH1A	intermediate		5	144	-1.16139295462948	-1.74839661731612	-0.574389291942837	-2.32880920139422	0.0060232921352665	0.0053518742204142	0.0443988379115687	71.6126079176	0.132096765805278	1.0	True		-3.56445628350219	-4.44541033650791	-2.68350223049646	7.75681640206764e-11	1.97446235688994e-10	8.989524382470241e-10	True	True	True	True		-3.17477996151947	-3.62753709838352	-2.72202282465543	4.97166413949681e-31	1.0552103479748299e-30	6.2356847758705e-30	True	True	True	ADH1A	current_symbol	current symbol present in frozen matrix	True	True	True	True
875	CBS	intermediate		6	167	-0.845553526480472	-1.30995537985423	-0.381151673106719	-1.65920210784875	-0.0319049451121969	0.0054318644506917	0.0447030833663977	56.6225997754312	0.0675487737800056	1.0	False	absent_from_NA_count_matrix								False	False	True		-1.69217718667962	-1.95797370400608	-1.42638066935317	4.3048622632161e-27	7.10643929165832e-27	3.86061164874983e-26	True	True	True	CBS	current_symbol	current symbol present in frozen matrix	False			
339324	ZNF260	intermediate		5	144	0.594755296425619	0.290247757120204	0.899262835731034	0.0214229558070647	1.16808763704417	0.0056063157726187	0.0454102396850823	71.8080406738119	0.0306130399253197	1.0	True		0.490287817815031	0.323184034012553	0.65739160161751	2.82399535146504e-07	3.67776138795447e-07	1.37357238949637e-06	True	True	True	True		0.483692822267877	0.400557858553094	0.566827785982659	8.78934238915238e-24	1.2521802855778701e-23	6.029781753182061e-23	True	True	True	ZNF260	current_symbol	current symbol present in frozen matrix	True	True	True	True
6694	SPP2	intermediate		6	167	-1.71692805258778	-2.67696445211967	-0.756891653055898	-3.51618556057219	0.0823294553966201	0.0058550506595728	0.0463054557231985	68.7791841763828	0.350438241312916	0.833333333333333	True		-3.44197544989528	-4.2647251035618	-2.61922579622875	2.8428594191365596e-11	7.872900670486229e-11	3.77528837365743e-10	True	True	True	True		-2.88860037071671	-3.27898342775808	-2.49821731367535	2.1343492199676798e-33	5.0448254290145195e-33	3.26530122166281e-32	True	True	True	SPP2	current_symbol	current symbol present in frozen matrix	True	True	True	True
2542	SLC37A4	intermediate		5	144	-0.737328664952706	-1.12358371133117	-0.351073618574241	-1.52275816466176	0.0481008347563456	0.0060871649030249	0.0469049727783672	72.3974326256285	0.060672970567424	1.0	True		-0.928408535542759	-1.24756431938908	-0.609252751696435	3.39125740435943e-07	4.3657566584857e-07	1.61804470284779e-06	True	True	True	True		-0.91690151260574	-1.07222623250891	-0.761576792702575	2.71792754830496e-24	4.0380637860530804e-24	1.94167780887212e-23	True	True	True	SLC37A4	current_symbol	current symbol present in frozen matrix	True	True	True	True
83643	CCDC3	intermediate		6	167	-0.731106855078824	-1.14826622236262	-0.313947487795033	-1.58580838210154	0.123594671943891	0.0063691971712966	0.0480643462758048	73.3756404558053	0.0842163959419058	1.0	True		-1.42682824113118	-1.86226807411555	-0.991388408146808	2.27138865867702e-08	3.39194039695769e-08	1.40676947108015e-07	True	True	True	True		-1.60984231610115	-1.84101514917303	-1.37866948302928	9.810776047247599e-31	2.0406414178275e-30	1.20169587874926e-29	True	True	True	CCDC3	current_symbol	current symbol present in frozen matrix	True	True	True	True
26022	TMEM98	intermediate		5	144	0.621009792964563	0.290568016934491	0.951451568994634	-0.0606241221366604	1.30264370806579	0.0064368783325323	0.0482249769148412	56.7799155516324	0.0461083517515379	1.0	True		0.824422353050396	0.391261313151248	1.25758339294954	0.0003566065834616	0.0003698142347009	0.0008558230038717	True	True	True	True		0.970147825504528	0.77225009551643	1.16804555549263	2.08856300980831e-18	2.46830173886437e-18	9.49271017586197e-18	True	True	True	TMEM98	current_symbol	current symbol present in frozen matrix	True	True	True	True
51066	SSUH2	intermediate		5	144	0.738657692805928	0.338377536898897	1.13893784871296	-0.130645712495631	1.60796109810749	0.006869332431212	0.0493877979346011	71.4609776489488	0.0772462631437592	1.0	True		2.68472343675094	1.7296808396618	3.63976603384008	6.90839926267987e-07	8.41022518934941e-07	3.04775450143079e-06	True	True	True	False	absent_after_identifier_harmonization								False	False	SSUH2	unmapped		False			
29089	UBE2T	exploratory	I2_ge_75	5	144	1.56916673253117	1.113303451888	2.02503001317434	0.532727729180327	2.60560573588201	0.0006695833885824	0.020133384569272	80.5053287547882	0.112392541723419	1.0																													
4494	MT1F	exploratory	I2_ge_75	5	144	-3.20439781048559	-4.21069098589953	-2.19810463507165	-5.32385868517274	-1.08493693579843	0.0009035375792974	0.0225884394824362	82.1428112377232	0.451374703483638	1.0																													
54825	CDHR2	exploratory	I2_ge_75	5	144	-2.0016848017123	-2.65122204316903	-1.35214756025558	-3.4987821095641	-0.504587493860509	0.0010244235507326	0.023449081276361	84.8035966039866	0.236020876490432	1.0																													
57819	LSM2	exploratory	I2_ge_75	6	167	0.661336903184431	0.410828259187793	0.911845547181068	0.0801001732942383	1.24257363307462	0.0010569833247972	0.023679601394082	79.4765832541784	0.0416292515344335	1.0																													
81610	FAM83D	exploratory	I2_ge_75	5	144	1.58892448083366	1.06525549956896	2.11259346209836	0.530135647295779	2.64771331437155	0.001087115362866	0.0239924629733819	76.3993069276866	0.109851254793358	1.0																													
9920	KBTBD11	exploratory	I2_ge_75	5	144	-1.94440749823926	-2.60532917802007	-1.28348581845844	-3.47166553473883	-0.417149461739693	0.0012230676479535	0.0245956291512756	86.2508083755868	0.245918582006297	1.0																													
84873	ADGRG7	exploratory	I2_ge_75	5	144	-1.58894256485326	-2.12693536140682	-1.05094976829969	-2.80132645126912	-0.376558678437396	0.0012050130470531	0.0245956291512756	83.8449414707633	0.153131720034481	1.0																													
54981	NMRK1	exploratory	I2_ge_75	5	144	-0.706113457244554	-0.947167321177811	-0.465059593311296	-1.25841891995281	-0.153807994536297	0.0012433743053108	0.0247419494648715	76.644260005393	0.0320334223757373	1.0																													
387103	CENPW	exploratory	I2_ge_75	5	144	1.3861553221052	0.911303326225999	1.86100731798439	0.275414137207708	2.49689650700269	0.0012599139422932	0.0248923394779784	83.9838490324212	0.130796170406806	1.0																													
1634	DCN	exploratory	alternative_optimizer	6	167	-1.48801011651214	-2.07538754221161	-0.900632690812657	-2.4177311682377	-0.558289064786566	0.0012758348963432	0.0250136304978569	60.340047517167	0.0785982994978613	1.0																													
114897	C1QTNF1	exploratory	I2_ge_75	5	144	-0.711767025393906	-0.959570542917024	-0.463963507870789	-1.26681034315324	-0.156723707634569	0.0013398801444788	0.0255756165411768	81.247055378173	0.0319986747069058	1.0																													
132671	SPATA18	exploratory	I2_ge_75	5	144	-0.756710316031603	-1.02058435283514	-0.49283627922807	-1.36410393589091	-0.149316696172294	0.0013480855272645	0.025622457923278	76.6556884924882	0.0388262020242049	1.0																													
4501	MT1X	exploratory	I2_ge_75	5	144	-2.62935018532037	-3.55001342967725	-1.70868694096348	-4.66056882598583	-0.598131544654905	0.0013693151553931	0.0256649368834354	82.9272483709722	0.425266350520334	1.0																													
6944	VPS72	exploratory	I2_ge_75	5	144	0.826854428790854	0.532524311348141	1.12118454623357	0.215462226375204	1.4382466312065	0.0014576867071323	0.0265892017403729	76.2961938641536	0.0372529954236415	1.0																													
10376	TUBA1B	exploratory	I2_ge_75	5	144	0.863244245163732	0.553049793790937	1.17343869653653	0.18505807070943	1.54143041961803	0.0015107448256328	0.0270694017806083	76.0330669434695	0.0471828415075942	1.0																													
6175	RPLP0	exploratory	I2_ge_75	6	167	0.641886999703667	0.375895441477088	0.907878557930245	0.0342007871731406	1.24957321223419	0.0015895896944923	0.0274914546197221	82.2652524308447	0.0451779584499685	1.0																													
84869	CBR4	exploratory	I2_ge_75	5	144	-0.918447706021503	-1.25941134352832	-0.577484068514686	-1.67792971918981	-0.158965692853199	0.0017089960451428	0.0284303245428039	78.5470723778237	0.0597454651900848	1.0																													
6799	SULT1A2	exploratory	I2_ge_75	6	167	-0.817484540689917	-1.1625711041446	-0.472397977235237	-1.58854786093795	-0.0464212204418839	0.0017275777831784	0.0285465565587813	78.6749158524445	0.0719524443498034	1.0																													
84870	RSPO3	exploratory	I2_ge_75	5	144	-1.3664615286645	-1.87562816469254	-0.857294892636461	-2.55740375273735	-0.175519304591659	0.0017330713143098	0.0285543725463636	88.8096083228509	0.150362658240264	1.0																													
84619	ZGPAT	exploratory	I2_ge_75	5	144	-1.62605520107251	-2.2346583904891	-1.01745201165593	-3.00752894356154	-0.244581458583484	0.0017624841153759	0.0287588565772375	88.6862913910732	0.199525516576848	1.0																													
84928	TMEM209	exploratory	I2_ge_75	5	144	0.615073615373159	0.383404144883113	0.846743085863205	0.0943126878337819	1.13583454291254	0.0018049752069047	0.0290835767218815	75.4324503922467	0.0282178167169448	1.0																													
54908	SPDL1	exploratory	I2_ge_75	5	144	0.666309622222655	0.4144606985712	0.918158545874111	0.0825149497816512	1.25010429466366	0.001828985867119	0.0292349644738128	85.1844998385478	0.0359840480481818	1.0																													
10402	ST3GAL6	exploratory	I2_ge_75	5	144	-1.03513951528262	-1.43003274061064	-0.6402462899546	-1.94537122155116	-0.124907809014086	0.0018938369346601	0.0294523728326812	81.740453047666	0.0872502091289882	1.0																													
217	ALDH2	exploratory	I2_ge_75	6	167	-1.194154974892	-1.71139676405508	-0.676913185728926	-2.19434676502873	-0.193963184755274	0.0019386940542262	0.0297111503173376	75.6325823799578	0.110904455221296	0.833333333333333																													
119467	CLRN3	exploratory	I2_ge_75	5	144	-2.22024558298603	-3.08300136100027	-1.35748980497179	-4.17071560632628	-0.269775559645787	0.0020298066398332	0.0302527384288224	76.278033820261	0.396954953556281	1.0																													
283600	SLC25A47	exploratory	I2_ge_75	5	144	-2.36726558158015	-3.29412618077124	-1.44040498238907	-4.02414250752135	-0.710388655638962	0.002088210522652	0.0305563824122931	79.7745511209882	0.244682429236187	1.0																													
57510	XPO5	exploratory	I2_ge_75	5	144	0.661320435274325	0.39569039399359	0.92695047655506	0.115132768130299	1.20750810241835	0.0022980797448767	0.0319850876572599	76.1035603337089	0.0295462532446597	1.0																													
29097	CNIH4	exploratory	I2_ge_75	5	144	0.690686283735737	0.410652079049249	0.970720488422225	0.0543516573094378	1.32702091016204	0.0023799382960125	0.0324207728300036	81.4583196028433	0.0423553683432709	1.0																													
255167	LINC01018	exploratory	unresolved_boundary_warning	5	144	-0.973290486246649	-1.36886580956703	-0.577715162926262	-1.36886580956703	-0.577715162926262	0.0024016692782115	0.0325188200302475	0.0	0.0	1.0																													
51126	NAA20	exploratory	I2_ge_75	5	144	0.645394781643035	0.382578268143479	0.90821129514259	0.0882137069724558	1.20257585631361	0.0024190943555681	0.0326050821527862	84.158645028548	0.0313126566806759	1.0																													
86	ACTL6A	exploratory	I2_ge_75	6	167	0.649919234729524	0.352366781023028	0.947471688436019	-0.0251187389819493	1.324957208441	0.0024793640721548	0.03284577080165	81.3240497826734	0.0555606629568789	1.0																													
8318	CDC45	exploratory	I2_ge_75	5	144	1.01356862122313	0.596843461308186	1.43029378113808	0.0471484834492695	1.979988758997	0.0025073529991473	0.03284577080165	84.3044995483418	0.0986305355724803	1.0																													
10171	RCL1	exploratory	I2_ge_75	6	167	-1.12620823977202	-1.64177302259293	-0.610643456951104	-2.26445867509247	0.012042195548438	0.0024783670989387	0.03284577080165	83.0289872104415	0.155845036233229	1.0																													
445	ASS1	exploratory	I2_ge_75	5	144	-1.31712864693411	-1.85960490409885	-0.774652389769378	-2.46572186752761	-0.168535426340613	0.0025236848712016	0.0328980491115953	85.238230664078	0.132965725460103	1.0																													
161247	FITM1	exploratory	I2_ge_75	5	144	-0.76316598378069	-1.07756834561395	-0.448763621947433	-1.47911792881286	-0.047214038748524	0.0025261621311965	0.0328980491115953	80.6768245133286	0.0536719763935161	1.0																													
11145	PLAAT3	exploratory	I2_ge_75	5	144	-0.907363746654007	-1.28302238059852	-0.531705112709489	-1.78012759283751	-0.0345999004705	0.0025731102056643	0.0331119142209867	83.3988449395271	0.0805066424704531	1.0																													
6790	AURKA	exploratory	I2_ge_75	5	144	1.25889195207095	0.735012889040979	1.78277101510092	0.182075472848007	2.33570843129389	0.0026228203949807	0.0331473260826734	82.920727834167	0.114817089013393	1.0																													
221078	NSUN6	exploratory	I2_ge_75	5	144	-0.701021678045437	-0.992039415786193	-0.410003940304681	-1.30097836693768	-0.101064989153189	0.0025992047508892	0.0331473260826734	77.7176129887099	0.0357075229663408	1.0																													
55093	NTAQ1	exploratory	I2_ge_75	5	144	0.77601403897194	0.450006741028471	1.10202133691541	0.0474849394796766	1.5045431384642	0.0027169656939625	0.0336226816607828	81.8040810586581	0.0550646393910104	1.0																													
57643	ZSWIM5	exploratory	I2_ge_75	6	167	0.61192020480788	0.325706903473971	0.89813350614179	-0.0701693356549108	1.29400974527067	0.0027240516492195	0.0336511556390817	78.5919332000106	0.0580106555743385	1.0																													
7443	VRK1	exploratory	I2_ge_75	6	167	0.617139939681817	0.328289184083571	0.905990695280062	-0.0237656667373016	1.25804554610094	0.0027321784220063	0.0336603279292309	80.133945135947	0.0495355081723348	1.0																													
203427	SLC25A43	exploratory	I2_ge_75	5	144	0.649368960503364	0.373019985645882	0.925717935360847	0.0531930809635253	1.2455448400432	0.0028505289346561	0.0341332626016155	80.6305019868237	0.0362005042074577	1.0																													
25854	FAM149A	exploratory	I2_ge_75	5	144	-0.930829287139302	-1.32848846138419	-0.533170112894411	-1.77157794202382	-0.0900806322547849	0.0028916182882238	0.0343633978980987	78.3090013239453	0.0711831079795378	1.0																													
55656	INTS8	exploratory	I2_ge_75	5	144	0.721719036128967	0.412775357146896	1.03066271511104	0.0234265680119886	1.42001150424595	0.0029131936863298	0.0344372248974622	79.2103382837182	0.0508735388672353	1.0																													
284013	VMO1	exploratory	I2_ge_75	5	144	-0.645958730229953	-0.922509454024271	-0.369408006435635	-1.27687419014817	-0.0150432703117348	0.0029146589787516	0.0344372248974622	86.2595730069223	0.0417160102312539	1.0																													
81609	SNX27	exploratory	I2_ge_75	6	167	0.638703682656331	0.334428522458719	0.942978842853943	-0.0255550505161846	1.30296241582885	0.0029520337016441	0.0346319832157106	83.0875797171022	0.0527636265292782	1.0																													
22849	CPEB3	exploratory	I2_ge_75	6	167	-0.860842263401598	-1.27197405090108	-0.449710475902112	-1.64862676257969	-0.0730577642235035	0.0029845813361849	0.0348493189287085	81.1205763938445	0.0683387592576569	0.833333333333333																													
80765	STARD5	exploratory	I2_ge_75	5	144	-0.918527281342802	-1.31416482996536	-0.522889732720243	-1.77778575634393	-0.0592688063416698	0.0029809815338462	0.0348493189287085	85.3795397296744	0.0754731699503406	1.0																													
6894	TARBP1	exploratory	I2_ge_75	6	167	0.724594009570682	0.377782805391692	1.07140521374967	-0.0602862723451338	1.5094742914865	0.0030129384216226	0.0349840707460782	82.9819301609937	0.0750253064962909	1.0																													
10894	LYVE1	exploratory	I2_ge_75	5	144	-1.43954182815298	-2.06275900402489	-0.816324652281062	-2.80245629889172	-0.0766273574142309	0.0030377055277572	0.0351386340131252	87.330853824199	0.190582877356771	1.0																													
10067	SCAMP3	exploratory	I2_ge_75	6	167	0.722794317452814	0.375362925218548	1.07022570968708	-0.0105502619059292	1.45613889681156	0.0030696193352733	0.035357906114152	82.3026486838981	0.06311933738387	0.833333333333333																													
55166	CENPQ	exploratory	I2_ge_75	5	144	0.60438804915192	0.34038924866373	0.868386849640109	0.017913676485416	1.19086242181842	0.0031395830659237	0.0357497053944241	80.500126653257	0.0355778138647727	1.0																													
79658	ARHGAP10	exploratory	I2_ge_75	5	144	-0.988179285806172	-1.42146644249007	-0.554892129122277	-2.00501891833428	0.0286603467219325	0.0031841062124172	0.0359820083347659	86.3613223388932	0.109776077668074	1.0																													
142	PARP1	exploratory	I2_ge_75	6	167	0.606548317645185	0.31245920241382	0.900637432876549	-0.0277478168291373	1.24084445211951	0.0031875186294505	0.0359856582262706	80.0970956195768	0.0477978798028635	0.833333333333333																													
2354	FOSB	exploratory	I2_ge_75	6	167	-2.13804846608782	-3.17646820739955	-1.09962872477609	-4.81637506521633	0.540278133040691	0.0032112828814215	0.0360323115721519	91.215207154528	0.922399875650098	1.0																													
6491	STIL	exploratory	I2_ge_75	5	144	0.769678739400276	0.430887575583807	1.10846990321674	0.0635853777262679	1.47577210107428	0.0032300185659264	0.0361584317261305	82.8315485307023	0.0497867345204911	1.0																													
5710	PSMD4	exploratory	I2_ge_75	6	167	0.762516971094027	0.391536597618522	1.13349734456953	-0.123675551082606	1.64870949327066	0.0032353493675943	0.0361588269628663	87.1379072433379	0.0980207983811134	1.0																													
730	C7	exploratory	I2_ge_75	6	167	-2.18664894795179	-3.25512459764883	-1.11817329825474	-4.67771358430702	0.304415688403445	0.0032968883539893	0.0363612455553973	87.9465470678932	0.766320574697093	1.0																													
10189	ALYREF	exploratory	I2_ge_75	5	144	0.592347798152028	0.330255998070048	0.854439598234007	0.0241913489107263	1.16050424739333	0.0032925235186232	0.0363612455553973	82.3230834345112	0.0329642316255418	1.0																													
8685	MARCO	exploratory	I2_ge_75	6	167	-1.9149730548817	-2.85313272537968	-0.976813384383723	-3.94794411733154	0.117998007568134	0.003334273169776	0.0365036634489246	91.2072720155092	0.492264140911893	1.0																													
9787	DLGAP5	exploratory	I2_ge_75	5	144	1.26500438505643	0.703113685939733	1.82689508417313	-0.017404469685143	2.54741323979801	0.0033399516829759	0.0365211576818992	88.2737740441367	0.172384497589397	1.0																													
6387	CXCL12	exploratory	I2_ge_75	6	167	-1.68873938762702	-2.51854868983533	-0.85893008541871	-3.63493704063107	0.257458265377028	0.0033778852466995	0.036600572588331	88.663666409259	0.469000145259682	1.0																													
6905	TBCE	exploratory	I2_ge_75	6	167	0.850644513700247	0.432298667211961	1.26899036018853	-0.109303696400124	1.81059272380062	0.0033904375944313	0.0366921601815725	86.6437024441317	0.112969073153841	1.0																													
3397	ID1	exploratory	I2_ge_75	6	167	-1.23628067825098	-1.84549326052703	-0.627068095974932	-2.7202824654071	0.247721108905143	0.0034197998455248	0.036851858112021	86.3532299112178	0.277111311485951	1.0																													
9928	KIF14	exploratory	I2_ge_75	5	144	0.839800020287221	0.460340433880749	1.21925960669369	-0.0356954612060807	1.71529550178052	0.003557245077897	0.0374556981731515	88.1452509770575	0.0807538244139376	1.0																													
7538	ZFP36	exploratory	I2_ge_75	6	167	-0.926962470197331	-1.3897125906799	-0.464212349714764	-2.00144163542008	0.147516695025414	0.0036170502855657	0.037725974171769	78.9195087099128	0.142309824153184	1.0																													
64838	FNDC4	exploratory	I2_ge_75	6	167	-0.730863721103537	-1.09733287978754	-0.364394562419532	-1.59588573578944	0.134158293582366	0.003686568918311	0.0381222320264405	79.3153634537031	0.0929136760984728	1.0																													
3043	HBB	exploratory	I2_ge_75	6	167	-1.2078660556363	-1.81397290806891	-0.601759203203687	-2.45637631016789	0.0406441988952961	0.0036986417120678	0.0381589527724517	77.4725673558342	0.180301452285774	0.833333333333333																													
10584	COLEC10	exploratory	I2_ge_75	6	167	-1.12091144735805	-1.68518621799181	-0.556636676724283	-2.5102184167712	0.268395522055113	0.0037499565436585	0.0384589652605361	91.8434002639606	0.24391562223111	1.0																													
10963	STIP1	exploratory	I2_ge_75	6	167	0.639640413373651	0.316693039475105	0.962587787272196	-0.10173631368023	1.38101714042753	0.0037977069910139	0.0385018662795669	85.2915393741508	0.0673958524560169	1.0																													
79573	TTC13	exploratory	I2_ge_75	6	167	0.595579429496864	0.295221497211198	0.89593736178253	-0.0792377417378067	1.27039660073153	0.0037790695045438	0.0385018662795669	86.8276078555937	0.0552617058240577	1.0																													
143941	TTC36	exploratory	I2_ge_75	5	144	-2.32571088864602	-3.39586752646316	-1.25555425082887	-4.86759284695577	0.216171069663742	0.0038031686972536	0.0385049319461766	95.7028090640233	0.689605889254101	1.0																													
6716	SRD5A2	exploratory	I2_ge_75	6	167	-1.66295981527771	-2.5044996449432	-0.821419985612216	-3.39338644357672	0.0674668130212968	0.0038353987557201	0.0386345738477152	86.4107713724809	0.345978321995763	0.833333333333333																													
8547	FCN3	exploratory	I2_ge_75	6	167	-2.82957207949223	-4.26419894096963	-1.39494521801483	-6.40166854835727	0.742524389372813	0.0038668612319151	0.0387552161541325	93.8030108275695	1.61953624746443	1.0																													
10841	FTCD	exploratory	I2_ge_75	6	167	-1.34604611962437	-2.03687517299191	-0.655217066256831	-2.70646295650141	0.0143707172526715	0.0040744394952383	0.0398601464367114	81.9964533593073	0.207855909631039	0.833333333333333																													
2646	GCKR	exploratory	I2_ge_75	6	167	-1.11481309899654	-1.68935198979616	-0.540274208196915	-2.35670140405335	0.12707520606028	0.0041476545241492	0.0403714061893813	85.1920831374526	0.183446069255629	0.833333333333333																													
10473	HMGN4	exploratory	I2_ge_75	6	167	0.728546551242466	0.35237484379175	1.10471825869318	-0.132035210953438	1.58912831343837	0.0041809360068233	0.0404752593413406	85.4977113815919	0.0906636956211854	0.833333333333333																													
59349	KLHL12	exploratory	I2_ge_75	5	144	0.621507465947563	0.327759441916281	0.915255489978846	-0.0175336673019735	1.2605485991971	0.0041950966954613	0.040507193582482	81.4683512821289	0.0417823842138596	1.0																													
3315	HSPB1	exploratory	I2_ge_75	6	167	0.875620019535034	0.421955524494498	1.32928451457557	-0.269634265879481	2.02087430494955	0.0042427100315841	0.0408084414644576	92.2485250764454	0.167344756231683	1.0																													
79696	ZC2HC1C	exploratory	I2_ge_75	5	144	-0.616737899258808	-0.909559826397003	-0.323915972120614	-1.26301492178339	0.0295391232657689	0.0042653022371197	0.0409158146004522	82.9735150481367	0.0430593449994079	1.0																													
55214	P3H2	exploratory	I2_ge_75	5	144	-0.800037393037997	-1.18158574657464	-0.418489039501353	-1.70226888770764	0.102194101631642	0.0043352422319339	0.041123919423221	91.072879987693	0.0867133346849233	1.0																													
6898	TAT	exploratory	I2_ge_75	6	167	-1.66731446442575	-2.53855027408618	-0.796078654765323	-3.47805999906974	0.143431070218244	0.0043997412203813	0.0415815036139529	76.32147090231	0.381324020814817	0.833333333333333																													
1893	ECM1	exploratory	I2_ge_75	6	167	-1.48616825369422	-2.2640520208538	-0.708284486534646	-3.4103198341626	0.43798332677415	0.0044313000586222	0.0416629427462599	95.8287555189496	0.468720831159948	1.0																													
51175	TUBE1	exploratory	I2_ge_75	6	167	-0.679201927597444	-1.03510246201112	-0.323301393183772	-1.39535430479693	0.0369504496020395	0.0044523391635237	0.0416629427462599	82.7500237898568	0.058446641827095	0.833333333333333																													
79023	NUP37	exploratory	I2_ge_75	6	167	0.646616037452751	0.308040320338663	0.98519175456684	-0.0927398423247961	1.3859719172303	0.0044383726774652	0.0416629427462599	86.2199205091413	0.0653784395749786	0.833333333333333																													
285016	ALKAL2	exploratory	I2_ge_75	5	144	-0.880497748951084	-1.30350525152978	-0.45749024637239	-1.79228992820745	0.0312944303052801	0.0044524970514888	0.0416629427462599	76.0977960589669	0.0846360710490208	1.0																													
8809	IL18R1	exploratory	I2_ge_75	6	167	-0.613150884253098	-0.934698787574653	-0.291602980931542	-1.30969587564351	0.0833941071373173	0.0044675813340144	0.0417160698376938	82.1524437586019	0.0577766601204403	1.0																													
8682	PEA15	exploratory	I2_ge_75	6	167	0.848203964055517	0.403291704509524	1.29311622360151	-0.129714765677685	1.82612269378872	0.0044717765767881	0.0417163733974418	83.7846061410276	0.114768558725727	0.833333333333333																													
9055	PRC1	exploratory	I2_ge_75	6	167	1.71855036072393	0.817087775322537	2.62001294612533	-0.501507517078677	3.93860823852654	0.0044722748910441	0.0417163733974418	92.3369619385968	0.622894990897231	0.833333333333333																													
10351	ABCA8	exploratory	I2_ge_75	6	167	-1.07464041014092	-1.63874756983848	-0.510533250443353	-2.32769479036733	0.178413970085503	0.004486015674151	0.0417358007106564	89.2521313168986	0.189459601734458	0.833333333333333																													
1776	DNASE1L3	exploratory	I2_ge_75	6	167	-1.76942530814855	-2.70043941124976	-0.838411205047328	-4.1915775308113	0.652726914514208	0.004531314771858	0.0418973475000115	95.2982849539781	0.756676245034126	1.0																													
23130	ATG2A	exploratory	I2_ge_75	5	144	-0.600384825996351	-0.890334081584429	-0.310435570408273	-1.20841045862728	0.0076408066345765	0.004538116907547	0.0418973475000115	81.5826920507321	0.0370524922826868	1.0																													
4061	LY6E	exploratory	I2_ge_75	6	167	-1.48197052487203	-2.26388631295588	-0.700054736788177	-3.45497785821209	0.491036808468033	0.0045846966236299	0.041934629311689	89.3640977111718	0.496582896239863	1.0																													
24137	KIF4A	exploratory	I2_ge_75	6	167	1.12941544547845	0.531809153157522	1.72702173779938	-0.353270124047672	2.61210101500457	0.0046406880381208	0.0421600846176225	91.285032455767	0.278640072117826	1.0																													
203068	TUBB	exploratory	I2_ge_75	6	167	0.603657663508493	0.284142218415371	0.923173108601616	-0.116733891859154	1.32404921887614	0.0046470305558977	0.0421600846176225	78.9848174612648	0.0630872808057737	1.0																													
6132	RPL8	exploratory	I2_ge_75	6	167	0.652959788951495	0.305190177219471	1.00072940068352	-0.156910710717621	1.46283028862061	0.0047713980779563	0.0426826714619783	86.2993768009087	0.0809557127257279	1.0																													
79974	CPED1	exploratory	I2_ge_75	5	144	-1.16858537980743	-1.74261386036363	-0.594556899251238	-2.53072191290951	0.193551153294641	0.0048271269107631	0.0427180675803318	92.354833948573	0.197947467921784	1.0																													
4171	MCM2	exploratory	I2_ge_75	6	167	1.16819353142687	0.543647153735813	1.79273990911793	-0.204421709797548	2.54080877265129	0.0048485490820348	0.0427623746011218	84.0415005981113	0.226095501348327	0.833333333333333																													
219	ALDH1B1	exploratory	I2_ge_75	6	167	-0.853027291860324	-1.30934776416806	-0.396706819552588	-1.83340989130622	0.127355307585568	0.0048607150111476	0.0427890648715499	82.2611615759758	0.113942810322604	0.833333333333333																													
3486	IGFBP3	exploratory	I2_ge_75	6	167	-1.48298412936002	-2.27852724705221	-0.687441011667829	-3.37973256552895	0.413764306808908	0.0049188350504804	0.0428923787597669	88.3085757802886	0.44867050467394	0.833333333333333																													
55872	PBK	exploratory	I2_ge_75	5	144	1.59494432765231	0.805524878520997	2.38436377678362	-0.20046700203943	3.39035565734404	0.004961482929424	0.0430029439408911	89.6375930923852	0.337324907173453	1.0																													
3725	JUN	exploratory	I2_ge_75	6	167	-0.727570860525899	-1.12053877126113	-0.334602949790666	-1.69557878778863	0.240437066736834	0.0050622502276363	0.0435614504396545	83.2276872483288	0.118436513479166	1.0																													
1958	EGR1	exploratory	I2_ge_75	6	167	-1.60669261813708	-2.47478308463157	-0.738602151642587	-3.78432515749248	0.570939921218319	0.0050696533136165	0.0435654317396721	90.7166037543061	0.603596886557811	1.0																													
144193	AMDHD1	exploratory	I2_ge_75	5	144	-1.23683820694359	-1.85494582561265	-0.618730588274535	-2.41660566100411	-0.0570707528830807	0.0051377240908979	0.0438556324401874	76.4980644079292	0.13099499329787	1.0																													
9833	MELK	exploratory	I2_ge_75	6	167	1.11319743215957	0.509541776837314	1.71685308748182	-0.445889574984976	2.67228443930411	0.0051482798414457	0.0438971099026453	94.177244209384	0.31270978196638	1.0																													
84134	TOMM40L	exploratory	I2_ge_75	5	144	0.796195470895499	0.3980367884509	1.1943541533401	-0.0811250206725372	1.67351596246354	0.0051499402679081	0.0438971099026453	90.3594824070023	0.0792825089860681	1.0																													
55576	STAB2	exploratory	I2_ge_75	6	167	-1.3895747478662	-2.14818662487082	-0.630962870861584	-3.07285674375044	0.293707248018035	0.0052961421632141	0.0441632097174627	94.9968888574502	0.341704532765633	1.0																													
5931	RBBP7	exploratory	I2_ge_75	6	167	0.586457946810898	0.265624554469894	0.907291339151903	-0.13518358705415	1.30809948067595	0.0053427496323168	0.0443577079863043	81.5824657806159	0.063232344392615	0.833333333333333																													
1969	EPHA2	exploratory	I2_ge_75	6	167	-0.758404783501373	-1.17371806458051	-0.343091502422239	-1.74648054016593	0.229670973163183	0.0053651357221754	0.0443988379115687	88.3423071259053	0.121643741197659	1.0																													
93594	TBC1D31	exploratory	I2_ge_75	5	144	0.643666831251403	0.318123001999256	0.969210660503551	-0.034982641069879	1.32231630357269	0.0053646357877749	0.0443988379115687	82.4087958659888	0.0459985133705434	1.0																													
29085	PHPT1	exploratory	I2_ge_75	5	144	0.651247983212087	0.321774039889792	0.980721926534382	-0.0832336049744644	1.38572957139864	0.0053702685132087	0.0444008343586313	79.6874192107953	0.0558995762106103	1.0																													
3394	IRF8	exploratory	I2_ge_75	6	167	-0.766679693039561	-1.18693261572622	-0.346426770352905	-1.84129744688796	0.307938060808836	0.0053870853403899	0.0444167791768675	86.5573760043437	0.148033737504491	1.0																													
150468	CKAP2L	exploratory	I2_ge_75	5	144	0.91023848573921	0.449350504746524	1.3711264667319	-0.132884797897214	1.95336176937563	0.0053865951026361	0.0444167791768675	84.1623480501083	0.113598197697002	1.0																													
55204	GOLPH3L	exploratory	I2_ge_75	6	167	0.696178197940218	0.313284912334828	1.07907148354561	-0.217693283139529	1.61004967901996	0.0054636918351952	0.0447931034539627	89.6704543550491	0.104201751891693	1.0																													
7010	TEK	exploratory	I2_ge_75	6	167	-0.587537377739463	-0.911095394064609	-0.263979361414317	-1.36686855321464	0.191793797735709	0.0054932949915011	0.044910438205593	84.5319454066991	0.0760707604195733	1.0																													
983	CDK1	exploratory	I2_ge_75	5	144	1.13088897007916	0.554434069233317	1.707343870925	-0.202487903484205	2.46426584364252	0.0055180451001299	0.0450812447705729	91.6678589705553	0.187528830295913	1.0																													
26007	TKFC	exploratory	I2_ge_75	5	144	-1.39294328152507	-2.10328268377755	-0.682603879272595	-2.98465778096486	0.198771217914707	0.0055266141608321	0.0450895138919308	86.8790544605163	0.263207391675137	1.0																													
3155	HMGCL	exploratory	I2_ge_75	6	167	-0.865030891195144	-1.34216184601903	-0.387899936371257	-1.91909335121871	0.189031568828419	0.0055299816138239	0.0450964332061268	84.6946169344057	0.133687696285442	0.833333333333333																													
51302	CYP39A1	exploratory	I2_ge_75	6	167	-1.46231464165522	-2.27059468046371	-0.654034602846726	-3.36075084467684	0.436121561366402	0.0055790324253886	0.0453390502007312	91.0677347759437	0.446548438457839	0.833333333333333																													
319	APOF	exploratory	I2_ge_75	6	167	-2.61108830659584	-4.05833472160421	-1.16384189158747	-6.10279137689817	0.880614763706494	0.0056439619854085	0.0455525593600339	92.3408854769464	1.52809242549368	0.833333333333333																													
10365	KLF2	exploratory	I2_ge_75	6	167	-0.689139363311842	-1.07121815600602	-0.307060570617661	-1.55029197853845	0.172013251914769	0.0056507635072518	0.0455525593600339	77.7519117382391	0.0901346019865077	1.0																													
55143	CDCA8	exploratory	I2_ge_75	6	167	0.685001641633629	0.304341267974088	1.06566201529317	-0.055331788243164	1.42533507151042	0.0057054796288156	0.0456540390504246	79.4351264672163	0.0610166343426439	1.0																													
5346	PLIN1	exploratory	I2_ge_75	5	144	-0.879829110239442	-1.33342421853054	-0.426234001948346	-1.83328894247653	0.0736307219976464	0.005747823838135	0.0459107749677009	80.0782606199589	0.0912400179829934	1.0																													
11311	VPS45	exploratory	I2_ge_75	5	144	0.630212054438996	0.303582979142209	0.956841129735783	-0.122444819025239	1.38286892790323	0.005858116213132	0.0463054557231985	88.8920296012556	0.059648053823414	1.0																													
29081	METTL5	exploratory	I2_ge_75	5	144	0.670838664180426	0.323161991213999	1.01851533714685	-0.135423672112432	1.47710100047328	0.0058575996480678	0.0463054557231985	85.8474188739225	0.0686475664300108	1.0																													
51678	PALS2	exploratory	I2_ge_75	5	144	0.635007502060884	0.305752778618395	0.964262225503372	-0.0713950144532367	1.341410018575	0.005867082322917	0.0463054557231985	78.4360007771312	0.0506698284454674	1.0																													
4255	MGMT	exploratory	I2_ge_75	6	167	-0.762634645975592	-1.19032813748436	-0.334941154466825	-1.7412520326885	0.215982740737316	0.0059275264735346	0.0464577354369775	86.6316937754467	0.117249250930607	0.833333333333333																													
55732	FIRRM	exploratory	I2_ge_75	5	144	0.710514150160129	0.341355061982936	1.07967323833732	-0.0918851148617471	1.512913415182	0.0059102791084509	0.0464577354369775	77.8406139351815	0.0658437363036773	1.0																													
4616	GADD45B	exploratory	I2_ge_75	6	167	-1.09306222278845	-1.7062773091756	-0.479847136401305	-2.58826589805063	0.402141452473724	0.0059361749273753	0.0464818596675499	85.6961959535859	0.281421303067069	1.0																													
3915	LAMC1	exploratory	I2_ge_75	6	167	0.842704856131873	0.369478974525339	1.31593073773841	-0.268899963495989	1.95430967575974	0.0059604472088734	0.0465036340733059	83.8822381899195	0.153108237412488	0.833333333333333																													
8317	CDC7	exploratory	I2_ge_75	6	167	0.731432334192959	0.319570322856394	1.14329434552952	-0.217980340265569	1.68084500865149	0.0060285768905003	0.0468120451304627	83.5188474353642	0.110739434556709	1.0																													
11185	INMT	exploratory	I2_ge_75	6	167	-1.39564718387129	-2.18206284930781	-0.609231518434757	-3.37760074993729	0.586306382194722	0.0060458825179867	0.0468120451304627	90.5347466586384	0.500869392725904	1.0																													
7802	DNALI1	exploratory	I2_ge_75	6	167	-0.625590517028958	-0.978190452397412	-0.272990581660505	-1.48215830613011	0.230977272072195	0.0060525846758397	0.0468145672485796	82.0911061676796	0.0922202962078041	1.0																													
57393	CLTRN	exploratory	I2_ge_75	5	144	-2.22703058847909	-3.39255322301388	-1.0615079539443	-4.98568733523304	0.531626158274865	0.0060661858419423	0.0468643619209187	93.7510776390531	0.811004018268201	1.0																													
3654	IRAK1	exploratory	I2_ge_75	6	167	0.698023128913679	0.303396148456877	1.09265010937048	-0.265689473026421	1.66173573085378	0.0061299160104345	0.047092487805484	89.6803806447386	0.116983093169964	0.833333333333333																													
9804	TOMM20	exploratory	I2_ge_75	6	167	0.6091920162121	0.263972559227959	0.954411473196241	-0.210063235562117	1.42844726798632	0.0061903133828231	0.0474343362810507	85.8211794782853	0.0835368949451421	0.833333333333333																													
23086	EXPH5	exploratory	I2_ge_75	5	144	-0.82744199641843	-1.26309890754061	-0.391785085296254	-1.82732008438365	0.172436091546786	0.0061982669617882	0.0474749587573854	86.7405462628794	0.105071512838207	1.0																													
37	ACADVL	exploratory	I2_ge_75	6	167	-0.633278022992717	-0.992403833808922	-0.274152212176512	-1.47752728746621	0.210971241480774	0.0062087714673982	0.0475135913773924	87.7801444644835	0.088346716810682	0.833333333333333																													
10	NAT2	exploratory	I2_ge_75	6	167	-2.1160428478964	-3.31668631122057	-0.915399384572222	-4.99507911211663	0.762993416323836	0.0062228890563408	0.0475821076926532	92.4032572752838	1.03623154678573	0.833333333333333																													
1557	CYP2C19	exploratory	I2_ge_75	6	167	-1.18712073425778	-1.86144683959834	-0.512794628917211	-2.49161045175934	0.117368983243788	0.0062518512970089	0.0476605195041904	79.1955260030846	0.188710396658477	0.833333333333333																													
3712	IVD	exploratory	I2_ge_75	6	167	-0.749542133934207	-1.17532473642393	-0.323759531444482	-1.64168360416814	0.142599336299729	0.0062528544868323	0.0476605195041904	86.5244991341285	0.0930138800373974	1.0																													
6156	RPL30	exploratory	I2_ge_75	5	144	0.717638530283282	0.338689176906125	1.09658788366044	-0.085085420413018	1.52036248097958	0.0062633648332863	0.0476676150152322	87.931156590569	0.0649612183787106	1.0																													
10990	LILRB5	exploratory	I2_ge_75	6	167	-0.717900718511185	-1.12603511868072	-0.30976631834165	-1.71779579202423	0.281994355001864	0.0062736316411113	0.0477254595732651	91.9447724520407	0.1260941611703	1.0																													
435	ASL	exploratory	I2_ge_75	6	167	-0.734171753409324	-1.15231201257675	-0.316031494241901	-1.60018148759555	0.131837980776897	0.0063209060606496	0.0478856240792214	83.3728190205085	0.0870370872730002	1.0																													
2639	GCDH	exploratory	I2_ge_75	6	167	-1.02879496587427	-1.61819773124236	-0.43939220050617	-2.37681487587607	0.319224944127533	0.0064772003133723	0.0483695809801275	90.340996135183	0.222425288762592	0.833333333333333																													
4172	MCM3	exploratory	I2_ge_75	6	167	0.939850045842014	0.401323132335269	1.47837695934876	-0.385389843655792	2.26508993533982	0.0064812474346391	0.0483778280333531	90.9483042161076	0.221893722820203	0.833333333333333																													
5743	PTGS2	exploratory	I2_ge_75	6	167	-0.822569129807872	-1.29436096785375	-0.350777291762	-1.93311127378272	0.287973014166971	0.0065078198279385	0.0484164484289692	85.3669958190791	0.152955961156103	1.0																													
9881	TRANK1	exploratory	I2_ge_75	5	144	-0.589169053791105	-0.903744962337243	-0.274593145244966	-1.28374939718454	0.105411289602329	0.0065161344466473	0.0484184122312727	84.0134693479138	0.0497472293372346	1.0																													
8835	SOCS2	exploratory	I2_ge_75	6	167	-1.26343006687318	-1.99058512418693	-0.53627500955943	-2.96442329029313	0.437563156546771	0.0066013436196688	0.0487073581170946	85.9103922502665	0.357848438806548	0.833333333333333																													
6425	SFRP5	exploratory	I2_ge_75	6	167	-0.587605163798635	-0.926345862163241	-0.248864465434028	-1.34459122309323	0.169380895495965	0.0066458504418503	0.0488545063281813	82.4406830275778	0.0693538430130881	0.833333333333333																													
4493	MT1E	exploratory	I2_ge_75	6	167	-1.96433762736185	-3.10060591934998	-0.828069335373721	-4.61886499139974	0.690189736676037	0.006740243184598	0.0491047427774947	92.5522645788971	0.870990444296437	0.833333333333333																													
23710	GABARAPL1	exploratory	I2_ge_75	6	167	-0.927813587553224	-1.4644849475553	-0.391142227551144	-2.16764615302271	0.312018977916266	0.0067391502805869	0.0491047427774947	86.5532051186274	0.189041957066686	0.833333333333333																													
29950	SERTAD1	exploratory	I2_ge_75	6	167	-0.721348762366709	-1.13937175441546	-0.303325770317956	-1.73904935790181	0.296351833168396	0.0067910362972303	0.0492978583006779	82.6235196934944	0.130294413708916	1.0																													
51504	TRMT112	exploratory	I2_ge_75	5	144	0.669759646284521	0.307472370440021	1.03204692212902	-0.135449010328607	1.47496830289765	0.0068252079598566	0.0493404530146433	84.4355286525838	0.0670816658390984	1.0																													
