gene_id	gene_symbol	k	total_pairs	optimizer_used	pooled_log2FC	SE	CI_low	CI_high	prediction_low	prediction_high	p_value	tau2	I2	Q	Q_p_value	positive_fraction	negative_fraction	direction_consistency	majority_direction	FDR	passes_primary_rule
"51266"	"CLEC1B"	5	144	"default"	-3.09195834918372	0.0640548770210228	-3.26980319895278	-2.91411349941465	-3.26980319895278	-2.91411349941465	1.10200595527691e-06	0	0	1.49499683509061	0.827527344161154	0	1	1	"down"	0.0107256483335024	TRUE
"56892"	"TCIM"	5	144	"default"	-1.9050010725229	0.0703507750826672	-2.10032613764805	-1.70967600739776	-2.10032613764805	-1.70967600739776	1.10587899309217e-05	0	0	1.77198875493985	0.777602994838672	0	1	1	"down"	0.0107256483335024	TRUE
"390"	"RND3"	5	144	"default"	-1.84002679379805	0.044125751060168	-1.96253951934223	-1.71751406825387	-1.96253951934223	-1.71751406825387	1.97678701770551e-06	0	0	0.822185126580791	0.935449336464352	0	1	1	"down"	0.0107256483335024	TRUE
"10643"	"IGF2BP3"	5	144	"default"	1.21678999697816	0.048885313889258	1.08106260651428	1.35251738744205	1.08106260651428	1.35251738744205	1.54647716135149e-05	0	0	1.0970144056762	0.894745614314861	1	0	1	"up"	0.0107256483335024	TRUE
"3326"	"HSP90AB1"	5	144	"default"	1.02034167355242	0.0416541099716399	0.904691323810292	1.13599202329455	0.892908619444574	1.14777472766027	1.64812561825095e-05	0.000371554142629075	2.7456603753378	2.90337049205777	0.574124158288439	1	0	1	"up"	0.0107256483335024	TRUE
"51660"	"MPC1"	5	144	"default"	-0.930131739390454	0.0393222516460851	-1.03930781249858	-0.820955666282325	-1.03930781249858	-0.820955666282325	1.89395606747923e-05	0	0	1.95930592890766	0.743243616637434	0	1	1	"down"	0.0107256483335024	TRUE
"112770"	"GLMP"	5	144	"default"	0.865261310003239	0.0347214152363653	0.768859206624692	0.961663413381785	0.768859206624692	0.961663413381785	1.53923130955065e-05	0	0	1.29158015047105	0.86280245643317	1	0	1	"up"	0.0107256483335024	TRUE
"23240"	"TMEM131L"	5	144	"default"	-0.797294105975216	0.0271334771954999	-0.872628715921658	-0.721959496028774	-0.872628715921658	-0.721959496028774	7.98643592124134e-06	0	0	1.25907456748197	0.868279871031423	0	1	1	"down"	0.0107256483335024	TRUE
"51155"	"JPT1"	5	144	"default"	0.790376954442073	0.0332180887403722	0.69814875455484	0.882605154329305	0.69804902641764	0.882704882466506	1.85018782945631e-05	2.38763531882974e-06	0.0233501008054106	2.54434560640488	0.636713017127705	1	0	1	"up"	0.0107256483335024	TRUE
"57211"	"ADGRG6"	5	144	"default"	-0.766968385447535	0.031680705757509	-0.854928125877182	-0.679008645017887	-0.854928125877182	-0.679008645017887	1.72701800292872e-05	0	0	0.941478781225183	0.918536047112002	0	1	1	"down"	0.0107256483335024	TRUE
"124936"	"CYB5D2"	5	144	"default"	-0.747029587128837	0.0240783655614709	-0.813881847333147	-0.680177326924528	-0.813881847333147	-0.680177326924528	6.43140813666599e-06	0	0	1.23204093616576	0.872795638011322	0	1	1	"down"	0.0107256483335024	TRUE
"51629"	"SLC25A39"	5	144	"default"	0.687888339264492	0.0281492267395979	0.609733556468233	0.766043122060752	0.609733556468233	0.766043122060752	1.66384368747038e-05	0	0	1.78613116146343	0.775018743085381	1	0	1	"up"	0.0107256483335024	TRUE
"252839"	"TMEM9"	5	144	"default"	0.628784984796789	0.0215285699801002	0.569012092053632	0.688557877539947	0.569012092053632	0.688557877539947	8.18119754368291e-06	0	0	0.822336934490374	0.935428649707858	1	0	1	"up"	0.0107256483335024	TRUE
"128061"	"C1orf131"	5	144	"default"	0.618204699939207	0.0229810216836751	0.554399154773123	0.682010245105291	0.554399154773123	0.682010245105291	1.13529556872535e-05	0	0	1.13179891383259	0.889194693026692	1	0	1	"up"	0.0107256483335024	TRUE
"51520"	"LARS1"	5	144	"default"	0.612226053782501	0.0168004083069774	0.565580642373269	0.658871465191733	0.565580642373269	0.658871465191733	3.38537080019631e-06	0	0	0.829646428267559	0.934429937773876	1	0	1	"up"	0.0107256483335024	TRUE
"55299"	"BRIX1"	5	144	"default"	0.587729375364791	0.0208041994955677	0.529967657507763	0.645491093221818	0.529967657507763	0.645491093221818	9.34171486634758e-06	0	0	0.922762583659911	0.921272683667128	1	0	1	"up"	0.0107256483335024	TRUE
"6921"	"ELOC"	5	144	"default"	0.784950688503773	0.034387667407485	0.689475217651092	0.880426159356455	0.689475217651092	0.880426159356455	2.18200781210919e-05	0	0	1.51930973830651	0.823215573492279	1	0	1	"up"	0.0110207519530077	TRUE
"201254"	"CENPX"	5	144	"default"	0.585420339567463	0.0261004966776768	0.512953743323496	0.65788693581143	0.512953743323496	0.65788693581143	2.3396009732642e-05	0	0	0.593384455685831	0.963795979700126	1	0	1	"up"	0.0110207519530077	TRUE
"58528"	"RRAGD"	5	144	"default"	0.962006594554004	0.0449383128639629	0.837237835767007	1.086775353341	0.837237835767007	1.086775353341	2.81588240870251e-05	0	0	1.21055454736323	0.87635784216752	1	0	1	"up"	0.0115185784804488	TRUE
"4499"	"MT1M"	5	144	"default"	-3.45840215453283	0.183704700780075	-3.9684481718155	-2.94835613725017	-4.36569292425942	-2.55111138480624	4.68818730030124e-05	0.0730387018954052	33.8495656369347	5.26651362356388	0.261028058811136	0	1	1	"down"	0.0115802536922153	TRUE
"8644"	"AKR1C3"	5	144	"default"	1.40401742418004	0.0797386621896887	1.18262740584846	1.62540744251163	1.08053043249104	1.72750441586905	6.11020246788412e-05	0.00721660889757412	18.8602545700743	4.29242955803939	0.367874031100581	1	0	1	"up"	0.0115802536922153	TRUE
"2180"	"ACSL1"	5	144	"default"	-1.26682780646855	0.0725841911224823	-1.4683538286253	-1.06530178431179	-1.46848244993636	-1.06517316300073	6.32708377676088e-05	6.72720166934039e-06	0.0179480810313843	3.52917169865661	0.473456609282788	0	1	1	"down"	0.0115802536922153	TRUE
"286053"	"NSMCE2"	5	144	"default"	1.01779324498236	0.0522249101601565	0.872793648798796	1.16279284116592	0.872793648798796	1.16279284116592	4.08732287944303e-05	0	0	3.12345642028122	0.537381989594659	1	0	1	"up"	0.0115802536922153	TRUE
"10212"	"DDX39A"	5	144	"default"	0.867147313837141	0.0444617768199956	0.743701631216868	0.990592996457415	0.743701631216868	0.990592996457415	4.07524178948949e-05	0	0	2.22271022907565	0.694873726220614	1	0	1	"up"	0.0115802536922153	TRUE
"6227"	"RPS21"	5	144	"default"	0.858512021526757	0.0440454853837055	0.736222149227106	0.980801893826407	0.736222149227106	0.980801893826407	4.08496808514826e-05	0	0	2.64675677424899	0.618563107424167	1	0	1	"up"	0.0115802536922153	TRUE
"3131"	"HLF"	6	167	"default"	-0.751313094535617	0.0581069603238064	-0.900681791268034	-0.601944397803201	-0.900681791268034	-0.601944397803201	4.93062506160367e-05	0	0	2.50682024319978	0.775467580460488	0	1	1	"down"	0.0115802536922153	TRUE
"254863"	"TMEM256"	5	144	"default"	-0.744053403345713	0.0362644974654321	-0.84473978982607	-0.643367016865357	-0.84473978982607	-0.643367016865357	3.33284271052417e-05	0	0	2.4502292601459	0.65356963365756	0	1	1	"down"	0.0115802536922153	TRUE
"51026"	"GOLT1B"	5	144	"default"	0.736618286908892	0.0395161126020228	0.62690396949856	0.846332604319223	0.62690396949856	0.846332604319223	4.875190599396e-05	0	0	2.78344501470556	0.594693764986108	1	0	1	"up"	0.0115802536922153	TRUE
"55974"	"SLC50A1"	5	144	"default"	0.730725258807967	0.0374722120982091	0.62668571894696	0.834764798668973	0.62668571894696	0.834764798668973	4.0775225962204e-05	0	0	1.7186370880617	0.78732945437108	1	0	1	"up"	0.0115802536922153	TRUE
"8872"	"CDC123"	5	144	"default"	0.721285736831537	0.034787133178012	0.624701171195582	0.817870302467492	0.624701171195582	0.817870302467492	3.19662444939654e-05	0	0	2.12585978509431	0.712623076870712	1	0	1	"up"	0.0115802536922153	TRUE
"9793"	"CKAP5"	5	144	"default"	0.708877065008255	0.0405661696565712	0.596247321828645	0.821506808187866	0.596187398284926	0.821566731731585	6.29652627711081e-05	1.75153133496128e-06	0.0232749697065079	5.00751404472588	0.286527375867499	1	0	1	"up"	0.0115802536922153	TRUE
"27163"	"NAAA"	5	144	"default"	-0.707102022513009	0.0376830200018871	-0.811726858946319	-0.602477186079699	-0.836670194848469	-0.577533850177549	4.74927541892035e-05	0.000757792458745647	7.68438894276342	3.43072722942513	0.48848928500484	0	1	1	"down"	0.0115802536922153	TRUE
"171425"	"CLYBL"	5	144	"default"	-0.694694437270741	0.0333613333746555	-0.787320348021675	-0.602068526519807	-0.787320348021675	-0.602068526519807	3.14269139657919e-05	0	0	1.86679344761644	0.760242127758331	0	1	1	"down"	0.0115802536922153	TRUE
"10979"	"FERMT2"	5	144	"default"	-0.688396909037766	0.0393526420739404	-0.797657359500559	-0.579136458574974	-0.797657359500559	-0.579136458574974	6.27030087476134e-05	0	0	2.83129426475023	0.586442932478288	0	1	1	"down"	0.0115802536922153	TRUE
"91057"	"CCDC34"	5	144	"default"	0.673769729142434	0.0349519844156332	0.576727463094699	0.770811995190168	0.576727463094699	0.770811995190168	4.26816459566614e-05	0	0	3.08133930798731	0.544306939398728	1	0	1	"up"	0.0115802536922153	TRUE
"200845"	"KCTD6"	5	144	"default"	0.626438214653774	0.0319497012690244	0.537731622952859	0.715144806354689	0.537731622952859	0.715144806354689	3.99035446798851e-05	0	0	1.60491617507012	0.807908273310243	1	0	1	"up"	0.0115802536922153	TRUE
"58478"	"ENOPH1"	5	144	"default"	0.604299239537235	0.0306698367464876	0.519146121425234	0.689452357649236	0.519146121425234	0.689452357649236	3.91352101225693e-05	0	0	1.6916411909579	0.792235447089249	1	0	1	"up"	0.0115802536922153	TRUE
"29974"	"A1CF"	5	144	"default"	-0.588040212186681	0.0289043110472986	-0.668291445113068	-0.507788979260294	-0.668291445113068	-0.507788979260294	3.44675616282923e-05	0	0	1.47577000583527	0.83092466456669	0	1	1	"down"	0.0115802536922153	TRUE
"84803"	"GPAT3"	5	144	"default"	-0.965323562307891	0.0554814331005176	-1.11936471566918	-0.8112824089466	-1.11936471566918	-0.8112824089466	6.40540026773982e-05	0	0	1.90566216075413	0.753104769600115	0	1	1	"down"	0.011581481292176	TRUE
"2058"	"EPRS1"	5	144	"default"	0.757352059865932	0.0445653201045724	0.633618895000019	0.881085224731845	0.604164039151705	0.910540080580159	7.03054350546268e-05	0.00105811994710531	8.94234223388087	3.96060377572622	0.411363804126714	1	0	1	"up"	0.011985402737884	TRUE
"11004"	"KIF2C"	6	167	"default"	0.753661922004625	0.0633882744531369	0.590717175103061	0.916606668906188	0.590688173294549	0.9166356707147	7.41481150384838e-05	1.43044518107903e-06	0.00926083516612286	9.14811001630954	0.103300388824668	1	0	1	"up"	0.0123928879613051	TRUE
"339390"	"CLEC4G"	5	144	"default"	-2.95763133143369	0.183493896181549	-3.46709206132062	-2.44817060154676	-4.11183864472045	-1.80342401814693	8.66560322606118e-05	0.139148183592086	71.9283802999865	16.1455672723043	0.00282992657398797	0	1	1	"down"	0.0127759792996141	TRUE
"259266"	"ASPM"	6	167	"default"	1.75681571137616	0.152417453109776	1.36501417497822	2.1486172477741	1.11534980814631	2.398281614606	8.61876801694288e-05	0.0390396969485882	44.2534994593213	10.8825610821611	0.0537588164093548	1	0	1	"up"	0.0127759792996141	TRUE
"3491"	"CCN1"	5	144	"default"	-1.62439476749029	0.102101019375187	-1.90787264297023	-1.34091689201035	-2.04946579767527	-1.1993237373053	9.12331016792318e-05	0.0130146923735647	17.7345442766672	3.79947072819183	0.433824204790035	0	1	1	"down"	0.0127759792996141	TRUE
"5745"	"PTH1R"	5	144	"default"	-1.25856254756091	0.0787089133252016	-1.4770935246981	-1.04003157042371	-1.56671276292336	-0.950412332198449	8.9435090759998e-05	0.00612309328399192	27.4555677869138	6.89545198578692	0.141517337888188	0	1	1	"down"	0.0127759792996141	TRUE
"4758"	"NEU1"	5	144	"default"	0.978595181235468	0.0598344379034742	0.812468148996105	1.14472221347483	0.812468148996105	1.14472221347483	8.1808153621841e-05	0	0	3.80605832993233	0.432888784161719	1	0	1	"up"	0.0127759792996141	TRUE
"256764"	"WDR72"	5	144	"default"	-0.898714393175533	0.0550257444175234	-1.05149035192343	-0.745938434427636	-1.05149035192343	-0.745938434427636	8.22529732405339e-05	0	0	2.15147585079133	0.7079221080378	0	1	1	"down"	0.0127759792996141	TRUE
"9918"	"NCAPD2"	5	144	"default"	0.820621369357762	0.051140738559006	0.67863191610941	0.962610822606114	0.678628894607119	0.962613844108405	8.82035924613044e-05	1.11310324501751e-07	0.00064953366949245	3.36974467957139	0.497958191317803	1	0	1	"up"	0.0127759792996141	TRUE
"79019"	"CENPM"	5	144	"default"	0.755749297614981	0.0463593871308722	0.627035004135501	0.88446359109446	0.627035004135501	0.88446359109446	8.28655760108526e-05	0	0	3.07814708198349	0.544833914859886	1	0	1	"up"	0.0127759792996141	TRUE
"55157"	"DARS2"	5	144	"default"	0.689609587872744	0.0449235646971219	0.564881776561384	0.814337399184105	0.564881776561384	0.814337399184105	0.000105062342207663	0	0	3.56159137102559	0.468575245432477	1	0	1	"up"	0.0127759792996141	TRUE
"401466"	"RBIS"	5	144	"default"	0.687770943977611	0.043535494255357	0.566897034049959	0.808644853905264	0.566897034049959	0.808644853905264	9.38074047249219e-05	0	0	3.03830984366306	0.551434935253712	1	0	1	"up"	0.0127759792996141	TRUE
"123879"	"DCUN1D3"	5	144	"default"	-0.681661177023691	0.0433527906299684	-0.802027820364931	-0.56129453368245	-0.892957024484715	-0.470365329562666	9.55705728155745e-05	0.00391220465451239	37.8602598026333	5.85698105739693	0.210086639145382	0	1	1	"down"	0.0127759792996141	TRUE
"4897"	"NRCAM"	6	167	"default"	0.647553948623051	0.0555332505748533	0.504801183421493	0.790306713824609	0.504801183421493	0.790306713824609	8.14821967485701e-05	0	0	2.50454963096055	0.775809732305943	1	0	1	"up"	0.0127759792996141	TRUE
"57648"	"NHSL3"	5	144	"default"	0.587046190386111	0.0379055826401842	0.481803421005101	0.692288959767121	0.481803421005101	0.692288959767121	0.000101460958696505	0	0	2.73533535869563	0.603045692227371	1	0	1	"up"	0.0127759792996141	TRUE
"51018"	"RRP15"	5	144	"default"	0.701964701697754	0.047626784192752	0.569731549849476	0.834197853546032	0.502209650171422	0.901719753224086	0.000123334160745325	0.00290796464475317	19.7115824199095	4.06397360334869	0.397417192671197	1	0	1	"up"	0.0138847891656687	TRUE
"389434"	"IYD"	5	144	"default"	-1.0996961499002	0.0776827758445194	-1.31537811265189	-0.884014187148504	-1.31537811265189	-0.884014187148504	0.000144559997419082	0	0	2.7911886076632	0.593354672460963	0	1	1	"down"	0.0144254850712544	TRUE
"3990"	"LIPC"	6	167	"default"	-1.09559789953326	0.105721996399395	-1.36736494310476	-0.823830855961772	-1.36740563464152	-0.823790164425004	0.00014404350763625	3.34734534524555e-06	0.00548959913508562	6.14402600815403	0.292455806237147	0	1	1	"down"	0.0144254850712544	TRUE
"55165"	"CEP55"	5	144	"default"	0.996357167773312	0.0726105488672669	0.794757964785064	1.19795637076156	0.794757964785064	1.19795637076156	0.000163405864660515	0	0	4.57773064237419	0.333429875842606	1	0	1	"up"	0.015234192590746	TRUE
"126969"	"SLC44A3"	5	144	"default"	0.727744620306143	0.0529741851188291	0.580664703331128	0.874824537281158	0.580664703331128	0.874824537281158	0.000162668964419309	0	0	2.12274903920124	0.713194206137414	1	0	1	"up"	0.015234192590746	TRUE
"302"	"ANXA2"	5	144	"default"	0.936268755396114	0.0690102165947423	0.744665677323002	1.12787183346923	0.744637426527144	1.12790008426508	0.000170857697848651	1.40448465255209e-06	0.00568718957233933	4.26174459933398	0.371739981357096	1	0	1	"up"	0.0156838604691839	TRUE
"10144"	"FAM13A"	5	144	"default"	-0.954015186631262	0.071787793914199	-1.15333005565729	-0.754700317605236	-1.34102851433214	-0.567001858930381	0.000185316419355399	0.0142765510959341	54.9857481357503	9.34938506086773	0.0529357614751021	0	1	1	"down"	0.0158016047388783	TRUE
"4703"	"NEB"	6	167	"default"	0.706974242623122	0.0716538847912021	0.522782067926081	0.891166417320164	0.5209400043444	0.893008480901845	0.000182320445832393	0.000103206998274197	0.276873719932216	4.57464386418446	0.469958885804408	1	0	1	"up"	0.0158016047388783	TRUE
"3950"	"LECT2"	6	167	"default"	-1.72700380434014	0.179366541860235	-2.18808017876696	-1.26592742991332	-2.18809356573189	-1.26591404294838	0.000204935585172884	1.86822176312638e-06	0.00119393305048188	6.77763382746894	0.237710165560933	0	1	1	"down"	0.0158964558365635	TRUE
"55107"	"ANO1"	5	144	"default"	-0.986429810976533	0.0752434140991962	-1.19533901975062	-0.77752060220245	-1.19533901975062	-0.77752060220245	0.000195478721187626	0	0	3.53979600706301	0.471853130581697	0	1	1	"down"	0.0158964558365635	TRUE
"2195"	"FAT1"	5	144	"default"	0.90486196658154	0.0698429301069054	0.710946905153551	1.09877702800953	0.660955423385636	1.14876850977744	0.000204765270019536	0.00283932440627489	6.25871030022741	2.70880029077946	0.607675555236883	1	0	1	"up"	0.0158964558365635	TRUE
"84141"	"EVA1A"	5	144	"default"	-0.778838715146136	0.0589028693826133	-0.942379298525598	-0.615298131766675	-0.942379298525598	-0.615298131766675	0.000189027680322015	0	0	2.52412047726978	0.640321919033882	0	1	1	"down"	0.0158964558365635	TRUE
"3703"	"STT3A"	5	144	"default"	0.710896517115349	0.0544233266515037	0.559793138225201	0.861999896005497	0.483488737175165	0.938304297055532	0.000198282785225585	0.00374671011443762	19.7539512720292	4.12508490715982	0.389342050156657	1	0	1	"up"	0.0158964558365635	TRUE
"84886"	"C1orf198"	5	144	"default"	0.591456392269675	0.0447718781914247	0.467149730214582	0.715763054324768	0.467149730214582	0.715763054324768	0.000189701452371401	0	0	2.20954836307145	0.697281554859234	1	0	1	"up"	0.0158964558365635	TRUE
"8608"	"RDH16"	5	144	"default"	-2.07466162682918	0.162456939534352	-2.52571440140474	-1.62360885225361	-2.8228181845781	-1.32650506908025	0.000216654365465206	0.0462194740448766	31.805581865625	5.45121153398888	0.244051427764148	0	1	1	"down"	0.0160917557752165	TRUE
"10196"	"PRMT3"	5	144	"default"	0.756697587960157	0.0591437400021354	0.592488240528137	0.920906935392177	0.466589970893443	1.04680520502687	0.000215086603112584	0.00741994237945384	32.8947681676467	4.93841155887319	0.293675432169549	1	0	1	"up"	0.0160917557752165	TRUE
"51001"	"MTERF3"	5	144	"default"	0.609931400781456	0.0480672226405634	0.476475395760611	0.743387405802301	0.464470478984325	0.755392322578587	0.000222153109540813	0.000434366019168866	3.02129046013641	3.61984206485446	0.459891516128531	1	0	1	"up"	0.0161863061638947	TRUE
"2992"	"GYG1"	5	144	"default"	0.599235823873143	0.0471859017471245	0.468226757932996	0.730244889813291	0.468035505949914	0.730436141796373	0.000221445462244611	6.50542979852963e-06	0.0425795304471153	3.34300082062322	0.502148119369083	1	0	1	"up"	0.0161863061638947	TRUE
"54923"	"LIME1"	5	144	"default"	-0.788276754796344	0.0633024064022553	-0.964032411199127	-0.612521098393561	-0.964032411199127	-0.612521098393561	0.000239151356280307	0	0	2.51782750007997	0.641446373515319	0	1	1	"down"	0.0162013228557696	TRUE
"55651"	"NHP2"	5	144	"default"	0.774181886892765	0.0620385120407697	0.601935363803416	0.946428409982115	0.490452930231568	1.05791084355396	0.000237168833470833	0.0065943158828929	39.9051479344058	6.9797469760453	0.136962383609076	1	0	1	"up"	0.0162013228557696	TRUE
"558"	"AXL"	6	167	"default"	-0.663996336227251	0.0707690697100709	-0.845914021348839	-0.482078651105662	-0.921163643241125	-0.406829029213376	0.000231866018245767	0.00500023074960836	21.6106605835271	7.68966230805872	0.174188706960033	0	1	1	"down"	0.0162013228557696	TRUE
"6303"	"SAT1"	5	144	"default"	-0.589452475647762	0.047259043810512	-0.720664616511786	-0.458240334783738	-0.720664616511786	-0.458240334783738	0.000237635041047043	0	0	3.03613744368271	0.551796205196047	0	1	1	"down"	0.0162013228557696	TRUE
"9232"	"PTTG1"	5	144	"default"	1.620115360275	0.130803495955723	1.25694663418597	1.98328408636402	0.9501892933298	2.2900414272202	0.000244232690135889	0.0411108971791641	56.9328201080576	9.31579692348244	0.0536729604011726	1	0	1	"up"	0.0162366345970167	TRUE
"84836"	"ABHD14B"	5	144	"default"	-0.736171904354579	0.0594784863760342	-0.901310656717893	-0.571033151991265	-1.01018567601081	-0.462158132698347	0.000244910130792989	0.00620248104584606	29.7995984736449	5.17982679267493	0.269338771610156	0	1	1	"down"	0.0162366345970167	TRUE
"9775"	"EIF4A3"	5	144	"default"	0.597178837759451	0.0486495974811218	0.462105900963148	0.732251774555755	0.362742691827921	0.831614983690982	0.000252973933647077	0.00476291186425594	32.5182371774029	5.23289649958636	0.264224580946351	1	0	1	"up"	0.0164663033173916	TRUE
"3426"	"CFI"	5	144	"default"	-1.08237328846576	0.0889724530788227	-1.3294004203139	-0.835346156617624	-1.33865563265063	-0.82609094428089	0.000262029727971891	0.000604287083927924	1.59543757857712	4.66176936065353	0.323794332218147	0	1	1	"down"	0.0166669859421557	TRUE
"79022"	"TMEM106C"	5	144	"default"	0.797697668548606	0.0658921605429822	0.614751701938135	0.980643635159076	0.492961551940379	1.10243378515683	0.00026707391662219	0.00770496700829153	30.8402973443039	5.18831356835471	0.268515302823658	1	0	1	"up"	0.0166669859421557	TRUE
"197"	"AHSG"	6	167	"default"	-0.602227522429967	0.0670106238089827	-0.774483814787996	-0.429971230071937	-0.774483814787996	-0.429971230071937	0.000284620720728811	0	0	2.93328098722719	0.710271309116188	0	1	1	"down"	0.0167064636610921	TRUE
"65265"	"C8orf33"	5	144	"default"	0.910760759971173	0.0770855881273991	0.696736856133563	1.12478466380878	0.538925108170669	1.28259641177168	0.00029374147508069	0.0119937409862634	39.5752386002209	6.43891390973718	0.168680224567582	1	0	1	"up"	0.0167986338784165	TRUE
"9897"	"WASHC5"	5	144	"default"	0.979393177553494	0.0853312679071463	0.742475596452376	1.21631075865461	0.533230580796247	1.42555577431074	0.000328920506214578	0.0185416603824907	44.3663664795679	6.59929952131425	0.158640254218536	1	0	1	"up"	0.0173036601171592	TRUE
"283377"	"SPRYD4"	5	144	"default"	-0.93828132567924	0.0818541561061502	-1.16554489674026	-0.711017754618223	-1.34199781271399	-0.534564838644491	0.000330569131836183	0.0144432953116998	43.2921420567231	6.92542753561549	0.139881909107556	0	1	1	"down"	0.0173036601171592	TRUE
"388753"	"COA6"	5	144	"default"	0.761109710648098	0.0669680225439299	0.575176672251228	0.947042749044968	0.39096363926382	1.13125578203238	0.000341777433037919	0.0132885853747864	58.8945242910109	9.75600975989655	0.044744467117114	1	0	1	"up"	0.017723721358359	TRUE
"28968"	"SLC6A16"	6	167	"default"	-0.694519309673792	0.0808634884401334	-0.902385524224186	-0.486653095123398	-1.05394433933012	-0.335094280017458	0.000352815588363368	0.0130114115281414	41.4772912531295	8.89355154259991	0.113386102027335	0	1	1	"down"	0.017723721358359	TRUE
"286410"	"ATP11C"	5	144	"default"	-0.590052838254415	0.0522497933868182	-0.735121521350842	-0.444984155157987	-0.834732975266188	-0.345372701242642	0.000350394642404269	0.00503635002439962	28.8365921528533	4.88421407421544	0.299385498778404	0	1	1	"down"	0.017723721358359	TRUE
"23316"	"CUX2"	5	144	"default"	-1.04737220622225	0.0941386744136288	-1.30874306800778	-0.786001344436724	-1.32312603027877	-0.771618382165735	0.000371350695779535	0.00100217893855901	1.86729837360708	3.59012457142016	0.464307656043018	0	1	1	"down"	0.0179169203624088	TRUE
"1163"	"CKS1B"	5	144	"default"	1.16658624896275	0.106050963165614	0.872141571380068	1.46103092654543	0.525467422170597	1.8077050757549	0.000388138106533971	0.042074265970124	66.45482485411	12.5188863584341	0.0138823080681185	1	0	1	"up"	0.0179356699323808	TRUE
"3015"	"H2AZ1"	5	144	"default"	1.07055431874681	0.0977121093459556	0.799262011034682	1.34184662645894	0.568756881355797	1.57235175613783	0.000394245890634262	0.0231170453373901	45.383493310868	6.84265208408437	0.144440679034006	1	0	1	"up"	0.0179567466726547	TRUE
"282969"	"FUOM"	5	144	"default"	-0.747916363366092	0.0685985975910672	-0.938376603871243	-0.55745612286094	-0.9384014156877	-0.557431311044483	0.000401816443571541	1.22614826805638e-06	0.00447808854480389	3.80342442703727	0.433262615594653	0	1	1	"down"	0.018117164584208	TRUE
"51312"	"SLC25A37"	5	144	"default"	-0.661389062134244	0.060839311221778	-0.830306069979555	-0.492472054288933	-0.943024301173016	-0.379753823095472	0.000406396687715424	0.00658811456117584	37.6942739861053	6.56862404495108	0.160517543327479	0	1	1	"down"	0.0181252972389415	TRUE
"25891"	"PAMR1"	5	144	"default"	-0.974651397760365	0.0909486475351136	-1.22716532503359	-0.72213747048714	-1.52046941180876	-0.428833383711968	0.000429674502357178	0.0303755001583231	73.2317940176435	13.0901772552591	0.0108434747120671	0	1	1	"down"	0.01826882088407	TRUE
"3033"	"HADH"	5	144	"default"	-0.688243040524525	0.0641081826067507	-0.866235890326164	-0.510250190722885	-0.866235890326164	-0.510250190722885	0.000426702655320319	0	0	4.23161405629629	0.375566836074937	0	1	1	"down"	0.01826882088407	TRUE
"10613"	"ERLIN1"	5	144	"default"	-0.63997475519628	0.0596129359624188	-0.805486799455607	-0.474462710936953	-0.939321833223227	-0.340627677169334	0.000426725698064205	0.00807073315474079	40.0662291868762	6.18072891040817	0.18605175704999	0	1	1	"down"	0.01826882088407	TRUE
"84879"	"MFSD2A"	5	144	"default"	-1.29574681698132	0.1225840192535	-1.63609461721318	-0.955399016749473	-1.63619941152549	-0.955294222437155	0.000453239020421071	9.25506191798311e-06	0.0263381975183472	9.35074638316016	0.0529060875730267	0	1	1	"down"	0.0186947600647271	TRUE
"54463"	"RETREG1"	5	144	"default"	-1.08421507028959	0.102833479598502	-1.36972658137131	-0.798703559207873	-1.36973165714206	-0.798698483437128	0.000457742231086303	3.75994328845405e-07	0.00140748563122227	9.24223157591772	0.0553219454842003	0	1	1	"down"	0.018706817206495	TRUE
"5345"	"SERPINF2"	6	167	"default"	-1.10609646378763	0.136893083063457	-1.45799133653481	-0.754201591040456	-1.62350091317755	-0.588692014397713	0.000470424639721644	0.0217735678986389	37.4276879571021	11.3425796125191	0.044995158218353	0.166666666666667	0.833333333333333	0.833333333333333	"down"	0.018880247642639	TRUE
"4547"	"MTTP"	5	144	"default"	-1.19685429835727	0.115346393763776	-1.51710722872492	-0.87660136798962	-1.77363610081631	-0.620072495898234	0.000487054870243814	0.029851580392277	33.7181049778432	4.99494218146585	0.287816852802175	0	1	1	"down"	0.0189508407128152	TRUE
"8631"	"SKAP1"	5	144	"default"	-0.950647591317242	0.0918028509150681	-1.20553316738359	-0.695762015250898	-1.44960680884074	-0.451688373793742	0.000490872495419479	0.0238684731300157	49.3915313532484	7.16363781934264	0.127489298844737	0	1	1	"down"	0.0189508407128152	TRUE
"126382"	"NR2C2AP"	5	144	"default"	0.60502833523762	0.0580714923573085	0.44379602453064	0.7662606459446	0.443679601114134	0.766377069361106	0.000479388396005612	4.87192957238996e-06	0.0441445871686039	7.21574690672676	0.124916846289831	1	0	1	"up"	0.0189508407128152	TRUE
"55246"	"CCDC25"	5	144	"default"	-0.594829067747415	0.0575809893296494	-0.754699523724166	-0.434958611770664	-0.816367915535714	-0.373290219959116	0.000495499935265963	0.00305123546284994	16.1255299140829	4.36884505811098	0.35838352539467	0	1	1	"down"	0.0189508407128152	TRUE
"154467"	"CCDC167"	5	144	"default"	0.592316425299329	0.0573264132348265	0.433152785874949	0.751480064723709	0.292075082983053	0.892557767615605	0.000495119675329008	0.00840767465049837	39.9092594213181	5.64946488001038	0.226900445109616	1	0	1	"up"	0.0189508407128152	TRUE
"140809"	"SRXN1"	5	144	"default"	1.1520181734584	0.111860036952239	0.841444921395107	1.46259142552168	0.596703538261768	1.70733280865502	0.00050141534973139	0.0274910224271944	41.3944428043262	6.53562352321046	0.162559606745495	1	0	1	"up"	0.019055912442021	TRUE
"126"	"ADH1C"	5	144	"default"	-1.87016915563914	0.183793652719473	-2.38046214309854	-1.35987616817973	-2.38046214309854	-1.35987616817973	0.000525401263018549	0	0	5.5643283930072	0.234132563826605	0	1	1	"down"	0.0192060376209246	TRUE
"1559"	"CYP2C9"	6	167	"default"	-1.7035066795717	0.217342359279905	-2.26220300045096	-1.14481035869243	-2.46474973685391	-0.942263622289488	0.000542495729269738	0.0404591138625438	30.6376567941775	12.0627785856167	0.0339376211777384	0.166666666666667	0.833333333333333	0.833333333333333	"down"	0.0192060376209246	TRUE
"134526"	"ACOT12"	5	144	"default"	-1.1225130085351	0.110823814108698	-1.43020924475654	-0.814816772313653	-1.43020924475654	-0.814816772313653	0.000534824131998294	0	0	4.07802217069015	0.395549665282824	0	1	1	"down"	0.0192060376209246	TRUE
"8443"	"GNPAT"	6	167	"default"	0.729416115953798	0.0925545811386666	0.491496990873814	0.967335241033782	0.32141005794999	1.13742217395761	0.000528775758837902	0.0166260965452051	53.3020079954445	10.7633844966287	0.0562785301065198	1	0	1	"up"	0.0192060376209246	TRUE
"112483"	"SAT2"	5	144	"default"	-0.723303635675324	0.0722009887688514	-0.923765717533043	-0.522841553817606	-1.12908669322442	-0.31752057812623	0.000558121527928527	0.0161474298556013	45.748245603239	6.63180287361405	0.156672878086581	0	1	1	"down"	0.0192060376209246	TRUE
"5860"	"QDPR"	6	167	"default"	-0.667815668334347	0.0843999303692142	-0.884772596270419	-0.450858740398275	-0.918375952161629	-0.417255384507065	0.000518967442011657	0.00237748281784158	9.08387155002267	8.94995733514427	0.111076916587423	0.166666666666667	0.833333333333333	0.833333333333333	"down"	0.0192060376209246	TRUE
"28970"	"C11orf54"	5	144	"default"	-0.662489101516232	0.0661442876759092	-0.846135085270805	-0.478843117761659	-0.846146733289117	-0.478831469743347	0.000558575067885082	5.55007773139401e-07	0.00347313769924895	5.85119651016929	0.210540026606214	0	1	1	"down"	0.0192060376209246	TRUE
"29901"	"SAC3D1"	5	144	"default"	0.654563768463305	0.0654169616634949	0.472937165455783	0.836190371470828	0.472889903915643	0.836237633010968	0.000560694524236108	2.22738681509039e-06	0.0174936812504038	7.69163489175468	0.103549916730687	1	0	1	"up"	0.0192060376209246	TRUE
"54499"	"TMCO1"	5	144	"default"	0.645041987810784	0.0639672222132892	0.467440506803598	0.82264346881797	0.350477457294391	0.939606518327176	0.000544101117470453	0.00716415910053413	41.5769479973744	7.15295167381618	0.128022838794308	1	0	1	"up"	0.0192060376209246	TRUE
"54566"	"EPB41L4B"	5	144	"default"	-0.623040729203138	0.0619429717455546	-0.795021989907489	-0.451059468498788	-0.881063007926963	-0.365018450479313	0.000549495162785103	0.00479953748798255	36.2718672705236	7.46337432205307	0.113335217128101	0	1	1	"down"	0.0192060376209246	TRUE
"79720"	"VPS37B"	5	144	"default"	-0.621133147275241	0.0610818473340364	-0.790723543322266	-0.451542751228217	-0.790803930155749	-0.451462364394734	0.000526705604573977	3.53786214419923e-06	0.021408631276203	5.12652587716283	0.27455978171544	0	1	1	"down"	0.0192060376209246	TRUE
"79035"	"NABP2"	5	144	"default"	0.615502845108216	0.0604487816813253	0.44767012109393	0.783335569122501	0.275112781442857	0.955892908773574	0.000524033246015129	0.0113765187832766	55.3451211351583	8.76029952770037	0.0673782136509595	1	0	1	"up"	0.0192060376209246	TRUE
"2184"	"FAH"	6	167	"default"	-0.662421061517516	0.0852808189429197	-0.881642385620375	-0.443199737414658	-0.884097776673899	-0.440744346361134	0.000565851683691574	0.000163830956869821	0.66424822989672	9.68761653862296	0.0845861106134979	0.166666666666667	0.833333333333333	0.833333333333333	"down"	0.0192928478820556	TRUE
"55355"	"HJURP"	5	144	"default"	1.01441989888514	0.101827554561096	0.731701283449722	1.29713851432056	0.509213871489085	1.51962592628119	0.00057031787903816	0.0227411249993428	58.5035746861878	8.86153464365791	0.0646551907932027	1	0	1	"up"	0.0193055366359518	TRUE
"1063"	"CENPF"	6	167	"default"	0.920864484743691	0.118865450069558	0.61531111791015	1.22641785157723	0.433412109751892	1.40831685973549	0.000572847982214137	0.0218295002862298	57.2642263612098	15.7427114149078	0.0076183557545715	0.833333333333333	0.166666666666667	0.833333333333333	"up"	0.0193055366359518	TRUE
"9510"	"ADAMTS1"	6	167	"default"	-0.64355756699782	0.0833285417819672	-0.857760402892607	-0.429354731103033	-0.857782379499126	-0.429332754496514	0.000581199901050277	1.42487003619209e-06	0.00351853521419247	6.46815056110673	0.263291611038676	0.166666666666667	0.833333333333333	0.833333333333333	"down"	0.019337320127881	TRUE
"29899"	"GPSM2"	6	167	"default"	0.73273734938271	0.0952333146558761	0.487932320580877	0.977542378184543	0.269589902172887	1.19588479659253	0.000591495585402632	0.0233926462082164	65.1298565130063	15.6102011299863	0.00804973675650567	1	0	1	"up"	0.019391521939024	TRUE
"57688"	"ZSWIM6"	5	144	"default"	-0.688546932983465	0.069854071305069	-0.882492927336561	-0.494600938630368	-1.10692580416507	-0.270168061801859	0.000594233206339484	0.0178274895191375	51.865352624654	7.93028324088264	0.09416565131698	0	1	1	"down"	0.0194456570264658	TRUE
"56521"	"DNAJC12"	6	167	"default"	-0.977458029504112	0.128421632759166	-1.30757634597758	-0.647339713030642	-1.6517920507746	-0.303124008233626	0.000622100418762101	0.0523235432829445	59.3649245208688	10.7325998759526	0.0569472108043786	0	1	1	"down"	0.0196395017563344	TRUE
"55215"	"FANCI"	5	144	"default"	0.724559160223221	0.074262862082376	0.518372400296629	0.930745920149812	0.281624370694927	1.16749394975151	0.000618192289112952	0.019935825234831	63.6511057169066	10.8183997614056	0.0286825762131276	1	0	1	"up"	0.0196395017563344	TRUE
"2617"	"GARS1"	5	144	"default"	0.657003125652263	0.0670058837133505	0.470964967796878	0.843041283507647	0.421043065999958	0.892963185304568	0.000606460759261803	0.00273289883673852	17.3433250367266	6.63688227176631	0.156367441526736	1	0	1	"up"	0.0196395017563344	TRUE
"10430"	"TMEM147"	5	144	"default"	0.785625996404182	0.0810174882272087	0.560685387780328	1.01056660502804	0.453999549643619	1.11725244316474	0.000633028107952455	0.00770275504002743	30.5528629131384	6.72434573844606	0.151192325847182	1	0	1	"up"	0.0197605699195567	TRUE
"7429"	"VIL1"	6	167	"default"	0.613510247032336	0.0810655827032115	0.405124532640187	0.821895961424485	0.405124532640187	0.821895961424485	0.000638828503649981	0	0	4.12893903685301	0.531005326167345	1	0	1	"up"	0.0197605699195567	TRUE
"10247"	"RIDA"	5	144	"default"	-0.922277551263526	0.096229257607375	-1.18945280252434	-0.655102300002711	-1.41573781531444	-0.428817287212613	0.000662297231076889	0.0223282254180869	45.8475509045109	6.90991174705975	0.140726256686099	0	1	1	"down"	0.0201275389410464	TRUE
"29089"	"UBE2T"	5	144	"default"	1.56916673253117	0.164189552960995	1.113303451888	2.02503001317434	0.532727729180327	2.60560573588201	0.000669583388582496	0.112392541723419	80.5053287547882	26.0493422584561	3.09278610874374e-05	1	0	1	"up"	0.020133384569272	TRUE
"23729"	"SHPK"	5	144	"default"	-0.691781920754739	0.0724233198964891	-0.89286129278352	-0.490702548725958	-1.11753012426109	-0.266033717248389	0.000670970166819967	0.0182689142751878	70.2405893009427	12.4084120588632	0.014559071582039	0	1	1	"down"	0.020133384569272	TRUE
"113130"	"CDCA5"	5	144	"default"	1.20905950423708	0.127064018938261	0.856273230809186	1.56184577766498	0.493542891899057	1.92457611657511	0.000680975521451698	0.0502689832067992	70.3622705715294	12.8887672822246	0.0118322814496046	1	0	1	"up"	0.0201881519180196	TRUE
"81691"	"REXO5"	5	144	"default"	0.612057028194709	0.0643287937735075	0.433451663598976	0.790662392790442	0.332278113887597	0.891835942501821	0.000681209148518651	0.00601614811115534	35.1704009549515	6.73823087754914	0.150385261605495	1	0	1	"up"	0.0201881519180196	TRUE
"84706"	"GPT2"	5	144	"default"	-1.38050050477162	0.145743461220902	-1.78514922429297	-0.975851785250258	-2.12653651891345	-0.634464490629777	0.000693044720777949	0.0509595427929741	50.4593309483599	7.820317625253	0.0983864166514484	0	1	1	"down"	0.0202537951366368	TRUE
"133686"	"NADK2"	5	144	"default"	-0.714056252356545	0.0752506797081941	-0.922985633695168	-0.505126871017923	-0.923032119421001	-0.505080385292089	0.000688293112221494	2.52010861797197e-06	0.0126110609837664	6.98909307988836	0.136465730006671	0	1	1	"down"	0.0202537951366368	TRUE
"84933"	"C8orf76"	5	144	"default"	0.682594614483162	0.0723515709404377	0.481714449492213	0.883474779474111	0.339091741015045	1.02609748795128	0.000703791093574753	0.0100719852837863	35.953705297721	5.585387836206	0.232325155743122	1	0	1	"up"	0.0202537951366368	TRUE
"221504"	"ZBTB9"	5	144	"default"	0.624715835448298	0.0659529395227539	0.441601119336942	0.807830551559654	0.246276621389878	1.00315504950672	0.000693039381653957	0.0142288566947635	63.1790804944997	10.0400994760092	0.0397576017730969	1	0	1	"up"	0.0202537951366368	TRUE
"432"	"ASGR1"	6	167	"default"	-0.622313697795153	0.084027168539401	-0.838312410942488	-0.406314984647818	-0.838328440720061	-0.406298954870245	0.000706407953036861	1.04800149346975e-06	0.00465383693383589	12.0771562657749	0.0337457202205267	0.166666666666667	0.833333333333333	0.833333333333333	"down"	0.0202639460887176	TRUE
"130"	"ADH6"	6	167	"default"	-1.18143324900199	0.160269557823402	-1.59341926314829	-0.769447234855687	-1.84316517987134	-0.519701318132642	0.000721905690609884	0.0405812797982092	47.5714066466307	11.8731948061824	0.0365672280445333	0.166666666666667	0.833333333333333	0.833333333333333	"down"	0.0204871019546206	TRUE
"79183"	"TTPAL"	5	144	"default"	-0.748533909451777	0.0798649064721957	-0.970274438103584	-0.52679338079997	-1.10373416543785	-0.393333653465707	0.000721885134608877	0.00998856940638799	31.2100282153984	5.74419542373409	0.219083726976483	0	1	1	"down"	0.0204871019546206	TRUE
"6631"	"SNRPC"	6	167	"default"	0.598008536718803	0.081067605508734	0.389617622539521	0.806399450898085	0.221037202175153	0.974979871262453	0.00071958198160114	0.0149337533485118	61.6993675493755	13.1736653308425	0.0218045662191691	1	0	1	"up"	0.0204871019546206	TRUE
"92840"	"REEP6"	5	144	"default"	-0.938662779586642	0.100242415069146	-1.21698034223858	-0.660345216934706	-1.21701310538775	-0.660312453785537	0.000724435808373913	2.36593945324842e-06	0.00463815311836524	4.55697976869297	0.335844518364115	0	1	1	"down"	0.0205180395093244	TRUE
"5476"	"CTSA"	5	144	"default"	0.70055492538819	0.0749267661441037	0.492524872279093	0.908584978497286	0.318182085716588	1.08292776505979	0.000728645260668918	0.0133528594427379	38.3763222463742	5.6552738784275	0.226414177400553	1	0	1	"up"	0.0205243490286644	TRUE
"170712"	"COX7B2"	5	144	"default"	1.28182303563469	0.137900192794794	0.898950720343754	1.66469535092563	0.898950720343754	1.66469535092563	0.000745264836399948	0	0	3.22797408632311	0.520424536221999	1	0	1	"up"	0.0206186098478502	TRUE
"1647"	"GADD45A"	6	167	"default"	-0.884609656029625	0.121448414374462	-1.19680274398745	-0.5724165680718	-1.35540080624218	-0.413818505817066	0.000763077685418762	0.0187926500972861	29.278903970355	8.46614117804136	0.132348145402515	0	1	1	"down"	0.0209174434440978	TRUE
"91404"	"SESTD1"	5	144	"default"	0.749697053968083	0.0814209325253019	0.523636304397569	0.975757803538597	0.251959613563727	1.24743449437244	0.000772949490312986	0.0255088975165983	64.9730884708962	13.5553635225378	0.00885809594921922	1	0	1	"up"	0.0209406253762991	TRUE
"51192"	"CKLF"	5	144	"default"	0.785899215155587	0.0859737584195804	0.547197794416086	1.02460063589509	0.328154615082039	1.24364381522914	0.00079482070188155	0.0197896910156461	50.8567621532609	7.64621318355136	0.105432077326823	1	0	1	"up"	0.0211488790393999	TRUE
"55353"	"LAPTM4B"	5	144	"default"	1.39267473645742	0.152684648702935	0.968754190927314	1.81659528198753	0.548342977583331	2.23700649533151	0.000801513638561659	0.0691674506460055	54.2742366102113	8.06126498707335	0.089359584578202	1	0	1	"up"	0.0211921626739346	TRUE
"80345"	"ZSCAN16"	5	144	"default"	0.614104282360982	0.0673830710874581	0.427018884467014	0.80118968025495	0.214863210183269	1.0133453545387	0.000804094792624812	0.0161367462793284	61.1235168311625	10.6488749400985	0.0308069065059931	1	0	1	"up"	0.0211977861384155	TRUE
"10130"	"PDIA6"	5	144	"default"	0.691979499888907	0.0762594660453725	0.480249278662235	0.903709721115579	0.269290954813036	1.11466804496478	0.000817679573631298	0.017361790237368	48.031974673812	6.82814970956389	0.145253238334088	1	0	1	"up"	0.0214610914486807	TRUE
"2147"	"F2"	6	167	"default"	-0.723000723313057	0.100831854041153	-0.982197255764778	-0.463804190861336	-0.982225826407549	-0.463775620218565	0.000820544539223436	2.24150782948547e-06	0.00701226011792613	11.1993679512424	0.0475672950819201	0.166666666666667	0.833333333333333	0.833333333333333	"down"	0.0215047543954605	TRUE
"84306"	"PDCD2L"	5	144	"default"	0.84453368300318	0.0942142320994405	0.582953039450719	1.10611432655564	0.39931271471862	1.28975465128774	0.000856938351743809	0.0168378796448144	55.7477239744662	9.55288643276157	0.048671818906866	1	0	1	"up"	0.0219971291252141	TRUE
"2266"	"FGG"	6	167	"default"	-0.609406612738417	0.0862976704024742	-0.831241836732747	-0.387571388744087	-0.942547278758084	-0.276265946718751	0.00088044871851373	0.00934819248641334	25.1968434932024	7.38726575448652	0.193394821077966	0	1	1	"down"	0.022197228255487	TRUE
"5174"	"PDZK1"	6	167	"default"	0.808034263842932	0.114681360218746	0.513236442378559	1.10283208530731	0.181041571902349	1.43502695578352	0.000889566844130603	0.0463406677600104	54.106033686745	10.4035830210672	0.0645749298436004	1	0	1	"up"	0.0223641102667666	TRUE
"4494"	"MT1F"	5	144	"default"	-3.20439781048559	0.362439427860487	-4.21069098589953	-2.19810463507165	-5.32385868517274	-1.08493693579843	0.000903537579297449	0.451374703483638	82.1428112377232	19.8248798431847	0.000540759185918535	0	1	1	"down"	0.0225884394824362	TRUE
"84450"	"ZNF512"	5	144	"default"	0.611850159972573	0.0695002611389233	0.418886500123441	0.804813819821705	0.251253109552458	0.972447210392687	0.000918445045951355	0.0120378133370525	56.3453007285424	8.7245795576651	0.0683646980865894	1	0	1	"up"	0.0226740972051733	TRUE
"129531"	"MITD1"	5	144	"default"	0.595438001816836	0.06777065165449	0.407276507754663	0.78359949587901	0.240859551063074	0.950016452570598	0.000925478477920415	0.0117168583468205	50.974407424055	6.70636292436907	0.152243431864164	1	0	1	"up"	0.0226740972051733	TRUE
"144363"	"ETFRF1"	5	144	"default"	-0.627337478422432	0.0715028247956764	-0.825861146334204	-0.428813810510661	-0.964116681875367	-0.290558274969498	0.000930533657512074	0.0096007225527447	42.609882918311	6.91154445737927	0.140637187513623	0	1	1	"down"	0.0226928507758394	TRUE
"64785"	"GINS3"	5	144	"default"	0.608118450406104	0.0697176264869489	0.414551287600407	0.801685613211802	0.241818318431455	0.974418582380753	0.000951572050566814	0.0125453318684394	53.1274374773929	8.86550582162919	0.0645505317704303	1	0	1	"up"	0.0229797701361633	TRUE
"90864"	"SPSB3"	5	144	"default"	-0.666512140640604	0.0764943134263539	-0.87889440272867	-0.454129878552538	-1.12493530555024	-0.208088975730966	0.000955499418054956	0.0214104451581623	63.7977553252994	11.6294745478776	0.0203301604177973	0	1	1	"down"	0.0230194341631006	TRUE
"134548"	"SOWAHA"	5	144	"default"	0.786257843673467	0.0905456351962048	0.534862858035939	1.037652829311	0.534780297324901	1.03773539002203	0.000968072105729513	5.38583638981567e-06	0.0164987526018114	5.67779888142093	0.224537237002958	1	0	1	"up"	0.0231664314071635	TRUE
"8910"	"SGCE"	6	167	"default"	0.822414031821415	0.119441131466379	0.515380828846092	1.12944723479674	0.512318659262852	1.13250940437998	0.000988924320239307	0.000285984190790832	0.369421674852318	5.9707194545599	0.309078479139662	1	0	1	"up"	0.0232306369190073	TRUE
"203111"	"ERICH5"	5	144	"default"	0.681837083571612	0.0789014318786246	0.462771589239108	0.900902577904116	0.462771589239108	0.900902577904116	0.00098618716060697	0	0	3.05020764842061	0.549458712840593	1	0	1	"up"	0.0232306369190073	TRUE
"1548"	"CYP2A6"	4	139	"default"	-2.54231700046073	0.197600458520277	-3.17116984960096	-1.91346415132051	-3.49404683242334	-1.59058716849813	0.00101339840872006	0.0503885818202203	29.2161143903515	4.00802012633669	0.260599402499979	0	1	1	"down"	0.023434351427024	TRUE
"1786"	"DNMT1"	6	167	"default"	0.710644546958904	0.103928986550871	0.443486581935145	0.977802511982664	0.163746206295186	1.25754288762262	0.00102098757276837	0.0344624960749715	59.800233449171	11.0608475367647	0.0501868141766829	1	0	1	"up"	0.023434351427024	TRUE
"54825"	"CDHR2"	5	144	"default"	-2.0016848017123	0.233945645185176	-2.65122204316903	-1.35214756025558	-3.4987821095641	-0.504587493860509	0.00102442355073264	0.236020876490432	84.8035966039866	25.6727396746666	3.68347370465561e-05	0	1	1	"down"	0.023449081276361	TRUE
"2160"	"F11"	6	167	"default"	-0.809096291542939	0.118924092311753	-1.11480040305907	-0.503392180026811	-1.25755461780173	-0.360637965284149	0.00104480534912382	0.0162926215068334	39.6919635162287	12.154728061459	0.0327280681316976	0.166666666666667	0.833333333333333	0.833333333333333	"down"	0.0235541760066957	TRUE
"65062"	"TMEM237"	5	144	"default"	0.748977946075405	0.0879141810898783	0.50488904831094	0.99306684383987	0.289542299741818	1.20841359240899	0.00104144655659673	0.0196534767791089	60.5205985643628	9.3163596639027	0.0536605289865436	1	0	1	"up"	0.0235541760066957	TRUE
"4860"	"PNP"	5	144	"default"	-0.743831389724769	0.0873621195472694	-0.986387518921489	-0.501275260528048	-1.21638270765683	-0.271280071792704	0.00104382292730392	0.021335944331203	54.110776584097	8.12567189460919	0.0870816445651765	0	1	1	"down"	0.0235541760066957	TRUE
"23557"	"SNAPIN"	5	144	"default"	0.588661478766796	0.0691297912403059	0.396726408254304	0.780596549279289	0.230625602412724	0.946697355120869	0.00104337221626544	0.0118504080496909	58.5359487105955	9.55873787796356	0.0485542066454961	1	0	1	"up"	0.0235541760066957	TRUE
"57819"	"LSM2"	6	167	"default"	0.661336903184431	0.097452117852777	0.410828259187793	0.911845547181068	0.0801001732942383	1.24257363307462	0.00105698332479729	0.0416292515344335	79.4765832541784	19.5383877969013	0.00152509140709844	1	0	1	"up"	0.023679601394082	TRUE
"284422"	"SMIM24"	5	144	"default"	-1.81283727683259	0.214921637159111	-2.4095554043241	-1.21611914934108	-2.712911257097	-0.91276329656818	0.00108193110087918	0.0589027648308019	45.4400412816456	9.54958784612277	0.0487382395028568	0	1	1	"down"	0.0239592378310418	TRUE
"81610"	"FAM83D"	5	144	"default"	1.58892448083366	0.188611321824566	1.06525549956896	2.11259346209836	0.530135647295779	2.64771331437155	0.00108711536286601	0.109851254793358	76.3993069276866	13.6762742247478	0.00840325692205935	1	0	1	"up"	0.0239924629733819	TRUE
"9761"	"MLEC"	5	144	"default"	0.588682210733195	0.0701142146174258	0.394013942753855	0.783350478712534	0.211517115161862	0.965847306304528	0.00110117682467145	0.0135377542964325	45.9275624138869	6.67806672844727	0.153910845727642	1	0	1	"up"	0.0240086055561741	TRUE
"29902"	"FAM216A"	5	144	"default"	0.632799815655993	0.0759000538411553	0.422067482684469	0.843532148627518	0.222756097343972	1.04284353396801	0.00113111937888949	0.0160505115867121	50.7548974443482	6.78676148988166	0.147595225798667	1	0	1	"up"	0.0243061667252363	TRUE
"112817"	"HOGA1"	5	144	"default"	-1.42909110909374	0.172114245510598	-1.90695686357645	-0.951225354611028	-2.39229981463176	-0.465882403555716	0.00114896816942881	0.0907312648785537	73.9423911817381	12.3189049246616	0.0151308593351433	0	1	1	"down"	0.0243463972657534	TRUE
"51506"	"UFC1"	5	144	"default"	0.78469618345431	0.0944891712095078	0.522352186555476	1.04704018035314	0.231560039957187	1.33783232695143	0.00114819695448472	0.0307622346109392	71.0762299364332	15.1531275967867	0.00439393343233178	1	0	1	"up"	0.0243463972657534	TRUE
"128240"	"NAXE"	5	144	"default"	0.783555410334113	0.0943318136281356	0.521648308121845	1.04546251254638	0.193953712055793	1.37315710861243	0.00114726865539502	0.0361976384625797	73.4295237125815	17.5307525777768	0.00152382266375498	1	0	1	"up"	0.0243463972657534	TRUE
"8667"	"EIF3H"	5	144	"default"	0.656294807835636	0.0789521108809379	0.437088606035222	0.87550100963605	0.337251275044361	0.975338340626911	0.00114400936265303	0.00697105652459574	31.673092259172	7.18511136456188	0.126423358050913	1	0	1	"up"	0.0243463972657534	TRUE
"187"	"APLNR"	5	144	"default"	-0.636186170364772	0.0765270652636515	-0.848659366131189	-0.423712974598355	-0.992588325907638	-0.279784014821906	0.00114366811580693	0.0106215309991809	32.6996134607519	5.57885567049385	0.232884467855486	0	1	1	"down"	0.0243463972657534	TRUE
"5105"	"PCK1"	6	167	"default"	-1.80518776938388	0.27210721610188	-2.50466163644093	-1.10571390232682	-2.84264241600982	-0.767733122757932	0.00117241153150881	0.0888405174126226	45.5394622068535	13.5812541161756	0.0184999579633046	0	1	1	"down"	0.0244309271408705	TRUE
"255043"	"TMEM86B"	5	144	"default"	-0.711562087436147	0.0864095907476073	-0.951473572709485	-0.471650602162808	-1.03555859662418	-0.387565578248109	0.00118580593303911	0.00615104240772045	17.7014342727394	5.3006575387358	0.257815379890677	0	1	1	"down"	0.0245955112414832	TRUE
"9920"	"KBTBD11"	5	144	"default"	-1.94440749823926	0.238046010181689	-2.60532917802007	-1.28348581845844	-3.47166553473883	-0.417149461739693	0.00122306764795357	0.245918582006297	86.2508083755868	35.8043401116012	3.17466567757718e-07	0	1	1	"down"	0.0245956291512756	TRUE
"84873"	"ADGRG7"	5	144	"default"	-1.58894256485326	0.193770370444704	-2.12693536140682	-1.05094976829969	-2.80132645126912	-0.376558678437396	0.00120501304705318	0.153131720034481	83.8449414707633	22.0024850122574	0.000200192266735618	0	1	1	"down"	0.0245956291512756	TRUE
"10878"	"CFHR3"	5	144	"default"	-1.3577497442368	0.165664361560127	-1.81770774999613	-0.897791738477468	-2.25341581994931	-0.462083668524295	0.00120745041847838	0.0766225668099562	53.4349412120879	7.67012972315656	0.104437098425482	0	1	1	"down"	0.0245956291512756	TRUE
"55502"	"HES6"	6	167	"default"	0.637139837490428	0.0969757041052462	0.38785585401944	0.886423820961416	0.117421397924197	1.15685827705666	0.0012253753043241	0.0314721827036201	61.0515688435164	12.5308788036946	0.0281948440580803	1	0	1	"up"	0.0245956291512756	TRUE
"23234"	"DNAJC9"	5	144	"default"	0.62734229448629	0.0765426940224105	0.414825706329116	0.839858882643464	0.164021370885474	1.09066321808711	0.00120734246513145	0.0219886795596215	63.5048944334364	11.5614371434229	0.0209286657796711	1	0	1	"up"	0.0245956291512756	TRUE
"54981"	"NMRK1"	5	144	"default"	-0.706113457244554	0.0868210444650893	-0.947167321177811	-0.465059593311296	-1.25841891995281	-0.153807994536297	0.00124337430531088	0.0320334223757373	76.644260005393	17.9323179189667	0.00127225583063708	0	1	1	"down"	0.0247419494648715	TRUE
"284111"	"SLC13A5"	5	144	"default"	-1.50488058125036	0.185170435876115	-2.01899613156594	-0.990765030934777	-2.03707816088305	-0.97268300161767	0.00124685920376506	0.00245431703571873	2.29272144579262	7.28948369421299	0.12135853046621	0	1	1	"down"	0.0247451903331154	TRUE
"55536"	"CDCA7L"	5	144	"default"	0.585872498656682	0.0720907895884192	0.385716378774071	0.786028618539293	0.222785834004795	0.948959163308569	0.00124693640673017	0.0119047413502868	46.7909339263663	6.8022434036814	0.146715159684973	1	0	1	"up"	0.0247451903331154	TRUE
"64151"	"NCAPG"	5	144	"default"	1.57330440894971	0.193834884106813	1.03513249375477	2.11147632414466	0.583734266353595	2.56287455154583	0.00125288352637629	0.0894605783667264	68.780679416422	10.4925192316881	0.0329001917582275	1	0	1	"up"	0.024804943569186	TRUE
"387103"	"CENPW"	5	144	"default"	1.3861553221052	0.17102877164408	0.911303326225999	1.86100731798439	0.275414137207708	2.49689650700269	0.00125991394229321	0.130796170406806	83.9838490324212	35.262289536043	4.10327531955749e-07	1	0	1	"up"	0.0248923394779784	TRUE
"1634"	"DCN"	6	167	"optim_Nelder-Mead_retry"	-1.48801011651214	0.228499796254913	-2.07538754221161	-0.900632690812657	-2.4177311682377	-0.558289064786566	0.00127583489634321	0.0785982994978613	60.340047517167	14.2827483624932	0.0139096875963045	0	1	1	"down"	0.0250136304978569	TRUE
"64651"	"CSRNP1"	5	144	"default"	-1.51764279278949	0.187988569619169	-2.03958273674177	-0.995702848837214	-2.48406340067997	-0.551222184899007	0.00127888389833414	0.0858188797634354	69.7071930728243	12.4638215485391	0.0142157114074014	0	1	1	"down"	0.0250186030384493	TRUE
"85236"	"H2BC12"	5	144	"default"	0.758908880639068	0.0940997462904547	0.497646100650581	1.02017166062756	0.421136433984237	1.0966813272939	0.00128379110292336	0.00594552883298639	21.7573894513935	7.5425955647399	0.109845610201891	1	0	1	"up"	0.0250871842165154	TRUE
"4201"	"MEA1"	5	144	"default"	0.652883221846822	0.0817809173294309	0.425822994228938	0.879943449464706	0.232891745392424	1.07287469830122	0.00133444738886785	0.0161943446744394	63.7379942868884	10.5943472244789	0.0315219007608011	1	0	1	"up"	0.0255721745479553	TRUE
"114897"	"C1QTNF1"	5	144	"default"	-0.711767025393906	0.089252086079139	-0.959570542917024	-0.463963507870789	-1.26681034315324	-0.156723707634569	0.00133988014447886	0.0319986747069058	81.247055378173	21.3694282907308	0.000267488859009762	0	1	1	"down"	0.0255756165411768	TRUE
"132671"	"SPATA18"	5	144	"default"	-0.756710316031603	0.0950402499619147	-1.02058435283514	-0.49283627922807	-1.36410393589091	-0.149316696172294	0.00134808552726455	0.0388262020242049	76.6556884924882	19.0620555295238	0.000764184091862856	0	1	1	"down"	0.025622457923278	TRUE
"4783"	"NFIL3"	6	167	"default"	-0.610172365931913	0.0948250765217887	-0.853927985201647	-0.36641674666218	-1.09366211543012	-0.126682616433711	0.00134700143392998	0.0263844449973653	49.1923964824653	9.11427747353135	0.104591915025344	0	1	1	"down"	0.025622457923278	TRUE
"4501"	"MT1X"	5	144	"default"	-2.62935018532037	0.331597856061807	-3.55001342967725	-1.70868694096348	-4.66056882598583	-0.598131544654905	0.00136931515539315	0.425266350520334	82.9272483709722	24.3190268401738	6.893348739725e-05	0	1	1	"down"	0.0256649368834354	TRUE
"84790"	"TUBA1C"	5	144	"default"	0.950372288827705	0.12124482799137	0.613742679620518	1.28700189803489	0.19231914890424	1.70842542875117	0.001430594203686	0.0598451380492079	74.7478253298689	18.2098379688193	0.00112283712320417	1	0	1	"up"	0.0262373322192413	TRUE
"199920"	"FYB2"	5	144	"default"	-0.959441527900755	0.122629339147486	-1.29991515633043	-0.618967899471078	-1.49476533596268	-0.424117719838831	0.00144071178737833	0.0221373839632248	50.307837423532	9.99934040823241	0.0404387941962712	0	1	1	"down"	0.026395845439173	TRUE
"116238"	"TLCD1"	5	144	"default"	0.838440119015045	0.107516149958818	0.539927430732172	1.13695280729792	0.31364651046974	1.36323372756035	0.00145877071022348	0.0241674701541256	52.3895038898417	9.12812878365813	0.0579754551602695	1	0	1	"up"	0.0265892017403729	TRUE
"6944"	"VPS72"	5	144	"default"	0.826854428790854	0.106009701719546	0.532524311348141	1.12118454623357	0.215462226375204	1.4382466312065	0.00145768670713232	0.0372529954236415	76.2961938641536	14.7832703633504	0.00517249671372258	1	0	1	"up"	0.0265892017403729	TRUE
"7873"	"MANF"	5	144	"default"	0.752447696264514	0.0966379555024352	0.484137717733455	1.02075767479557	0.200269421105991	1.30462597142304	0.00146732979255285	0.0302141984477912	55.4300110961699	8.93277848921921	0.0628018374189447	1	0	1	"up"	0.0266651810017218	TRUE
"22977"	"AKR7A3"	5	144	"default"	-1.37118154693966	0.177306545438333	-1.86346343714145	-0.878899656737864	-2.42614074341115	-0.316222350468157	0.00150572399051471	0.112937769639657	68.4030050604358	11.7601530703679	0.0192268650036957	0	1	1	"down"	0.0270607022391699	TRUE
"9719"	"ADAMTSL2"	5	144	"default"	-1.37032210959132	0.177324384552912	-1.86265352911546	-0.877990690067177	-2.39077708150941	-0.349867137673233	0.0015098822026451	0.103641803718152	71.5046365185106	13.7556101975648	0.00811731556852839	0	1	1	"down"	0.0270694017806083	TRUE
"10376"	"TUBA1B"	5	144	"default"	0.863244245163732	0.111723603247937	0.553049793790937	1.17343869653653	0.18505807070943	1.54143041961803	0.00151074482563283	0.0471828415075942	76.0330669434695	19.2761783778735	0.000693576989397806	1	0	1	"up"	0.0270694017806083	TRUE
"5993"	"RFX5"	6	167	"default"	0.636224316933827	0.101886991481088	0.374315467344911	0.898133166522744	0.121335640069637	1.15111299379802	0.00154294184537323	0.0297393078747834	74.1274837803629	16.9057648102098	0.00468202786057995	1	0	1	"up"	0.027263654433374	TRUE
"54206"	"ERRFI1"	5	144	"default"	-1.12146140416682	0.146207506355273	-1.52739851953009	-0.715524288803548	-1.98956185195038	-0.253360956383262	0.0015531618785505	0.0763834968140608	74.0469657162727	14.8153215812968	0.00509998591239733	0	1	1	"down"	0.0273100173143949	TRUE
"27141"	"CIDEB"	6	167	"default"	-1.11397149852274	0.179112295264217	-1.57439431126807	-0.653548685777417	-1.89355203388345	-0.334390963162029	0.00157111695852594	0.0598915215447599	56.1406433238712	13.4905648792242	0.0191906932518842	0.166666666666667	0.833333333333333	0.833333333333333	"down"	0.0273291652661832	TRUE
"10923"	"SUB1"	5	144	"default"	0.600168043980239	0.0784053266688568	0.382479958529058	0.817856129431421	0.146070495446291	1.05426559251419	0.00156522578744408	0.0206023796833989	65.3965693581465	9.980488836684	0.0407576306076591	1	0	1	"up"	0.0273291652661832	TRUE
"6175"	"RPLP0"	6	167	"default"	0.641886999703667	0.103475234493258	0.375895441477088	0.907878557930245	0.0342007871731406	1.24957321223419	0.00158958969449231	0.0451779584499685	82.2652524308447	27.3202929249209	4.94067920841494e-05	1	0	1	"up"	0.0274914546197221	TRUE
"388323"	"GLTPD2"	5	144	"default"	-0.665519470000123	0.0884557995454608	-0.911112141674475	-0.419926798325771	-1.07014290966566	-0.260896030334588	0.00167078941015304	0.013414074075971	39.0380184763482	6.69504329446612	0.152908480877273	0	1	1	"down"	0.0281790446665833	TRUE
"84869"	"CBR4"	5	144	"default"	-0.918447706021503	0.122805827087486	-1.25941134352832	-0.577484068514686	-1.67792971918981	-0.158965692853199	0.00170899604514285	0.0597454651900848	78.5470723778237	20.5261926805299	0.000393053521029748	0	1	1	"down"	0.0284303245428039	TRUE
"1369"	"CPN1"	6	167	"default"	-0.642231123835482	0.10520149902116	-0.912660186300986	-0.371802061369977	-1.07985672577795	-0.204605521893016	0.00170828151505193	0.0179155936622825	31.4160601662401	7.5647677246501	0.181909668606384	0	1	1	"down"	0.0284303245428039	TRUE
"6799"	"SULT1A2"	6	167	"default"	-0.817484540689917	0.134244535097346	-1.1625711041446	-0.472397977235237	-1.58854786093795	-0.0464212204418839	0.00172757778317843	0.0719524443498034	78.6749158524445	17.7986323800518	0.0032096553519179	0	1	1	"down"	0.0285465565587813	TRUE
"84870"	"RSPO3"	5	144	"default"	-1.3664615286645	0.183387971573732	-1.87562816469254	-0.857294892636461	-2.55740375273735	-0.175519304591659	0.00173307131430989	0.150362658240264	88.8096083228509	40.3206230883909	3.71543784497527e-08	0	1	1	"down"	0.0285543725463636	TRUE
"55971"	"BAIAP2L1"	5	144	"default"	0.636107911824326	0.0854027105598596	0.398991974119779	0.873223849528872	0.219357621805636	1.05285820184302	0.00173559538158903	0.0152370227725356	35.3593595560856	5.68726147118009	0.223752821547638	1	0	1	"up"	0.0285543725463636	TRUE
"10747"	"MASP2"	6	167	"default"	-0.945356655392682	0.155435847322864	-1.34491722112758	-0.545796089657789	-1.51683461574128	-0.373878695044082	0.00173721744529694	0.0252634939253921	36.5532470058568	12.0870832780968	0.0336138267374786	0.166666666666667	0.833333333333333	0.833333333333333	"down"	0.0285548138391325	TRUE
"166785"	"MMAA"	5	144	"default"	-0.653835674535683	0.0880998827239551	-0.898440162693108	-0.409231186378258	-1.06694135208522	-0.240729996986142	0.00175937610024564	0.0143767043850106	64.7288807192312	12.9560030737296	0.0114927835865925	0	1	1	"down"	0.0287343359437929	TRUE
"84619"	"ZGPAT"	5	144	"default"	-1.62605520107251	0.219202313158367	-2.2346583904891	-1.01745201165593	-3.00752894356154	-0.244581458583484	0.00176248411537595	0.199525516576848	88.6862913910732	31.9734929443541	1.937110648617e-06	0	1	1	"down"	0.0287588565772375	TRUE
"90634"	"N4BP2L1"	5	144	"default"	-0.640803631975571	0.0864291107774524	-0.880769313540227	-0.400837950410915	-1.07553224969417	-0.206075014256971	0.00176593652972933	0.0170464979831219	62.8159876520352	11.4557016072954	0.021892852688961	0	1	1	"down"	0.0287627514851275	TRUE
"6296"	"ACSM3"	5	144	"default"	-1.39935184662258	0.189357201557344	-1.92509172202042	-0.873611971224735	-2.43197238432658	-0.366731308918575	0.00178785141061687	0.1024696960497	73.7909174305991	12.0121242059314	0.017261333893147	0	1	1	"down"	0.0289092504517092	TRUE
"84928"	"TMEM209"	5	144	"default"	0.615073615373159	0.083441041227985	0.383404144883113	0.846743085863205	0.0943126878337819	1.13583454291254	0.00180497520690477	0.0282178167169448	75.4324503922467	15.2940800181665	0.00412857510603892	1	0	1	"up"	0.0290835767218815	TRUE
"54908"	"SPDL1"	5	144	"default"	0.666309622222655	0.0907091313204673	0.4144606985712	0.918158545874111	0.0825149497816512	1.25010429466366	0.00182898586711903	0.0359840480481818	85.1844998385478	28.8346026688256	8.44605582081434e-06	1	0	1	"up"	0.0292349644738128	TRUE
"54102"	"CLIC6"	5	144	"default"	-0.718345305908593	0.0980632601458128	-0.990612564540173	-0.446078047277013	-1.25428561550281	-0.182404996314374	0.00184810123565293	0.0276446104814864	53.000196005671	8.29576533614219	0.0813253770460027	0	1	1	"down"	0.0293205572719323	TRUE
"10974"	"ADIRF"	5	144	"default"	-1.67336498909767	0.229003434350448	-2.30918045347345	-1.03754952472188	-2.75952007221122	-0.587209905984115	0.00186546921090986	0.100597616853389	50.0756653646498	8.66335309914932	0.0700875004425216	0	1	1	"down"	0.02933888309067	TRUE
"642946"	"FLVCR1-DT"	5	144	"default"	0.753657650113627	0.103160163145358	0.467239120097292	1.04007618012996	0.165251287072071	1.34206401315518	0.00186687082906554	0.0342714433885045	66.6227743000329	11.554534934035	0.0209903289239189	1	0	1	"up"	0.02933888309067	TRUE
"6447"	"SCG5"	5	144	"default"	-0.703696929747633	0.0962464483625558	-0.970919910196524	-0.436473949298743	-1.12801613794238	-0.279377721552884	0.00186139176989736	0.0140930909423217	28.6894730277442	5.37974858982575	0.250503620902775	0	1	1	"down"	0.02933888309067	TRUE
"10402"	"ST3GAL6"	5	144	"default"	-1.03513951528262	0.142229797588556	-1.43003274061064	-0.6402462899546	-1.94537122155116	-0.124907809014086	0.00189383693466012	0.0872502091289882	81.740453047666	24.6432938463915	5.93382388302152e-05	0	1	1	"down"	0.0294523728326812	TRUE
"8655"	"DYNLL1"	5	144	"default"	0.771267794443017	0.10590174892306	0.477237402013701	1.06529818687233	0.235346417602072	1.30718917128396	0.00188901944287454	0.0260432005108188	66.614107167751	12.0642725002507	0.0168796636796977	1	0	1	"up"	0.0294523728326812	TRUE
"9970"	"NR1I3"	6	167	"default"	-0.791795241828076	0.133183558594501	-1.13415447835651	-0.449436005299648	-1.13421364243794	-0.449376841218218	0.00192352809546416	6.13119073035325e-06	0.00985628643908374	9.51398530618472	0.0902373800149384	0.166666666666667	0.833333333333333	0.833333333333333	"down"	0.0296054625183219	TRUE
"1723"	"DHODH"	6	167	"default"	-0.623022601426404	0.104824345016951	-0.892482158659451	-0.353563044193356	-1.05678391079456	-0.189261292058249	0.00192591589466689	0.0174852189572056	44.110038045949	10.6074241194473	0.0597437803420165	0	1	1	"down"	0.0296167478647228	TRUE
"217"	"ALDH2"	6	167	"default"	-1.194154974892	0.201215842262823	-1.71139676405508	-0.676913185728926	-2.19434676502873	-0.193963184755274	0.00193869405422628	0.110904455221296	75.6325823799578	16.0109654243858	0.0068128367758123	0.166666666666667	0.833333333333333	0.833333333333333	"down"	0.0297111503173376	TRUE
"84457"	"PHYHIPL"	5	144	"default"	0.748385886602203	0.103455000898987	0.461148755747977	1.03562301745643	0.298578957956163	1.19819281524824	0.00193757020133224	0.0155437260461422	39.9136994956365	7.39105106217634	0.116610554477422	1	0	1	"up"	0.0297111503173376	TRUE
"2806"	"GOT2"	6	167	"default"	-0.946275158759096	0.160147183550305	-1.35794659982182	-0.534603717696368	-1.69499777749936	-0.197552540018827	0.00197692635922327	0.0591886558030521	70.6401239535663	14.1953148158221	0.0144152114880482	0.166666666666667	0.833333333333333	0.833333333333333	"down"	0.0299635747926304	TRUE
"119467"	"CLRN3"	5	144	"default"	-2.22024558298603	0.310741161926477	-3.08300136100027	-1.35748980497179	-4.17071560632628	-0.269775559645787	0.00202980663983328	0.396954953556281	76.278033820261	16.6381542023873	0.00227218466940944	0	1	1	"down"	0.0302527384288224	TRUE
"123264"	"SLC51B"	5	144	"default"	0.654242979090132	0.0916577878828027	0.399760162569667	0.908725795610598	0.133572744150859	1.17491321402941	0.00203741548518201	0.0267668215118942	45.1289816418858	6.78478996372159	0.147707642175799	1	0	1	"up"	0.0302677397227601	TRUE
"78989"	"COLEC11"	6	167	"default"	-1.10998028202925	0.189843520303312	-1.5979885869342	-0.621971977124304	-2.06446908935473	-0.155491474703772	0.00207201080574233	0.101832306303367	67.9828390454491	13.7301822177942	0.0174172941458061	0	1	1	"down"	0.0304834200669758	TRUE
"22889"	"KHDC4"	5	144	"default"	0.666462419152729	0.0938634818682859	0.405855614362705	0.927069223942753	0.157476136679758	1.1754487016257	0.00207817466536476	0.0247969739143694	67.927137817836	12.2024165944686	0.0159078378454802	1	0	1	"up"	0.0304834200669758	TRUE
"283600"	"SLC25A47"	5	144	"default"	-2.36726558158015	0.333829974688101	-3.29412618077124	-1.44040498238907	-4.02414250752135	-0.710388655638962	0.00208821052265205	0.244682429236187	79.7745511209882	19.1735176276485	0.00072658523280612	0	1	1	"down"	0.0305563824122931	TRUE
"79080"	"CCDC86"	5	144	"default"	0.604123894517019	0.0852064698507459	0.367552808368732	0.840694980665306	0.143778458015129	1.06446933101891	0.00208944201523166	0.0202307919360899	63.0955361795364	10.058728237199	0.039449947346148	1	0	1	"up"	0.0305563824122931	TRUE
"55337"	"SHFL"	5	144	"default"	-0.843427298991881	0.119021916470217	-1.17388511638688	-0.512969481596886	-1.53141442959584	-0.15544016838792	0.00209364882830655	0.0472357733928353	71.3269271942113	11.360328495788	0.022799386012979	0	1	1	"down"	0.0305679559760907	TRUE
"929"	"CD14"	6	167	"default"	-1.15236810445799	0.19824572577184	-1.66197496611962	-0.64276124279636	-2.21045756359824	-0.0942786453177393	0.00212644705748291	0.130125353688938	72.7899417558871	14.3303377701437	0.0136417825374731	0	1	1	"down"	0.0307657778240864	TRUE
"26998"	"FETUB"	6	167	"default"	-0.882625793854712	0.152794497363021	-1.27539655336128	-0.489855034348149	-1.33902028059489	-0.426231307114536	0.00218640339011924	0.00817614246640431	11.5517533611059	10.8882233757602	0.0536417817490863	0.166666666666667	0.833333333333333	0.833333333333333	"down"	0.0311681642244962	TRUE
"23645"	"PPP1R15A"	6	167	"default"	-0.632323846607318	0.109653519825654	-0.914197192884729	-0.350450500329906	-1.19085793585653	-0.0737897573581031	0.00220326844218644	0.0351863773838139	61.4264775398427	12.5901833038186	0.0275373188419654	0	1	1	"down"	0.0313501630485988	TRUE
"5118"	"PCOLCE"	6	167	"default"	-0.972999630717017	0.16935158546617	-1.40833174015256	-0.53766752128147	-1.75103769195228	-0.194961569481749	0.00223942078417474	0.0629291828330639	54.6371747940859	11.536016868776	0.0417292774823824	0.166666666666667	0.833333333333333	0.833333333333333	"down"	0.031543962323982	TRUE
"8334"	"H2AC6"	5	144	"default"	0.787431335269511	0.114174648696318	0.47043169075894	1.10443097978008	0.242871927364643	1.33199074317438	0.00231757869784727	0.0254332781589989	44.8414925683676	7.45929183756352	0.113517805502734	1	0	1	"up"	0.0319850876572599	TRUE
"57510"	"XPO5"	5	144	"default"	0.661320435274325	0.0956727150064835	0.39569039399359	0.92695047655506	0.115132768130299	1.20750810241835	0.00229807974487673	0.0295462532446597	76.1035603337089	16.2303329057272	0.00272516368855242	1	0	1	"up"	0.0319850876572599	TRUE
"84988"	"PPP1R16A"	6	167	"default"	0.64241938081857	0.112580494339648	0.353022007022114	0.931816754615026	-0.0259595965785475	1.31079835821569	0.00230825872167944	0.0549312358376731	68.1344894265677	17.2992259414188	0.00396591430159697	1	0	1	"up"	0.0319850876572599	TRUE
"254295"	"PHYHD1"	5	144	"default"	-0.907631361380325	0.132323276099384	-1.2750196736102	-0.540243049150454	-1.67651718091397	-0.13874554184668	0.00236535094336274	0.0591817483057209	69.7907239204106	10.4580856156658	0.0333792733756553	0	1	1	"down"	0.0322829974321606	TRUE
"29097"	"CNIH4"	5	144	"default"	0.690686283735737	0.100860702832638	0.410652079049249	0.970720488422225	0.0543516573094378	1.32702091016204	0.00237993829601255	0.0423553683432709	81.4583196028433	22.4061932688129	0.000166351607467344	1	0	1	"up"	0.0324207728300036	TRUE
"2114"	"ETS2"	6	167	"default"	-0.728701388513261	0.128821397465923	-1.05984733288045	-0.397555444146074	-1.40749035042324	-0.0499124266032858	0.00239918103675712	0.0531329617478865	68.1964888000085	13.3561174564108	0.0202605787951176	0	1	1	"down"	0.032509720331531	TRUE
"255167"	"LINC01018"	5	144	"default"	-0.973290486246649	0.142475470730478	-1.36886580956703	-0.577715162926262	-1.36886580956703	-0.577715162926262	0.00240166927821157	0	0	10.4785987707452	0.0330930665847288	0	1	1	"down"	0.0325188200302475	TRUE
"51126"	"NAA20"	5	144	"default"	0.645394781643035	0.0946593588353451	0.382578268143479	0.90821129514259	0.0882137069724558	1.20257585631361	0.00241909435556818	0.0313126566806759	84.158645028548	15.7606447868459	0.0033577487934358	1	0	1	"up"	0.0326050821527862	TRUE
"8365"	"H4C8"	5	144	"default"	0.755961352822337	0.111114401612713	0.447458316347738	1.06446438929694	0.174859520193871	1.3370631854508	0.00243857294540834	0.0314588543344787	63.1719125102193	10.7408302307377	0.0296364433509861	1	0	1	"up"	0.032724962635739	TRUE
"4153"	"MBL2"	6	167	"default"	-1.50680659050837	0.268358584028949	-2.19664429205027	-0.81696888896647	-2.87833870594275	-0.135274475073985	0.00247899318958242	0.212658516127386	67.7654010020356	12.1703705219463	0.0325264324631855	0.166666666666667	0.833333333333333	0.833333333333333	"down"	0.03284577080165	TRUE
"10171"	"RCL1"	6	167	"default"	-1.12620823977202	0.200563458308765	-1.64177302259293	-0.610643456951104	-2.26445867509247	0.012042195548438	0.00247836709893872	0.155845036233229	83.0289872104415	22.174954741223	0.000484979350579647	0	1	1	"down"	0.03284577080165	TRUE
"8318"	"CDC45"	5	144	"default"	1.01356862122313	0.150093066538501	0.596843461308186	1.43029378113808	0.0471484834492695	1.979988758997	0.00250735299914739	0.0986305355724803	84.3044995483418	26.0902256939527	3.03462273859001e-05	1	0	1	"up"	0.03284577080165	TRUE
"86"	"ACTL6A"	6	167	"default"	0.649919234729524	0.115752958953295	0.352366781023028	0.947471688436019	-0.0251187389819493	1.324957208441	0.0024793640721548	0.0555606629568789	81.3240497826734	20.2655125566002	0.00111415467430158	1	0	1	"up"	0.03284577080165	TRUE
"445"	"ASS1"	5	144	"default"	-1.31712864693411	0.195385190994471	-1.85960490409885	-0.774652389769378	-2.46572186752761	-0.168535426340613	0.00252368487120166	0.132965725460103	85.238230664078	21.619051428137	0.000238624530282264	0	1	1	"down"	0.0328980491115953	TRUE
"161247"	"FITM1"	5	144	"default"	-0.76316598378069	0.113239178129134	-1.07756834561395	-0.448763621947433	-1.47911792881286	-0.047214038748524	0.00252616213119656	0.0536719763935161	80.6768245133286	18.5348359254006	0.000969778962756167	0	1	1	"down"	0.0328980491115953	TRUE
"10449"	"ACAA2"	6	167	"default"	-0.805660746209632	0.144256103868823	-1.17648286649449	-0.43483862592477	-1.50671292378943	-0.104608568629834	0.00253816111759434	0.0535670325381347	65.9958256597965	13.9522157871174	0.0159158137290877	0	1	1	"down"	0.0329225246412599	TRUE
"6913"	"TBX15"	5	144	"default"	-1.02648636651222	0.152645768409097	-1.45029896304082	-0.60267376998363	-1.85891987643622	-0.194052856588227	0.00254693552436422	0.0665912453060567	60.4517978999938	9.54035955258299	0.0489245218344717	0	1	1	"down"	0.0329584701409357	TRUE
"29968"	"PSAT1"	5	144	"default"	-0.692243644646195	0.10301693185601	-0.978264500850308	-0.406222788442082	-1.31064260969433	-0.0738446795980589	0.00255389848528028	0.0389963807300432	64.481739142509	11.5088877784709	0.0214025919097564	0	1	1	"down"	0.0329832488358709	TRUE
"11145"	"PLAAT3"	5	144	"default"	-0.907363746654007	0.135302021005654	-1.28302238059852	-0.531705112709489	-1.78012759283751	-0.0345999004705	0.00257311020566438	0.0805066424704531	83.3988449395271	25.7613148657859	3.5351804740202e-05	0	1	1	"down"	0.0331119142209867	TRUE
"6790"	"AURKA"	5	144	"default"	1.25889195207095	0.188686987561618	0.735012889040979	1.78277101510092	0.182075472848007	2.33570843129389	0.00262282039498072	0.114817089013393	82.920727834167	21.4301465517455	0.000260164366184402	1	0	1	"up"	0.0331473260826734	TRUE
"140828"	"LINC00261"	5	144	"default"	-0.881509426654241	0.131897763691018	-1.2477163270407	-0.515302526267779	-1.3900370549316	-0.37298179837688	0.0026061600661271	0.0161497663614226	33.1618145990477	8.68813096160219	0.0693854011617263	0	1	1	"down"	0.0331473260826734	TRUE
"221078"	"NSUN6"	5	144	"default"	-0.701021678045437	0.104816672656679	-0.992039415786193	-0.410003940304681	-1.30097836693768	-0.101064989153189	0.00259920475088922	0.0357075229663408	77.7176129887099	15.2975707064606	0.00412220747692189	0	1	1	"down"	0.0331473260826734	TRUE
"116842"	"LEAP2"	5	144	"default"	-0.745261173018316	0.112088826896891	-1.05646964780355	-0.434052698233079	-1.26129040925729	-0.229231936779342	0.00265677476069912	0.0219799205484196	42.3055099660864	6.77809651840181	0.148089885802869	0	1	1	"down"	0.03325613161994	TRUE
"6347"	"CCL2"	6	167	"default"	-1.13490660492001	0.206015059127394	-1.66448517378043	-0.605328036059594	-2.25176986576465	-0.0180433440753773	0.00269598318065203	0.146329606023501	64.4075976356847	12.8102872924013	0.0252229476783337	0	1	1	"down"	0.0335358574938648	TRUE
"55093"	"NTAQ1"	5	144	"default"	0.77601403897194	0.117418960430066	0.450006741028471	1.10202133691541	0.0474849394796766	1.5045431384642	0.00271696569396255	0.0550646393910104	81.8040810586581	19.8023208555749	0.000546327916429395	1	0	1	"up"	0.0336226816607828	TRUE
"57643"	"ZSWIM5"	6	167	"default"	0.61192020480788	0.111341836064543	0.325706903473971	0.89813350614179	-0.0701693356549108	1.29400974527067	0.00272405164921952	0.0580106555743385	78.5919332000106	20.2515099764185	0.00112092842133318	1	0	1	"up"	0.0336511556390817	TRUE
"7443"	"VRK1"	6	167	"default"	0.617139939681817	0.112367850575255	0.328289184083571	0.905990695280062	-0.0237656667373016	1.25804554610094	0.00273217842200638	0.0495355081723348	80.133945135947	15.2249848018434	0.00944305078703375	1	0	1	"up"	0.0336603279292309	TRUE
"115353"	"LRRC42"	5	144	"default"	0.637937177006998	0.0972826139089462	0.367837339798658	0.908037014215338	0.146856067962821	1.12901828605117	0.00279692507112729	0.0218205249751308	58.2444214655321	9.59592285938666	0.0478131271048589	1	0	1	"up"	0.0338071787206911	TRUE
"203427"	"SLC25A43"	5	144	"default"	0.649368960503364	0.0995333832965501	0.373019985645882	0.925717935360847	0.0531930809635253	1.2455448400432	0.00285052893465617	0.0362005042074577	80.6305019868237	16.5438950261808	0.00236978968597912	1	0	1	"up"	0.0341332626016155	TRUE
"7764"	"ZNF217"	6	167	"default"	0.603953013036935	0.111274655444696	0.317912404984111	0.889993621089759	0.0490112127105378	1.15889481336333	0.0028774363652039	0.0342228970172511	67.7413386729725	11.6242625993435	0.0403151922576726	1	0	1	"up"	0.0342233295263454	TRUE
"25854"	"FAM149A"	5	144	"default"	-0.930829287139302	0.143226017147046	-1.32848846138419	-0.533170112894411	-1.77157794202382	-0.0900806322547849	0.00289161828822382	0.0711831079795378	78.3090013239453	12.8926459431524	0.0118124334281745	0	1	1	"down"	0.0343633978980987	TRUE
"55656"	"INTS8"	5	144	"default"	0.721719036128967	0.111273109057225	0.412775357146896	1.03066271511104	0.0234265680119886	1.42001150424595	0.00291319368632984	0.0508735388672353	79.2103382837182	21.8263871244993	0.00021701435086783	1	0	1	"up"	0.0344372248974622	TRUE
"284013"	"VMO1"	5	144	"default"	-0.645958730229953	0.099606047775476	-0.922509454024271	-0.369408006435635	-1.27687419014817	-0.0150432703117348	0.00291465897875169	0.0417160102312539	86.2595730069223	31.8464164061944	2.05646461307083e-06	0	1	1	"down"	0.0344372248974622	TRUE
"81609"	"SNX27"	6	167	"default"	0.638703682656331	0.118368205975552	0.334428522458719	0.942978842853943	-0.0255550505161846	1.30296241582885	0.00295203370164418	0.0527636265292782	83.0875797171022	22.3504619982817	0.000449065016485468	1	0	1	"up"	0.0346319832157106	TRUE
"80765"	"STARD5"	5	144	"default"	-0.918527281342802	0.142497882591622	-1.31416482996536	-0.522889732720243	-1.77778575634393	-0.0592688063416698	0.00298098153384627	0.0754731699503406	85.3795397296744	16.9087303871835	0.00201348418236824	0	1	1	"down"	0.0348493189287085	TRUE
"22849"	"CPEB3"	6	167	"default"	-0.860842263401598	0.159937249147221	-1.27197405090108	-0.449710475902112	-1.64862676257969	-0.0730577642235035	0.00298458133618492	0.0683387592576569	81.1205763938445	16.3296921192841	0.00596319176064904	0.166666666666667	0.833333333333333	0.833333333333333	"down"	0.0348493189287085	TRUE
"6894"	"TARBP1"	6	167	"default"	0.724594009570682	0.134915449635215	0.377782805391692	1.07140521374967	-0.0602862723451338	1.5094742914865	0.00301293842162261	0.0750253064962909	82.9819301609937	19.0154437458113	0.00190944678229229	1	0	1	"up"	0.0349840707460782	TRUE
"10894"	"LYVE1"	5	144	"default"	-1.43954182815298	0.22446587353922	-2.06275900402489	-0.816324652281062	-2.80245629889172	-0.0766273574142309	0.00303770552775722	0.190582877356771	87.330853824199	24.8443408712955	5.40682951353488e-05	0	1	1	"down"	0.0351386340131252	TRUE
"113675"	"SDSL"	5	144	"default"	-0.628000474056185	0.0979670099225554	-0.900000499226528	-0.356000448885843	-1.00524646638701	-0.250754481725359	0.00304273087823151	0.00886413936126131	18.6621145756229	5.00371751773381	0.286916267293917	0	1	1	"down"	0.0351386340131252	TRUE
"10067"	"SCAMP3"	6	167	"default"	0.722794317452814	0.135156713323722	0.375362925218548	1.07022570968708	-0.0105502619059292	1.45613889681156	0.00306961933527331	0.06311933738387	82.3026486838981	17.4774753838562	0.00367786437740678	0.833333333333333	0.166666666666667	0.833333333333333	"up"	0.035357906114152	TRUE
"55166"	"CENPQ"	5	144	"default"	0.60438804915192	0.0950851864472148	0.34038924866373	0.868386849640109	0.017913676485416	1.19086242181842	0.00313958306592372	0.0355778138647727	80.500126653257	18.323305539296	0.00106686411565367	1	0	1	"up"	0.0357497053944241	TRUE
"3294"	"HSD17B2"	6	167	"default"	-1.08881372069727	0.204804875966799	-1.61528141470727	-0.562346026687272	-2.33573569482053	0.158108253425982	0.00314957280168433	0.193351582494282	73.7695474210261	18.3202337345588	0.00257071480178717	0	1	1	"down"	0.0358204382963748	TRUE
"79658"	"ARHGAP10"	5	144	"default"	-0.988179285806172	0.156058247243115	-1.42146644249007	-0.554892129122277	-2.00501891833428	0.0286603467219325	0.00318410621241727	0.109776077668074	86.3613223388932	31.0627268638894	2.97250941433713e-06	0	1	1	"down"	0.0359820083347659	TRUE
"142"	"PARP1"	6	167	"default"	0.606548317645185	0.114405661455461	0.31245920241382	0.900637432876549	-0.0277478168291373	1.24084445211951	0.00318751862945057	0.0477978798028635	80.0970956195768	17.6029879513509	0.00348742196143501	0.833333333333333	0.166666666666667	0.833333333333333	"up"	0.0359856582262706	TRUE
"2354"	"FOSB"	6	167	"default"	-2.13804846608782	0.403962918789815	-3.17646820739955	-1.09962872477609	-4.81637506521633	0.540278133040691	0.00321128288142152	0.922399875650098	91.215207154528	82.4825280269135	2.53633340135207e-16	0	1	1	"down"	0.0360323115721519	TRUE
"6491"	"STIL"	5	144	"default"	0.769678739400276	0.122023361161442	0.430887575583807	1.10846990321674	0.0635853777262679	1.47577210107428	0.0032300185659264	0.0497867345204911	82.8315485307023	17.9906130025005	0.00123932194396277	1	0	1	"up"	0.0361584317261305	TRUE
"5710"	"PSMD4"	6	167	"default"	0.762516971094027	0.144317667048197	0.391536597618522	1.13349734456953	-0.123675551082606	1.64870949327066	0.00323534936759436	0.0980207983811134	87.1379072433379	26.5867623944705	6.8644212130306e-05	1	0	1	"up"	0.0361588269628663	TRUE
"92912"	"UBE2Q2"	5	144	"default"	0.677866563077852	0.107571139276471	0.379201199973143	0.97653192618256	0.0492350306077571	1.30649809554795	0.003241524753594	0.0396926448623109	51.9103601848198	8.14199314445064	0.0865131190376618	1	0	1	"up"	0.0361588269628663	TRUE
"730"	"C7"	6	167	"default"	-2.18664894795179	0.415655177705151	-3.25512459764883	-1.11817329825474	-4.67771358430702	0.304415688403445	0.00329688835398938	0.766320574697093	87.9465470678932	26.8564506906041	6.08337249329322e-05	0	1	1	"down"	0.0363612455553973	TRUE
"283537"	"SLC46A3"	5	144	"default"	-1.37062712997461	0.218458952609799	-1.97716641963473	-0.764087840314501	-2.66495717313842	-0.0762970868108035	0.00329428590675687	0.169601783443074	73.517142022401	14.6752248595235	0.00542446753945434	0	1	1	"down"	0.0363612455553973	TRUE
"55638"	"SYBU"	5	144	"default"	-0.699552930707679	0.111496195022319	-1.00911599562558	-0.389989865789781	-1.26006364269344	-0.13904221872192	0.00329397633098549	0.028324419983365	41.0755201225037	6.18588613267424	0.185689606976018	0	1	1	"down"	0.0363612455553973	TRUE
"10189"	"ALYREF"	5	144	"default"	0.592347798152028	0.0943983367765191	0.330255998070048	0.854439598234007	0.0241913489107263	1.16050424739333	0.0032925235186232	0.0329642316255418	82.3230834345112	13.7142148021793	0.00826530308474269	1	0	1	"up"	0.0363612455553973	TRUE
"8685"	"MARCO"	6	167	"default"	-1.9149730548817	0.364960048146356	-2.85313272537968	-0.976813384383723	-3.94794411733154	0.117998007568134	0.00333427316977608	0.492264140911893	91.2072720155092	29.2961205329644	2.02831128289547e-05	0	1	1	"down"	0.0365036634489246	TRUE
"9787"	"DLGAP5"	5	144	"default"	1.26500438505643	0.202377744859707	0.703113685939733	1.82689508417313	-0.017404469685143	2.54741323979801	0.00333995168297592	0.172384497589397	88.2737740441367	28.746855577149	8.7997500722487e-06	1	0	1	"up"	0.0365211576818992	TRUE
"80303"	"EFHD1"	5	144	"default"	-0.761076781628179	0.121999587013565	-1.09980193782814	-0.422351625428214	-1.39846238019245	-0.123691183063907	0.00336441308993105	0.0378180053968693	41.3033263604236	6.37936532249158	0.172551822497449	0	1	1	"down"	0.0365893453404837	TRUE
"6387"	"CXCL12"	6	167	"default"	-1.68873938762702	0.322809914356568	-2.51854868983533	-0.85893008541871	-3.63493704063107	0.257458265377028	0.00337788524669959	0.469000145259682	88.663666409259	26.1374439977582	8.39221331175041e-05	0	1	1	"down"	0.036600572588331	TRUE
"6905"	"TBCE"	6	167	"default"	0.850644513700247	0.162743640637579	0.432298667211961	1.26899036018853	-0.109303696400124	1.81059272380062	0.00339043759443134	0.112969073153841	86.6437024441317	24.6813773770956	0.000160521030087492	1	0	1	"up"	0.0366921601815725	TRUE
"3397"	"ID1"	6	167	"default"	-1.23628067825098	0.236994043072449	-1.84549326052703	-0.627068095974932	-2.7202824654071	0.247721108905143	0.00341979984552487	0.277111311485951	86.3532299112178	27.3343793823705	4.90953110532918e-05	0	1	1	"down"	0.036851858112021	TRUE
"252995"	"FNDC5"	5	144	"default"	-0.877335213949898	0.141543964668328	-1.27032426182357	-0.484346166076229	-1.64114642783964	-0.113524000060159	0.00344520941774333	0.0556475287066547	50.1567078338452	6.7625201003814	0.148982908974765	0	1	1	"down"	0.0370088281983207	TRUE
"6309"	"SC5D"	5	144	"default"	-0.703332375281895	0.11361386490703	-1.01877503438562	-0.387889716178167	-1.33981575384124	-0.0668489967225474	0.00346117177664953	0.0396447007189224	63.1306491148401	11.4159466715827	0.0222663999198985	0	1	1	"down"	0.0371188005555073	TRUE
"154661"	"RUNDC3B"	5	144	"default"	-0.952996989696355	0.154705472626997	-1.38252824191889	-0.523465737473819	-1.77262126436418	-0.133372715028527	0.00352464777542367	0.0632130162792296	60.2761719823799	8.9303684831331	0.0628636987981537	0	1	1	"down"	0.037290842144754	TRUE
"3020"	"H3-3A"	5	144	"default"	0.632215894089263	0.102655917670238	0.347197373954142	0.917234414224384	0.095094971328833	1.16933681684969	0.00352776874370609	0.0268871200738448	70.694601208546	13.9993649681036	0.00729708275972705	1	0	1	"up"	0.037290842144754	TRUE
"284018"	"C17orf58"	5	144	"default"	0.585575810999466	0.0950934192670944	0.32155415253882	0.849597469460112	0.0800747801277567	1.09107684187118	0.00352922671603325	0.0241058963912994	72.5141723023829	10.1523661819045	0.0379378352535684	1	0	1	"up"	0.037290842144754	TRUE
"9928"	"KIF14"	5	144	"default"	0.839800020287221	0.136671020686159	0.460340433880749	1.21925960669369	-0.0356954612060807	1.71529550178052	0.00355724507789707	0.0807538244139376	88.1452509770575	26.5644810215354	2.43440359736224e-05	1	0	1	"up"	0.0374556981731515	TRUE
"201895"	"SMIM14"	5	144	"default"	-0.696498990351458	0.113567044543022	-1.01181165528471	-0.381186325418205	-1.32021598675692	-0.0727819939459936	0.00358238182657169	0.0375683046684169	68.5361570809724	10.3894442650382	0.0343544241651205	0	1	1	"down"	0.0375669709214474	TRUE
"994"	"CDC25B"	6	167	"default"	0.605471944570272	0.117322590972927	0.303884623305477	0.907059265835067	-0.0401979708483532	1.2511418599889	0.00358250387502295	0.0493250764315126	69.1030020384912	14.9430768484667	0.0106083509458817	1	0	1	"up"	0.0375669709214474	TRUE
"7538"	"ZFP36"	6	167	"default"	-0.926962470197331	0.180017657507496	-1.3897125906799	-0.464212349714764	-2.00144163542008	0.147516695025414	0.00361705028556573	0.142309824153184	78.9195087099128	18.3633654577872	0.00252384608119755	0	1	1	"down"	0.037725974171769	TRUE
"1373"	"CPS1"	6	167	"default"	-1.07617466464764	0.209271904240934	-1.6141252203984	-0.538224108896868	-1.95750463396793	-0.194844695327345	0.00363778354908362	0.0737529896193808	34.9806058996058	8.60787589766792	0.125764498506977	0	1	1	"down"	0.0378143586112641	TRUE
"26256"	"CABYR"	5	144	"default"	0.610066445255803	0.100032872829503	0.332330665129457	0.887802225382149	0.136693367542804	1.0834395229688	0.00365695686896116	0.0190623463616128	48.2562707865529	7.66047959806683	0.104837506489784	1	0	1	"up"	0.0379695637786571	TRUE
"64838"	"FNDC4"	6	167	"default"	-0.730863721103537	0.142562727863239	-1.09733287978754	-0.364394562419532	-1.59588573578944	0.134158293582366	0.00368656891831109	0.0929136760984728	79.3153634537031	20.9776195927886	0.000817984230207241	0	1	1	"down"	0.0381222320264405	TRUE
"3043"	"HBB"	6	167	"default"	-1.2078660556363	0.235785861406966	-1.81397290806891	-0.601759203203687	-2.45637631016789	0.0406441988952961	0.00369864171206781	0.180301452285774	77.4725673558342	16.4678224399946	0.00562791377747189	0.166666666666667	0.833333333333333	0.833333333333333	"down"	0.0381589527724517	TRUE
"57149"	"LYRM1"	5	144	"default"	-0.699371459872506	0.114997854269092	-1.01865668946618	-0.380086230278836	-1.26151576044574	-0.137227159299268	0.0036947784225511	0.0277692239775372	63.059492726938	11.8613411045304	0.0184127120071202	0.2	0.8	0.8	"down"	0.0381589527724517	TRUE
"10584"	"COLEC10"	6	167	"default"	-1.12091144735805	0.219512470994367	-1.68518621799181	-0.556636676724283	-2.5102184167712	0.268395522055113	0.00374995654365852	0.24391562223111	91.8434002639606	43.9819318606029	2.33586802961106e-08	0	1	1	"down"	0.0384589652605361	TRUE
"128346"	"C1orf162"	5	144	"default"	-1.0024802936337	0.16555948785571	-1.46214712330974	-0.542813463957662	-1.95002821920836	-0.0549323680590381	0.00375449863605224	0.0890627680001682	73.5038209061485	16.5624077867267	0.00235029923452682	0	1	1	"down"	0.038466853844165	TRUE
"201799"	"TMEM154"	5	144	"default"	-0.741373414196669	0.122493014186017	-1.08146854385436	-0.401278284538979	-1.42870601165396	-0.0540408167393761	0.0037607259344854	0.0462806745167967	66.4191534341522	11.3574789649276	0.0228270232873933	0	1	1	"down"	0.038466853844165	TRUE
"389432"	"SAMD5"	5	144	"default"	-0.839367663536335	0.139070388714897	-1.22548896356177	-0.453246363510905	-1.56479573459288	-0.11393959247979	0.00379931227319213	0.0489263819303061	65.0899240287752	12.357712009757	0.0148803167132706	0	1	1	"down"	0.0385018662795669	TRUE
"10963"	"STIP1"	6	167	"default"	0.639640413373651	0.125632014286215	0.316693039475105	0.962587787272196	-0.10173631368023	1.38101714042753	0.00379770699101397	0.0673958524560169	85.2915393741508	25.6989902685884	0.000102065711118572	1	0	1	"up"	0.0385018662795669	TRUE
"132158"	"GLYCTK"	5	144	"default"	-0.637961728728784	0.105567102083795	-0.931062992579252	-0.344860464878316	-1.06955098691374	-0.206372470543828	0.00378174825666364	0.0130192667290988	34.5197895161296	7.67550470384021	0.104214695373258	0	1	1	"down"	0.0385018662795669	TRUE
"79573"	"TTC13"	6	167	"default"	0.595579429496864	0.116844337776672	0.295221497211198	0.89593736178253	-0.0792377417378067	1.27039660073153	0.00377906950454389	0.0552617058240577	86.8276078555937	24.6552963003433	0.000162390270637729	1	0	1	"up"	0.0385018662795669	TRUE
"143941"	"TTC36"	5	144	"default"	-2.32571088864602	0.385441309757465	-3.39586752646316	-1.25555425082887	-4.86759284695577	0.216171069663742	0.00380316869725365	0.689605889254101	95.7028090640233	107.151901181033	2.94619579075519e-22	0	1	1	"down"	0.0385049319461766	TRUE
"57600"	"FNIP2"	5	144	"default"	-0.69264250154225	0.114836244521446	-1.01147903054312	-0.373805972541384	-1.20450003484071	-0.180784968243786	0.00380854744299089	0.0208001992292171	59.3593814602423	10.0030250447859	0.0403767563333913	0	1	1	"down"	0.0385143951760701	TRUE
"6716"	"SRD5A2"	6	167	"default"	-1.66295981527771	0.327373288801436	-2.5044996449432	-0.821419985612216	-3.39338644357672	0.0674668130212968	0.00383539875572011	0.345978321995763	86.4107713724809	17.5571291284026	0.00355585839066072	0.166666666666667	0.833333333333333	0.833333333333333	"down"	0.0386345738477152	TRUE
"5342"	"PLGLB2"	4	139	"default"	-0.854252149275789	0.104578530595349	-1.18706770758096	-0.521436590970621	-1.49640140022967	-0.212102898321911	0.00383787900095968	0.0297778951601896	68.6398026560432	9.76022288660104	0.0207182457802543	0	1	1	"down"	0.0386378144641048	TRUE
"714"	"C1QC"	5	144	"default"	-0.702156886487835	0.11670108143002	-1.0261710327955	-0.378142740180168	-1.2555499952716	-0.148763777704069	0.00384314644537307	0.0261081814771914	36.4953744812023	6.10756654396882	0.1912578644768	0	1	1	"down"	0.0386690957685092	TRUE
"8547"	"FCN3"	6	167	"default"	-2.82957207949223	0.558094218821973	-4.26419894096963	-1.39494521801483	-6.40166854835727	0.742524389372813	0.00386686123191512	1.61953624746443	93.8030108275695	39.6319064582475	1.77161453090149e-07	0	1	1	"down"	0.0387552161541325	TRUE
"57406"	"ABHD6"	5	144	"default"	-0.744159262239815	0.123885384222226	-1.08812023086916	-0.400198293610468	-1.41184656521173	-0.0764719592678977	0.00386636407237042	0.0424843904090498	69.6892787798394	14.079488707283	0.00704563454259094	0	1	1	"down"	0.0387552161541325	TRUE
"10653"	"SPINT2"	6	167	"default"	-0.590344777288256	0.117132854047463	-0.891444364258904	-0.289245190317607	-0.891444364258904	-0.289245190317607	0.0039670294590254	0	0	4.30916474188621	0.505814924437018	0.166666666666667	0.833333333333333	0.833333333333333	"down"	0.0394061194875442	TRUE
"54855"	"TENT5C"	5	144	"default"	-0.725037938634136	0.122113991344709	-1.06408073217932	-0.385995145088952	-1.24170058052377	-0.2083752967445	0.00403459063743056	0.019716853209838	36.798536804795	7.50673637403566	0.111412613782394	0	1	1	"down"	0.0396847148496947	TRUE
"10841"	"FTCD"	6	167	"default"	-1.34604611962437	0.26874423672901	-2.03687517299191	-0.655217066256831	-2.70646295650141	0.0143707172526715	0.00407443949523833	0.207855909631039	81.9964533593073	17.2500131853435	0.00404925373062328	0.166666666666667	0.833333333333333	0.833333333333333	"down"	0.0398601464367114	TRUE
"4060"	"LUM"	6	167	"default"	-0.72401345968857	0.144520970405858	-1.0955164410824	-0.352510478294738	-1.46544805879637	0.0174211394192336	0.00407062374806733	0.0623059310766597	53.7062090744084	10.3397280817048	0.0661619678886307	0	1	1	"down"	0.0398601464367114	TRUE
"2646"	"GCKR"	6	167	"default"	-1.11481309899654	0.223505388093354	-1.68935198979616	-0.540274208196915	-2.35670140405335	0.12707520606028	0.00414765452414928	0.183446069255629	85.1920831374526	18.3382743323351	0.00255100823443792	0.166666666666667	0.833333333333333	0.833333333333333	"down"	0.0403714061893813	TRUE
"27289"	"RND1"	6	167	"default"	-0.638003132842401	0.127902925099853	-0.966788068828835	-0.309218196855967	-1.36732187171378	0.0913156060289789	0.00414649956353295	0.0641363924471375	64.31862884743	14.5531362691985	0.0124525100949142	0	1	1	"down"	0.0403714061893813	TRUE
"3697"	"ITIH1"	6	167	"default"	-0.837234776025658	0.167995995398057	-1.26908223025555	-0.40538732179577	-1.53243278610907	-0.142036765942247	0.00416262431954734	0.0449172134770792	50.9450925116541	11.7607367813335	0.0382174642209483	0.166666666666667	0.833333333333333	0.833333333333333	"down"	0.0403853524769091	TRUE
"10473"	"HMGN4"	6	167	"default"	0.728546551242466	0.146337184148661	0.35237484379175	1.10471825869318	-0.132035210953438	1.58912831343837	0.00418093600682339	0.0906636956211854	85.4977113815919	19.1147968753823	0.00182975337703991	0.833333333333333	0.166666666666667	0.833333333333333	"up"	0.0404752593413406	TRUE
"59349"	"KLHL12"	5	144	"default"	0.621507465947563	0.10580004750728	0.327759441916281	0.915255489978846	-0.0175336673019735	1.2605485991971	0.00419509669546133	0.0417823842138596	81.4683512821289	21.3289465759986	0.000272485396332145	1	0	1	"up"	0.040507193582482	TRUE
"25903"	"OLFML2B"	5	144	"default"	0.629426057186168	0.107360514953179	0.3313454809529	0.927506633419436	0.0504147803712391	1.2084373340011	0.00422555340906529	0.0319643661535784	61.7015453444353	10.3170830589119	0.0354121058321392	1	0	1	"up"	0.0407090452218885	TRUE
"7057"	"THBS1"	6	167	"default"	-0.791375180107484	0.159411893711151	-1.20115649846576	-0.381593861749213	-1.69932944096602	0.116579080751046	0.00423231399087589	0.0993448913652107	67.2145251892011	14.703052737197	0.0117094382247241	0	1	1	"down"	0.0407522433763736	TRUE
"3315"	"HSPB1"	6	167	"default"	0.875620019535034	0.176483194874921	0.421955524494498	1.32928451457557	-0.269634265879481	2.02087430494955	0.00424271003158411	0.167344756231683	92.2485250764454	77.1407703208304	3.32366262400863e-15	1	0	1	"up"	0.0408084414644576	TRUE
"79696"	"ZC2HC1C"	5	144	"default"	-0.616737899258808	0.105466492598756	-0.909559826397003	-0.323915972120614	-1.26301492178339	0.0295391232657689	0.00426530223711977	0.0430593449994079	82.9735150481367	24.6419918893011	5.93739778025887e-05	0	1	1	"down"	0.0409158146004522	TRUE
"55214"	"P3H2"	5	144	"default"	-0.800037393037997	0.137423337786274	-1.18158574657464	-0.418489039501353	-1.70226888770764	0.102194101631642	0.00433524223193397	0.0867133346849233	91.072879987693	38.0733506675777	1.08218774078761e-07	0	1	1	"down"	0.041123919423221	TRUE
"6898"	"TAT"	6	167	"default"	-1.66731446442575	0.338925529458883	-2.53855027408618	-0.796078654765323	-3.47805999906974	0.143431070218244	0.00439974122038138	0.381324020814817	76.32147090231	16.6274971326194	0.00526322206982322	0.166666666666667	0.833333333333333	0.833333333333333	"down"	0.0415815036139529	TRUE
"1893"	"ECM1"	6	167	"default"	-1.48616825369422	0.302609999174379	-2.2640520208538	-0.708284486534646	-3.4103198341626	0.43798332677415	0.00443130005862223	0.468720831159948	95.8287555189496	53.7541837197095	2.35434154154034e-10	0	1	1	"down"	0.0416629427462599	TRUE
"285016"	"ALKAL2"	5	144	"default"	-0.880497748951084	0.152355795469098	-1.30350525152978	-0.45749024637239	-1.79228992820745	0.0312944303052801	0.00445249705148889	0.0846360710490208	76.0977960589669	13.846723875913	0.007800664667901	0	1	1	"down"	0.0416629427462599	TRUE
"5050"	"PAFAH1B3"	6	167	"default"	0.816991557246348	0.16651909241036	0.388940603009632	1.24504251148306	0.0827451856462433	1.55123792884645	0.00445007707316441	0.0538583515075005	59.3907341665831	12.635132458248	0.0270487549514185	0.833333333333333	0.166666666666667	0.833333333333333	"up"	0.0416629427462599	TRUE
"51175"	"TUBE1"	6	167	"default"	-0.679201927597444	0.138451353495063	-1.03510246201112	-0.323301393183772	-1.39535430479693	0.0369504496020395	0.00445233916352377	0.058446641827095	82.7500237898568	25.248175551007	0.000124770138641974	0.166666666666667	0.833333333333333	0.833333333333333	"down"	0.0416629427462599	TRUE
"79023"	"NUP37"	6	167	"default"	0.646616037452751	0.131711705272467	0.308040320338663	0.98519175456684	-0.0927398423247961	1.3859719172303	0.00443837267746527	0.0653784395749786	86.2199205091413	27.3825976737786	4.80437687914155e-05	0.833333333333333	0.166666666666667	0.833333333333333	"up"	0.0416629427462599	TRUE
"8809"	"IL18R1"	6	167	"default"	-0.613150884253098	0.125087596459251	-0.934698787574653	-0.291602980931542	-1.30969587564351	0.0833941071373173	0.00446758133401447	0.0577766601204403	82.1524437586019	20.5624190273746	0.000979646830305921	0	1	1	"down"	0.0417160698376938	TRUE
"9055"	"PRC1"	6	167	"default"	1.71855036072393	0.350684258678055	0.817087775322537	2.62001294612533	-0.501507517078677	3.93860823852654	0.00447227489104418	0.622894990897231	92.3369619385968	34.6402819173575	1.77497501716677e-06	0.833333333333333	0.166666666666667	0.833333333333333	"up"	0.0417163733974418	TRUE
"8682"	"PEA15"	6	167	"default"	0.848203964055517	0.173078426595145	0.403291704509524	1.29311622360151	-0.129714765677685	1.82612269378872	0.0044717765767881	0.114768558725727	83.7846061410276	18.6246787862807	0.00225729347592021	0.833333333333333	0.166666666666667	0.833333333333333	"up"	0.0417163733974418	TRUE
"10351"	"ABCA8"	6	167	"default"	-1.07464041014092	0.219447267493013	-1.63874756983848	-0.510533250443353	-2.32769479036733	0.178413970085503	0.004486015674151	0.189459601734458	89.2521313168986	36.6416225827303	7.06648949460517e-07	0.166666666666667	0.833333333333333	0.833333333333333	"down"	0.0417358007106564	TRUE
"1776"	"DNASE1L3"	6	167	"default"	-1.76942530814855	0.362180301048754	-2.70043941124976	-0.838411205047328	-4.1915775308113	0.652726914514208	0.00453131477185802	0.756676245034126	95.2982849539781	154.625304960452	1.38254664153337e-31	0	1	1	"down"	0.0418973475000115	TRUE
"22822"	"PHLDA1"	6	167	"default"	-0.749756055180773	0.153573407651473	-1.14452906732642	-0.354983043035125	-1.67141577265296	0.171903662291414	0.00454479929978142	0.104967062327851	74.7785450080505	19.1204639403099	0.00182530749950262	0	1	1	"down"	0.0418973475000115	TRUE
"23130"	"ATG2A"	5	144	"default"	-0.600384825996351	0.104431834450918	-0.890334081584429	-0.310435570408273	-1.20841045862728	0.00764080663457656	0.00453811690754701	0.0370524922826868	81.5826920507321	19.9754826416815	0.000504995472106841	0	1	1	"down"	0.0418973475000115	TRUE
"4061"	"LY6E"	6	167	"default"	-1.48197052487203	0.304178523805019	-2.26388631295588	-0.700054736788177	-3.45497785821209	0.491036808468033	0.00458469662362991	0.496582896239863	89.3640977111718	42.8582028141644	3.94784646755809e-08	0	1	1	"down"	0.041934629311689	TRUE
"24137"	"KIF4A"	6	167	"default"	1.12941544547845	0.232478999126281	0.531809153157522	1.72702173779938	-0.353270124047672	2.61210101500457	0.00464068803812084	0.278640072117826	91.285032455767	37.1228695586056	5.65919781948184e-07	1	0	1	"up"	0.0421600846176225	TRUE
"203068"	"TUBB"	6	167	"default"	0.603657663508493	0.124296935683446	0.284142218415371	0.923173108601616	-0.116733891859154	1.32404921887614	0.00464703055589772	0.0630872808057737	78.9848174612648	18.1594628353016	0.00275305182955136	1	0	1	"up"	0.0421600846176225	TRUE
"6132"	"RPL8"	6	167	"default"	0.652959788951495	0.135288286453614	0.305190177219471	1.00072940068352	-0.156910710717621	1.46283028862061	0.00477139807795635	0.0809557127257279	86.2993768009087	23.7337896354261	0.000244234771102215	1	0	1	"up"	0.0426826714619783	TRUE
"284904"	"SEC14L4"	5	144	"default"	-0.654835702087777	0.11562020164597	-0.975848845009712	-0.333822559165841	-1.12937742778124	-0.18029397639431	0.0047916707978943	0.0158445969579737	32.4809637048337	7.17483403850941	0.126932491799803	0	1	1	"down"	0.0427145952601135	TRUE
"79974"	"CPED1"	5	144	"default"	-1.16858537980743	0.206749443553396	-1.74261386036363	-0.594556899251238	-2.53072191290951	0.193551153294641	0.00482712691076314	0.197947467921784	92.354833948573	56.4112080680583	1.6440991396499e-11	0	1	1	"down"	0.0427180675803318	TRUE
"29958"	"DMGDH"	6	167	"default"	-0.894292651948564	0.185698156538547	-1.3716449600577	-0.416940343839427	-1.67995570349666	-0.10862960040047	0.00481601694566893	0.0589297259988696	62.1341339060055	14.4534767222458	0.0129715278926579	0.166666666666667	0.833333333333333	0.833333333333333	"down"	0.0427180675803318	TRUE
"55526"	"DHTKD1"	5	144	"default"	-0.683853366313665	0.120943271788468	-1.01964572127736	-0.348061011349967	-1.25671614625993	-0.110990586367402	0.00482047193463361	0.027944624679029	54.0440302827856	8.93025871414345	0.062866517787449	0	1	1	"down"	0.0427180675803318	TRUE
"55256"	"ADI1"	5	144	"default"	-0.597318446868208	0.105724965999581	-0.890858011214948	-0.303778882521469	-1.17522912984388	-0.0194077638925377	0.00483470098780872	0.0321476996013074	59.7496135766782	9.3509093660775	0.0529025359596324	0	1	1	"down"	0.0427424242886628	TRUE
"4171"	"MCM2"	6	167	"default"	1.16819353142687	0.242959149960873	0.543647153735813	1.79273990911793	-0.204421709797548	2.54080877265129	0.00484854908203482	0.226095501348327	84.0415005981113	18.9008714837515	0.0020055840905911	0.833333333333333	0.166666666666667	0.833333333333333	"up"	0.0427623746011218	TRUE
"219"	"ALDH1B1"	6	167	"default"	-0.853027291860324	0.177516415148394	-1.30934776416806	-0.396706819552588	-1.83340989130622	0.127355307585568	0.00486071501114764	0.113942810322604	82.2611615759758	23.2301360666098	0.000305025743021544	0.166666666666667	0.833333333333333	0.833333333333333	"down"	0.0427890648715499	TRUE
"401546"	"C9orf152"	5	144	"default"	0.622433749392112	0.110432905250592	0.315822850156333	0.929044648627891	0.0492999268619388	1.19556757192229	0.00487661112193659	0.0304167673207272	45.1532751273974	6.62973905713182	0.156797135268393	1	0	1	"up"	0.0428123433710504	TRUE
"6781"	"STC1"	6	167	"default"	0.590796914280522	0.123235081474877	0.274011052328042	0.907582776233002	-0.13023364894795	1.31182747750899	0.00490928153547802	0.0634895146494021	72.8869671053078	15.9024471411635	0.00712818161470341	1	0	1	"up"	0.0428873301537611	TRUE
"3486"	"IGFBP3"	6	167	"default"	-1.48298412936002	0.309479786507269	-2.27852724705221	-0.687441011667829	-3.37973256552895	0.413764306808908	0.00491883505048041	0.44867050467394	88.3085757802886	25.2240671356244	0.000126116120734144	0.166666666666667	0.833333333333333	0.833333333333333	"down"	0.0428923787597669	TRUE
"55872"	"PBK"	5	144	"default"	1.59494432765231	0.284327411211349	0.805524878520997	2.38436377678362	-0.20046700203943	3.39035565734404	0.00496148292942404	0.337324907173453	89.6375930923852	32.3295823343481	1.63816981370135e-06	1	0	1	"up"	0.0430029439408911	TRUE
"50808"	"AK3"	6	167	"default"	-0.592692876044834	0.124160085801097	-0.91185653731618	-0.273529214773488	-1.27077327574947	0.0853875236598003	0.00499877089229441	0.0541666905843132	72.3838581161284	16.1217582968138	0.00650491086329868	0.166666666666667	0.833333333333333	0.833333333333333	"down"	0.043171032547501	TRUE
"3725"	"JUN"	6	167	"default"	-0.727570860525899	0.152871192539941	-1.12053877126113	-0.334602949790666	-1.69557878778863	0.240437066736834	0.00506225022763633	0.118436513479166	83.2276872483288	32.2122007501433	5.39319497855119e-06	0	1	1	"down"	0.0435614504396545	TRUE
"1958"	"EGR1"	6	167	"default"	-1.60669261813708	0.337701937538047	-2.47478308463157	-0.738602151642587	-3.78432515749248	0.570939921218319	0.00506965331361659	0.603596886557811	90.7166037543061	41.9190508911569	6.11680750732831e-08	0	1	1	"down"	0.0435654317396721	TRUE
"144193"	"AMDHD1"	5	144	"default"	-1.23683820694359	0.222625550028667	-1.85494582561265	-0.618730588274535	-2.41660566100411	-0.0570707528830807	0.00513772409089794	0.13099499329787	76.4980644079292	12.1074742497231	0.0165696998817709	0	1	1	"down"	0.0438556324401874	TRUE
"9833"	"MELK"	6	167	"default"	1.11319743215957	0.234832304093063	0.509541776837314	1.71685308748182	-0.445889574984976	2.67228443930411	0.00514827984144578	0.31270978196638	94.177244209384	91.2202372999322	3.72336579470894e-18	1	0	1	"up"	0.0438971099026453	TRUE
"84134"	"TOMM40L"	5	144	"default"	0.796195470895499	0.143405926412593	0.3980367884509	1.1943541533401	-0.0811250206725372	1.67351596246354	0.00514994026790811	0.0792825089860681	90.3594824070023	21.1145921216965	0.000300525145165341	1	0	1	"up"	0.0438971099026453	TRUE
"646962"	"HRCT1"	5	144	"default"	0.762991524599011	0.137986104548871	0.379880680038986	1.14610236915904	-0.0267995202327507	1.55278256943077	0.00522627465847966	0.061878037631439	66.2656778852887	10.0038552279991	0.0403627912378948	1	0	1	"up"	0.0440444050785244	TRUE
"10404"	"CPQ"	5	144	"default"	0.587313486987667	0.106488912280628	0.29165286772828	0.882974106247055	-0.0425322063824204	1.21715918035775	0.00527512403422863	0.0401225245801505	70.8960992810197	13.7231032171147	0.008233306229961	1	0	1	"up"	0.044161421281225	TRUE
"55576"	"STAB2"	6	167	"default"	-1.3895747478662	0.295112906536522	-2.14818662487082	-0.630962870861584	-3.07285674375044	0.293707248018035	0.00529614216321413	0.341704532765633	94.9968888574502	47.5772179557391	4.33253463244824e-09	0	1	1	"down"	0.0441632097174627	TRUE
"25987"	"TSKU"	5	144	"default"	-0.761525907555659	0.138433850909625	-1.14587989530737	-0.377171919803949	-1.56290143853767	0.0398496234263529	0.00532460127737439	0.0641454624495498	58.7471738270105	9.50087109102447	0.0497293515115742	0	1	1	"down"	0.0442480793245133	TRUE
"5931"	"RBBP7"	6	167	"default"	0.586457946810898	0.124809639550567	0.265624554469894	0.907291339151903	-0.13518358705415	1.30809948067595	0.00534274963231687	0.063232344392615	81.5824657806159	19.1984556926998	0.00176518906432626	0.833333333333333	0.166666666666667	0.833333333333333	"up"	0.0443577079863043	TRUE
"124"	"ADH1A"	5	144	"default"	-1.16139295462948	0.21142275119638	-1.74839661731612	-0.574389291942837	-2.32880920139422	0.00602329213526653	0.00535187422041425	0.132096765805278	71.6126079176	14.3552158550634	0.00624353813122579	0	1	1	"down"	0.0443988379115687	TRUE
"1969"	"EPHA2"	6	167	"default"	-0.758404783501373	0.161563921179864	-1.17371806458051	-0.343091502422239	-1.74648054016593	0.229670973163183	0.00536513572217544	0.121643741197659	88.3423071259053	27.291173565541	5.00569064522265e-05	0	1	1	"down"	0.0443988379115687	TRUE
"93594"	"TBC1D31"	5	144	"default"	0.643666831251403	0.117252031615066	0.318123001999256	0.969210660503551	-0.034982641069879	1.32231630357269	0.00536463578777493	0.0459985133705434	82.4087958659888	17.9201567592372	0.00127923448492233	1	0	1	"up"	0.0443988379115687	TRUE
"29085"	"PHPT1"	5	144	"default"	0.651247983212087	0.118667551793293	0.321774039889792	0.980721926534382	-0.0832336049744644	1.38572957139864	0.00537026851320876	0.0558995762106103	79.6874192107953	23.3584705503721	0.000107365716773454	1	0	1	"up"	0.0444008343586313	TRUE
"150468"	"CKAP2L"	5	144	"default"	0.91023848573921	0.165999313341314	0.449350504746524	1.3711264667319	-0.132884797897214	1.95336176937563	0.00538659510263611	0.113598197697002	84.1623480501083	26.8967760775538	2.08573284961398e-05	1	0	1	"up"	0.0444167791768675	TRUE
"3394"	"IRF8"	6	167	"default"	-0.766679693039561	0.163485525673851	-1.18693261572622	-0.346426770352905	-1.84129744688796	0.307938060808836	0.00538708534038991	0.148033737504491	86.5573760043437	49.7226662547276	1.57921355816702e-09	0	1	1	"down"	0.0444167791768675	TRUE
"875"	"CBS"	6	167	"default"	-0.845553526480472	0.180660209659809	-1.30995537985423	-0.381151673106719	-1.65920210784875	-0.0319049451121969	0.00543186445069172	0.0675487737800056	56.6225997754312	12.4067463949668	0.0296200607336353	0	1	1	"down"	0.0447030833663977	TRUE
"55204"	"GOLPH3L"	6	167	"default"	0.696178197940218	0.148951992228876	0.313284912334828	1.07907148354561	-0.217693283139529	1.61004967901996	0.00546369183519528	0.104201751891693	89.6704543550491	38.3837753649617	3.15930413729544e-07	1	0	1	"up"	0.0447931034539627	TRUE
"7010"	"TEK"	6	167	"default"	-0.587537377739463	0.125869564563018	-0.911095394064609	-0.263979361414317	-1.36686855321464	0.191793797735709	0.0054932949915011	0.0760707604195733	84.5319454066991	26.1368080020434	8.39459851258091e-05	0	1	1	"down"	0.044910438205593	TRUE
"983"	"CDK1"	5	144	"default"	1.13088897007916	0.207623374136466	0.554434069233317	1.707343870925	-0.202487903484205	2.46426584364252	0.0055180451001299	0.187528830295913	91.6678589705553	49.7106084202345	4.14980975743291e-10	1	0	1	"up"	0.0450812447705729	TRUE
"26007"	"TKFC"	5	144	"default"	-1.39294328152507	0.25584492951892	-2.10328268377755	-0.682603879272595	-2.98465778096486	0.198771217914707	0.00552661416083219	0.263207391675137	86.8790544605163	23.460793014135	0.000102422520013536	0	1	1	"down"	0.0450895138919308	TRUE
"3155"	"HMGCL"	6	167	"default"	-0.865030891195144	0.185612046350502	-1.34216184601903	-0.387899936371257	-1.91909335121871	0.189031568828419	0.00552998161382393	0.133687696285442	84.6946169344057	18.7713930065677	0.00211995410248751	0.166666666666667	0.833333333333333	0.833333333333333	"down"	0.0450964332061268	TRUE
"51302"	"CYP39A1"	6	167	"default"	-1.46231464165522	0.314434665180933	-2.27059468046371	-0.654034602846726	-3.36075084467684	0.436121561366402	0.00557903242538863	0.446548438457839	91.0677347759437	26.961301182896	5.80408383303871e-05	0.166666666666667	0.833333333333333	0.833333333333333	"down"	0.0453390502007312	TRUE
"339324"	"ZNF260"	5	144	"default"	0.594755296425619	0.109675332220812	0.290247757120204	0.899262835731034	0.0214229558070647	1.16808763704417	0.00560631577261875	0.0306130399253197	71.8080406738119	12.4677205385652	0.014191849588946	1	0	1	"up"	0.0454102396850823	TRUE
"319"	"APOF"	6	167	"default"	-2.61108830659584	0.563003439511243	-4.05833472160421	-1.16384189158747	-6.10279137689817	0.880614763706494	0.00564396198540851	1.52809242549368	92.3408854769464	31.6409660960419	6.99741870643362e-06	0.166666666666667	0.833333333333333	0.833333333333333	"down"	0.0455525593600339	TRUE
"10365"	"KLF2"	6	167	"default"	-0.689139363311842	0.148635140650794	-1.07121815600602	-0.307060570617661	-1.55029197853845	0.172013251914769	0.00565076350725182	0.0901346019865077	77.7519117382391	20.7219846852231	0.000914100618053927	0	1	1	"down"	0.0455525593600339	TRUE
"286499"	"FAM133A"	5	144	"default"	0.658836124287996	0.12182173750521	0.320604757484966	0.997067491091027	0.140126214943154	1.17754603363284	0.0056612356672488	0.0200631192598267	32.4954934654266	6.18293794442811	0.185896557075156	1	0	1	"up"	0.0455554636852857	TRUE
"55143"	"CDCA8"	6	167	"default"	0.685001641633629	0.148083351551931	0.304341267974088	1.06566201529317	-0.055331788243164	1.42533507151042	0.00570547962881563	0.0610166343426439	79.4351264672163	18.5621705801453	0.00231842513546685	1	0	1	"up"	0.0456540390504246	TRUE
"5346"	"PLIN1"	5	144	"default"	-0.879829110239442	0.163372618980263	-1.33342421853054	-0.426234001948346	-1.83328894247653	0.0736307219976464	0.00574782383813507	0.0912400179829934	80.0782606199589	19.7130927803973	0.000568915786048287	0	1	1	"down"	0.0459107749677009	TRUE
"2267"	"FGL1"	6	167	"default"	-0.650285037335959	0.14117612612871	-1.01318982278792	-0.287380251883995	-1.12356026091014	-0.177009813761777	0.00580757980015982	0.0139665672924281	19.9049258272142	9.61790381195907	0.086814632700591	0.166666666666667	0.833333333333333	0.833333333333333	"down"	0.0461819984108666	TRUE
"6694"	"SPP2"	6	167	"default"	-1.71692805258778	0.373470467355979	-2.67696445211967	-0.756891653055898	-3.51618556057219	0.0823294553966201	0.00585505065957289	0.350438241312916	68.7791841763828	13.5499348400428	0.0187357504197523	0.166666666666667	0.833333333333333	0.833333333333333	"down"	0.0463054557231985	TRUE
"29081"	"METTL5"	5	144	"default"	0.670838664180426	0.125223679847133	0.323161991213999	1.01851533714685	-0.135423672112432	1.47710100047328	0.00585759964806784	0.0686475664300108	85.8474188739225	31.8440448766744	2.05876028060978e-06	1	0	1	"up"	0.0463054557231985	TRUE
"51678"	"PALS2"	5	144	"default"	0.635007502060884	0.118588594755967	0.305752778618395	0.964262225503372	-0.0713950144532367	1.341410018575	0.005867082322917	0.0506698284454674	78.4360007771312	17.6700678767311	0.00143142756459725	1	0	1	"up"	0.0463054557231985	TRUE
"11311"	"VPS45"	5	144	"default"	0.630212054438996	0.117642907718688	0.303582979142209	0.956841129735783	-0.122444819025239	1.38286892790323	0.005858116213132	0.059648053823414	88.8920296012556	44.6909586443765	4.60982490665163e-09	1	0	1	"up"	0.0463054557231985	TRUE
"4255"	"MGMT"	6	167	"default"	-0.762634645975592	0.166380033337043	-1.19032813748436	-0.334941154466825	-1.7412520326885	0.215982740737316	0.0059275264735346	0.117249250930607	86.6316937754467	22.5207426472591	0.000416733324380245	0.166666666666667	0.833333333333333	0.833333333333333	"down"	0.0464577354369775	TRUE
"55732"	"FIRRM"	5	144	"default"	0.710514150160129	0.132961061425665	0.341355061982936	1.07967323833732	-0.0918851148617471	1.512913415182	0.0059102791084509	0.0658437363036773	77.8406139351815	14.4473412390119	0.00599605238138356	1	0	1	"up"	0.0464577354369775	TRUE
"4616"	"GADD45B"	6	167	"default"	-1.09306222278845	0.238551085161369	-1.7062773091756	-0.479847136401305	-2.58826589805063	0.402141452473724	0.00593617492737537	0.281421303067069	85.6961959535859	29.4280394722498	1.91083655733616e-05	0	1	1	"down"	0.0464818596675499	TRUE
"3915"	"LAMC1"	6	167	"default"	0.842704856131873	0.184092906534288	0.369478974525339	1.31593073773841	-0.268899963495989	1.95430967575974	0.00596044720887343	0.153108237412488	83.8822381899195	22.1064324479716	0.000499757927651998	0.833333333333333	0.166666666666667	0.833333333333333	"up"	0.0465036340733059	TRUE
"11185"	"INMT"	6	167	"default"	-1.39564718387129	0.305929052533689	-2.18206284930781	-0.609231518434757	-3.37760074993729	0.586306382194722	0.00604588251798675	0.500869392725904	90.5347466586384	48.2248934670427	3.19558031890755e-09	0	1	1	"down"	0.0468120451304627	TRUE
"8317"	"CDC7"	6	167	"default"	0.731432334192959	0.160221318624005	0.319570322856394	1.14329434552952	-0.217980340265569	1.68084500865149	0.00602857689050035	0.110739434556709	83.5188474353642	26.6683802433271	6.61810606703298e-05	1	0	1	"up"	0.0468120451304627	TRUE
"7802"	"DNALI1"	6	167	"default"	-0.625590517028958	0.137167364399886	-0.978190452397412	-0.272990581660505	-1.48215830613011	0.230977272072195	0.00605258467583973	0.0922202962078041	82.0911061676796	28.6212068963868	2.75116536605224e-05	0	1	1	"down"	0.0468145672485796	TRUE
"57393"	"CLTRN"	5	144	"default"	-2.22703058847909	0.419789547559508	-3.39255322301388	-1.0615079539443	-4.98568733523304	0.531626158274865	0.00606618584194238	0.811004018268201	93.7510776390531	50.6323771824507	2.66404761048574e-10	0	1	1	"down"	0.0468643619209187	TRUE
"2542"	"SLC37A4"	5	144	"default"	-0.737328664952706	0.139118560512994	-1.12358371133117	-0.351073618574241	-1.52275816466176	0.0481008347563456	0.00608716490302497	0.060672970567424	72.3974326256285	12.4520349712895	0.0142880831813962	0	1	1	"down"	0.0469049727783672	TRUE
"3654"	"IRAK1"	6	167	"default"	0.698023128913679	0.153516598843902	0.303396148456877	1.09265010937048	-0.265689473026421	1.66173573085378	0.00612991601043451	0.116983093169964	89.6803806447386	35.2172728109602	1.36164633546919e-06	0.833333333333333	0.166666666666667	0.833333333333333	"up"	0.047092487805484	TRUE
"9804"	"TOMM20"	6	167	"default"	0.6091920162121	0.134296232937741	0.263972559227959	0.954411473196241	-0.210063235562117	1.42844726798632	0.00619031338282315	0.0835368949451421	85.8211794782853	28.1104307398578	3.46334195516775e-05	0.833333333333333	0.166666666666667	0.833333333333333	"up"	0.0474343362810507	TRUE
"23086"	"EXPH5"	5	144	"default"	-0.82744199641843	0.156911768327989	-1.26309890754061	-0.391785085296254	-1.82732008438365	0.172436091546786	0.00619826696178825	0.105071512838207	86.7405462628794	32.6494272219801	1.40907147841998e-06	0	1	1	"down"	0.0474749587573854	TRUE
"37"	"ACADVL"	6	167	"default"	-0.633278022992717	0.139706040802746	-0.992403833808922	-0.274152212176512	-1.47752728746621	0.210971241480774	0.00620877146739825	0.088346716810682	87.7801444644835	24.1128357134527	0.000206536477064281	0.166666666666667	0.833333333333333	0.833333333333333	"down"	0.0475135913773924	TRUE
"10"	"NAT2"	6	167	"default"	-2.1160428478964	0.467070702313186	-3.31668631122057	-0.915399384572222	-4.99507911211663	0.762993416323836	0.00622288905634084	1.03623154678573	92.4032572752838	34.8003208610088	1.64920758490921e-06	0.166666666666667	0.833333333333333	0.833333333333333	"down"	0.0475821076926532	TRUE
"1557"	"CYP2C19"	6	167	"default"	-1.18712073425778	0.262324309614381	-1.86144683959834	-0.512794628917211	-2.49161045175934	0.117368983243788	0.0062518512970089	0.188710396658477	79.1955260030846	17.3507352957372	0.00388048235966953	0.166666666666667	0.833333333333333	0.833333333333333	"down"	0.0476605195041904	TRUE
"3712"	"IVD"	6	167	"default"	-0.749542133934207	0.165636665048762	-1.17532473642393	-0.323759531444482	-1.64168360416814	0.142599336299729	0.00625285448683233	0.0930138800373974	86.5244991341285	22.1569596926899	0.000488818156836718	0	1	1	"down"	0.0476605195041904	TRUE
"6156"	"RPL30"	5	144	"default"	0.717638530283282	0.136487248628732	0.338689176906125	1.09658788366044	-0.085085420413018	1.52036248097958	0.00626336483328637	0.0649612183787106	87.931156590569	27.0086873091847	1.97986760702153e-05	1	0	1	"up"	0.0476676150152322	TRUE
"10990"	"LILRB5"	6	167	"default"	-0.717900718511185	0.158771214559877	-1.12603511868072	-0.30976631834165	-1.71779579202423	0.281994355001864	0.00627363164111133	0.1260941611703	91.9447724520407	46.3412529849679	7.73919006062827e-09	0	1	1	"down"	0.0477254595732651	TRUE
"435"	"ASL"	6	167	"default"	-0.734171753409324	0.162663663677495	-1.15231201257675	-0.316031494241901	-1.60018148759555	0.131837980776897	0.00632090606064964	0.0870370872730002	83.3728190205085	18.887091359344	0.00201746232339022	0	1	1	"down"	0.0478856240792214	TRUE
"83643"	"CCDC3"	6	167	"default"	-0.731106855078824	0.162282080072556	-1.14826622236262	-0.313947487795033	-1.58580838210154	0.123594671943891	0.0063691971712966	0.0842163959419058	73.3756404558053	15.4152243076846	0.00872795310790123	0	1	1	"down"	0.0480643462758048	TRUE
"26022"	"TMEM98"	5	144	"default"	0.621009792964563	0.119016138806941	0.290568016934491	0.951451568994634	-0.0606241221366604	1.30264370806579	0.00643687833253239	0.0461083517515379	56.7799155516324	8.42346387691847	0.0772413987745773	1	0	1	"up"	0.0482249769148412	TRUE
"2639"	"GCDH"	6	167	"default"	-1.02879496587427	0.229287687790028	-1.61819773124236	-0.43939220050617	-2.37681487587607	0.319224944127533	0.00647720031337238	0.222425288762592	90.340996135183	21.6156926895263	0.000619397402700051	0.166666666666667	0.833333333333333	0.833333333333333	"down"	0.0483695809801275	TRUE
"4172"	"MCM3"	6	167	"default"	0.939850045842014	0.209496117198478	0.401323132335269	1.47837695934876	-0.385389843655792	2.26508993533982	0.00648124743463911	0.221893722820203	90.9483042161076	36.9969385020191	5.99795028623222e-07	0.833333333333333	0.166666666666667	0.833333333333333	"up"	0.0483778280333531	TRUE
"5743"	"PTGS2"	6	167	"default"	-0.822569129807872	0.183535039229392	-1.29436096785375	-0.350777291762	-1.93311127378272	0.287973014166971	0.00650781982793855	0.152955961156103	85.3669958190791	22.751685209234	0.000376527793884894	0	1	1	"down"	0.0484164484289692	TRUE
"64757"	"MTARC1"	5	144	"default"	-0.671208034205752	0.129025328525459	-1.0294397760368	-0.312976292374706	-1.24045685966822	-0.101959208743289	0.00650657923183713	0.0253889215210497	43.1325505728312	7.97533916662991	0.0924857407861536	0	1	1	"down"	0.0484164484289692	TRUE
"9881"	"TRANK1"	5	144	"default"	-0.589169053791105	0.11330168493417	-0.903744962337243	-0.274593145244966	-1.28374939718454	0.105411289602329	0.00651613444664737	0.0497472293372346	84.0134693479138	19.0665766693922	0.000762622219237355	0	1	1	"down"	0.0484184122312727	TRUE
"55244"	"SLC47A1"	5	144	"default"	-0.659228076105214	0.127091978971838	-1.01209197903148	-0.306364173178952	-1.26970906424673	-0.048747087963702	0.00657451662775941	0.0321942474862604	44.559328748953	7.36415341082237	0.11785090699679	0	1	1	"down"	0.0485895324677512	TRUE
"8835"	"SOCS2"	6	167	"default"	-1.26343006687318	0.282875669326338	-1.99058512418693	-0.53627500955943	-2.96442329029313	0.437563156546771	0.0066013436196688	0.357848438806548	85.9103922502665	24.9413592891097	0.000143013651098231	0.166666666666667	0.833333333333333	0.833333333333333	"down"	0.0487073581170946	TRUE
"6425"	"SFRP5"	6	167	"default"	-0.587605163798635	0.131775885781421	-0.926345862163241	-0.248864465434028	-1.34459122309323	0.169380895495965	0.00664585044185036	0.0693538430130881	82.4406830275778	19.90405568548	0.00130261041800147	0.166666666666667	0.833333333333333	0.833333333333333	"down"	0.0488545063281813	TRUE
"9506"	"PAGE4"	5	144	"default"	1.067609529849	0.206846874976188	0.493310536295898	1.64190852340209	0.00437854216095634	2.13084051753704	0.00669177478382968	0.103862682431245	42.9081272115853	6.36277594165247	0.173644577138062	1	0	1	"up"	0.048970878426227	TRUE
"4493"	"MT1E"	6	167	"default"	-1.96433762736185	0.442027667135857	-3.10060591934998	-0.828069335373721	-4.61886499139974	0.690189736676037	0.00674024318459802	0.870990444296437	92.5522645788971	32.7342757045478	4.24941045008611e-06	0.166666666666667	0.833333333333333	0.833333333333333	"down"	0.0491047427774947	TRUE
"23710"	"GABARAPL1"	6	167	"default"	-0.927813587553224	0.208774275365263	-1.4644849475553	-0.391142227551144	-2.16764615302271	0.312018977916266	0.00673915028058691	0.189041957066686	86.5532051186274	21.7527850209954	0.000583388685858535	0.166666666666667	0.833333333333333	0.833333333333333	"down"	0.0491047427774947	TRUE
"29950"	"SERTAD1"	6	167	"default"	-0.721348762366709	0.16261804477634	-1.13937175441546	-0.303325770317956	-1.73904935790181	0.296351833168396	0.00679103629723038	0.130294413708916	82.6235196934944	28.2142084064837	3.30519389214632e-05	0	1	1	"down"	0.0492978583006779	TRUE
"51504"	"TRMT112"	5	144	"default"	0.669759646284521	0.130486021555499	0.307472370440021	1.03204692212902	-0.135449010328607	1.47496830289765	0.00682520795985666	0.0670816658390984	84.4355286525838	21.0633226981102	0.000307644723501333	1	0	1	"up"	0.0493404530146433	TRUE
"51066"	"SSUH2"	5	144	"default"	0.738657692805928	0.144170023443887	0.338377536898897	1.13893784871296	-0.130645712495631	1.60796109810749	0.00686933243121205	0.0772462631437592	71.4609776489488	12.7791516507603	0.0124068630149942	1	0	1	"up"	0.0493877979346011	TRUE
