gene_id	gene_symbol	confidence_status	exploratory_reasons	passes_primary_rule	k	total_pairs	pooled_log2FC	CI_low	CI_high	prediction_low	prediction_high	FDR	I2	tau2	optimizer_used	SE	p_value	Q	Q_p_value	positive_fraction	negative_fraction	direction_consistency	majority_direction	loco_scenarios_completed	loco_same_direction_all	loco_passes_primary_rule_all	loco_min_log2FC	loco_max_log2FC	loco_max_FDR	loco_any_prediction_interval_crosses_zero	loco_any_warning	loco_any_retry	fixed_log2FC	fixed_FDR	fixed_I2	fixed_passes_primary_rule	fixed_same_direction	all_samples_log2FC	all_samples_FDR	all_samples_I2	all_samples_passes_primary_rule	all_samples_same_direction	primary_prediction_interval_excludes_zero	primary_I2_lt_50	primary_I2_ge_50	primary_I2_ge_75	unresolved_boundary_warning	used_alternative_optimizer	primary_retried	primary_model_failed	all_samples_model_failed	loco_model_failed	any_model_failed	high_confidence	exploratory_only	intermediate_confidence	leftover	downgrade_is_not_negative	threshold_unchanged
"10"	"NAT2"	"exploratory_only"	"I2_ge_75"	TRUE	6	167	-2.1160428478964	-3.31668631122057	-0.915399384572222	-4.99507911211663	0.762993416323836	0.0475821076926532	92.4032572752838	1.03623154678573	"default"	0.467070702313186	0.00622288905634084	34.8003208610088	1.64920758490921e-06	0.166666666666667	0.833333333333333	0.833333333333333	"down"	6	TRUE	FALSE	-2.52679939236883	-1.90823873426218	0.140582673799686	TRUE	FALSE	FALSE	-2.33776896700482	8.81832786905643e-96	85.6323163801569	TRUE	TRUE	-2.14610103520174	0.0407828280196201	93.1130736556032	TRUE	TRUE	FALSE	FALSE	TRUE	TRUE	FALSE	FALSE	FALSE	FALSE	FALSE	FALSE	FALSE	FALSE	TRUE	FALSE	FALSE	TRUE	TRUE
"10067"	"SCAMP3"	"exploratory_only"	"I2_ge_75"	TRUE	6	167	0.722794317452814	0.375362925218548	1.07022570968708	-0.0105502619059292	1.45613889681156	0.035357906114152	82.3026486838981	0.06311933738387	"default"	0.135156713323722	0.00306961933527331	17.4774753838562	0.00367786437740678	0.833333333333333	0.166666666666667	0.833333333333333	"up"	6	TRUE	FALSE	0.659232203137035	0.829593278656208	0.125168489409518	TRUE	FALSE	FALSE	0.803993166868163	1.36649716636084e-69	71.3917491503466	TRUE	TRUE	0.710954896758807	0.0291437839095237	81.9903988063262	TRUE	TRUE	FALSE	FALSE	TRUE	TRUE	FALSE	FALSE	FALSE	FALSE	FALSE	FALSE	FALSE	FALSE	TRUE	FALSE	FALSE	TRUE	TRUE
"10130"	"PDIA6"	"high_confidence"	""	TRUE	5	144	0.691979499888907	0.480249278662235	0.903709721115579	0.269290954813036	1.11466804496478	0.0214610914486807	48.031974673812	0.017361790237368	"default"	0.0762594660453725	0.000817679573631298	6.82814970956389	0.145253238334088	1	0	1	"up"	6	TRUE	FALSE	0.600561806851059	0.737255979690772	0.0799142723648224	FALSE	FALSE	FALSE	0.689042105071185	1.21834867049662e-31	41.4189762945971	TRUE	TRUE	0.662530221803714	0.0125914189673651	7.59895936077377	TRUE	TRUE	TRUE	TRUE	FALSE	FALSE	FALSE	FALSE	FALSE	FALSE	FALSE	FALSE	FALSE	TRUE	FALSE	FALSE	FALSE	TRUE	TRUE
"10144"	"FAM13A"	"intermediate_confidence"	""	TRUE	5	144	-0.954015186631262	-1.15333005565729	-0.754700317605236	-1.34102851433214	-0.567001858930381	0.0158016047388783	54.9857481357503	0.0142765510959341	"default"	0.071787793914199	0.000185316419355399	9.34938506086773	0.0529357614751021	0	1	1	"down"	6	TRUE	FALSE	-1.02452198303656	-0.922044194591132	0.0782033442437191	FALSE	FALSE	FALSE	-0.894573897759088	8.86067707586741e-93	57.2164375094343	TRUE	TRUE	-0.943868685922682	0.0130352695377189	57.1477125600045	TRUE	TRUE	TRUE	FALSE	TRUE	FALSE	FALSE	FALSE	FALSE	FALSE	FALSE	FALSE	FALSE	FALSE	FALSE	TRUE	FALSE	TRUE	TRUE
"10171"	"RCL1"	"exploratory_only"	"I2_ge_75"	TRUE	6	167	-1.12620823977202	-1.64177302259293	-0.610643456951104	-2.26445867509247	0.012042195548438	0.03284577080165	83.0289872104415	0.155845036233229	"default"	0.200563458308765	0.00247836709893872	22.174954741223	0.000484979350579647	0	1	1	"down"	6	TRUE	FALSE	-1.26805705879013	-1.0247752552325	0.114983897019605	TRUE	FALSE	FALSE	-1.2247429453715	1.2810009625571e-64	77.4520396620916	TRUE	TRUE	-1.1270515843282	0.0342884879164697	87.3231783105463	TRUE	TRUE	FALSE	FALSE	TRUE	TRUE	FALSE	FALSE	FALSE	FALSE	FALSE	FALSE	FALSE	FALSE	TRUE	FALSE	FALSE	TRUE	TRUE
"10189"	"ALYREF"	"exploratory_only"	"I2_ge_75"	TRUE	5	144	0.592347798152028	0.330255998070048	0.854439598234007	0.0241913489107263	1.16050424739333	0.0363612455553973	82.3230834345112	0.0329642316255418	"default"	0.0943983367765191	0.0032925235186232	13.7142148021793	0.00826530308474269	1	0	1	"up"	6	TRUE	FALSE	0.520553806772607	0.667478595300486	0.110464244440663	TRUE	FALSE	FALSE	0.466733857904304	5.73509701690768e-46	70.833182521216	FALSE	TRUE	0.62864782779346	0.0422512916208421	91.0464680423711	TRUE	TRUE	TRUE	FALSE	TRUE	TRUE	FALSE	FALSE	FALSE	FALSE	FALSE	FALSE	FALSE	FALSE	TRUE	FALSE	FALSE	TRUE	TRUE
"10196"	"PRMT3"	"high_confidence"	""	TRUE	5	144	0.756697587960157	0.592488240528137	0.920906935392177	0.466589970893443	1.04680520502687	0.0160917557752165	32.8947681676467	0.00741994237945384	"default"	0.0591437400021354	0.000215086603112584	4.93841155887319	0.293675432169549	1	0	1	"up"	6	TRUE	FALSE	0.697147397978754	0.810750036152047	0.0781152423236345	FALSE	FALSE	FALSE	0.743269482879197	6.87032411318417e-45	19.0022955293606	TRUE	TRUE	0.784596071363856	0.0149823053796043	59.2967741830196	TRUE	TRUE	TRUE	TRUE	FALSE	FALSE	FALSE	FALSE	FALSE	FALSE	FALSE	FALSE	FALSE	TRUE	FALSE	FALSE	FALSE	TRUE	TRUE
"10212"	"DDX39A"	"high_confidence"	""	TRUE	5	144	0.867147313837141	0.743701631216868	0.990592996457415	0.743701631216868	0.990592996457415	0.0115802536922153	0	0	"default"	0.0444617768199956	4.07524178948949e-05	2.22271022907565	0.694873726220614	1	0	1	"up"	6	TRUE	FALSE	0.831341238272305	0.919766806668481	0.0617172421892558	FALSE	FALSE	FALSE	0.867147313837141	2.77574937371209e-46	0	TRUE	TRUE	0.869201804417444	0.0123786712920906	27.4974399839537	TRUE	TRUE	TRUE	TRUE	FALSE	FALSE	FALSE	FALSE	FALSE	FALSE	FALSE	FALSE	FALSE	TRUE	FALSE	FALSE	FALSE	TRUE	TRUE
"10247"	"RIDA"	"high_confidence"	""	TRUE	5	144	-0.922277551263526	-1.18945280252434	-0.655102300002711	-1.41573781531444	-0.428817287212613	0.0201275389410464	45.8475509045109	0.0223282254180869	"default"	0.096229257607375	0.000662297231076889	6.90991174705975	0.140726256686099	0	1	1	"down"	6	TRUE	FALSE	-0.972482533494634	-0.816644135030351	0.0873435643524199	FALSE	FALSE	FALSE	-0.90878222498793	6.1200122753895e-37	42.1121405537198	TRUE	TRUE	-0.910731086509752	0.0168924929993181	33.6759504511908	TRUE	TRUE	TRUE	TRUE	FALSE	FALSE	FALSE	FALSE	FALSE	FALSE	FALSE	FALSE	FALSE	TRUE	FALSE	FALSE	FALSE	TRUE	TRUE
"10351"	"ABCA8"	"exploratory_only"	"I2_ge_75"	TRUE	6	167	-1.07464041014092	-1.63874756983848	-0.510533250443353	-2.32769479036733	0.178413970085503	0.0417358007106564	89.2521313168986	0.189459601734458	"default"	0.219447267493013	0.004486015674151	36.6416225827303	7.06648949460517e-07	0.166666666666667	0.833333333333333	0.833333333333333	"down"	6	TRUE	FALSE	-1.18822567667647	-0.947664577041866	0.132537665985449	TRUE	FALSE	FALSE	-1.06793620425086	5.0862242377587e-75	86.3543160821799	TRUE	TRUE	-1.08365309406955	0.0370183809869988	90.1328560024549	TRUE	TRUE	FALSE	FALSE	TRUE	TRUE	FALSE	FALSE	FALSE	FALSE	FALSE	FALSE	FALSE	FALSE	TRUE	FALSE	FALSE	TRUE	TRUE
"10365"	"KLF2"	"exploratory_only"	"I2_ge_75"	TRUE	6	167	-0.689139363311842	-1.07121815600602	-0.307060570617661	-1.55029197853845	0.172013251914769	0.0455525593600339	77.7519117382391	0.0901346019865077	"default"	0.148635140650794	0.00565076350725182	20.7219846852231	0.000914100618053927	0	1	1	"down"	6	TRUE	FALSE	-0.786563882620376	-0.604387568989947	0.133008554721737	TRUE	FALSE	FALSE	-0.67391741226861	1.99685131081391e-26	75.871037084756	TRUE	TRUE	-0.661220984855073	0.0342854512806854	72.3528870083839	TRUE	TRUE	FALSE	FALSE	TRUE	TRUE	FALSE	FALSE	FALSE	FALSE	FALSE	FALSE	FALSE	FALSE	TRUE	FALSE	FALSE	TRUE	TRUE
"10376"	"TUBA1B"	"exploratory_only"	"I2_ge_75"	TRUE	5	144	0.863244245163732	0.553049793790937	1.17343869653653	0.18505807070943	1.54143041961803	0.0270694017806083	76.0330669434695	0.0471828415075942	"default"	0.111723603247937	0.00151074482563283	19.2761783778735	0.000693576989397806	1	0	1	"up"	6	TRUE	FALSE	0.782946662181788	0.96903457407071	0.106906826061232	TRUE	FALSE	FALSE	0.850697794840317	1.76976692034487e-60	79.2489988337551	TRUE	TRUE	0.913490057805987	0.0189783313554644	72.1449914231053	TRUE	TRUE	TRUE	FALSE	TRUE	TRUE	FALSE	FALSE	FALSE	FALSE	FALSE	FALSE	FALSE	FALSE	TRUE	FALSE	FALSE	TRUE	TRUE
"10402"	"ST3GAL6"	"exploratory_only"	"I2_ge_75"	TRUE	5	144	-1.03513951528262	-1.43003274061064	-0.6402462899546	-1.94537122155116	-0.124907809014086	0.0294523728326812	81.740453047666	0.0872502091289882	"default"	0.142229797588556	0.00189383693466012	24.6432938463915	5.93382388302152e-05	0	1	1	"down"	6	TRUE	FALSE	-1.16733826501113	-0.923651306101463	0.108193304557885	TRUE	FALSE	FALSE	-1.00984494230244	8.03092095506343e-61	83.7684035870647	TRUE	TRUE	-1.02335323855219	0.0290422700077388	85.1760933761886	TRUE	TRUE	TRUE	FALSE	TRUE	TRUE	FALSE	FALSE	FALSE	FALSE	FALSE	FALSE	FALSE	FALSE	TRUE	FALSE	FALSE	TRUE	TRUE
"10404"	"CPQ"	"intermediate_confidence"	""	TRUE	5	144	0.587313486987667	0.29165286772828	0.882974106247055	-0.0425322063824204	1.21715918035775	0.044161421281225	70.8960992810197	0.0401225245801505	"default"	0.106488912280628	0.00527512403422863	13.7231032171147	0.008233306229961	1	0	1	"up"	6	TRUE	FALSE	0.497308747607633	0.666528931812135	0.139817554410907	TRUE	FALSE	FALSE	0.592609088366036	3.20626212227406e-25	70.8520737859683	TRUE	TRUE	0.564426869272728	0.0342955829258471	57.9987047685529	FALSE	TRUE	FALSE	FALSE	TRUE	FALSE	FALSE	FALSE	FALSE	FALSE	FALSE	FALSE	FALSE	FALSE	FALSE	TRUE	FALSE	TRUE	TRUE
"10430"	"TMEM147"	"high_confidence"	""	TRUE	5	144	0.785625996404182	0.560685387780328	1.01056660502804	0.453999549643619	1.11725244316474	0.0197605699195567	30.5528629131384	0.00770275504002743	"default"	0.0810174882272087	0.000633028107952455	6.72434573844606	0.151192325847182	1	0	1	"up"	6	TRUE	FALSE	0.75256395097886	0.833205631395185	0.0946376906007375	FALSE	FALSE	FALSE	0.773468258170624	9.1404823388822e-41	40.514658888965	TRUE	TRUE	0.756896202908875	0.0125914189673651	0.00402367677504514	TRUE	TRUE	TRUE	TRUE	FALSE	FALSE	FALSE	FALSE	FALSE	FALSE	FALSE	FALSE	FALSE	TRUE	FALSE	FALSE	FALSE	TRUE	TRUE
"10449"	"ACAA2"	"intermediate_confidence"	""	TRUE	6	167	-0.805660746209632	-1.17648286649449	-0.43483862592477	-1.50671292378943	-0.104608568629834	0.0329225246412599	65.9958256597965	0.0535670325381347	"default"	0.144256103868823	0.00253816111759434	13.9522157871174	0.0159158137290877	0	1	1	"down"	6	TRUE	FALSE	-0.86853963026134	-0.730987724089637	0.125994584362726	TRUE	FALSE	FALSE	-0.80884168542241	2.37204748813992e-34	64.1633982996687	TRUE	TRUE	-0.824352858812003	0.0238699728682066	64.8274067851533	TRUE	TRUE	TRUE	FALSE	TRUE	FALSE	FALSE	FALSE	FALSE	FALSE	FALSE	FALSE	FALSE	FALSE	FALSE	TRUE	FALSE	TRUE	TRUE
"10473"	"HMGN4"	"exploratory_only"	"I2_ge_75"	TRUE	6	167	0.728546551242466	0.35237484379175	1.10471825869318	-0.132035210953438	1.58912831343837	0.0404752593413406	85.4977113815919	0.0906636956211854	"default"	0.146337184148661	0.00418093600682339	19.1147968753823	0.00182975337703991	0.833333333333333	0.166666666666667	0.833333333333333	"up"	6	TRUE	FALSE	0.668287046314674	0.886597624412802	0.132313822375986	TRUE	FALSE	FALSE	0.843425458648795	8.11337931452965e-69	73.8422540788836	TRUE	TRUE	0.753301310937406	0.0371094863233958	88.4097676179448	TRUE	TRUE	FALSE	FALSE	TRUE	TRUE	FALSE	FALSE	FALSE	FALSE	FALSE	FALSE	FALSE	FALSE	TRUE	FALSE	FALSE	TRUE	TRUE
"10584"	"COLEC10"	"exploratory_only"	"I2_ge_75"	TRUE	6	167	-1.12091144735805	-1.68518621799181	-0.556636676724283	-2.5102184167712	0.268395522055113	0.0384589652605361	91.8434002639606	0.24391562223111	"default"	0.219512470994367	0.00374995654365852	43.9819318606029	2.33586802961106e-08	0	1	1	"down"	6	TRUE	FALSE	-1.26715970297169	-0.97099594028329	0.124602290565583	TRUE	FALSE	FALSE	-1.01769874920483	2.31149274657707e-75	88.6316953610699	TRUE	TRUE	-1.17147700386164	0.0294904413935386	93.4094124071434	TRUE	TRUE	FALSE	FALSE	TRUE	TRUE	FALSE	FALSE	FALSE	FALSE	FALSE	FALSE	FALSE	FALSE	TRUE	FALSE	FALSE	TRUE	TRUE
"10613"	"ERLIN1"	"high_confidence"	""	TRUE	5	144	-0.63997475519628	-0.805486799455607	-0.474462710936953	-0.939321833223227	-0.340627677169334	0.01826882088407	40.0662291868762	0.00807073315474079	"default"	0.0596129359624188	0.000426725698064205	6.18072891040817	0.18605175704999	0	1	1	"down"	6	TRUE	FALSE	-0.709310960009645	-0.594643472763269	0.081392558490453	FALSE	FALSE	FALSE	-0.647177704657628	2.76236345065156e-42	35.2827140943827	TRUE	TRUE	-0.644447974541137	0.0114403861926839	0	TRUE	TRUE	TRUE	TRUE	FALSE	FALSE	FALSE	FALSE	FALSE	FALSE	FALSE	FALSE	FALSE	TRUE	FALSE	FALSE	FALSE	TRUE	TRUE
"1063"	"CENPF"	"intermediate_confidence"	""	TRUE	6	167	0.920864484743691	0.61531111791015	1.22641785157723	0.433412109751892	1.40831685973549	0.0193055366359518	57.2642263612098	0.0218295002862298	"default"	0.118865450069558	0.000572847982214137	15.7427114149078	0.0076183557545715	0.833333333333333	0.166666666666667	0.833333333333333	"up"	6	TRUE	FALSE	0.861565629071822	1.00041014958845	0.0860891985252871	FALSE	FALSE	FALSE	0.921152378307209	8.57128843297755e-76	68.2392704266613	TRUE	TRUE	0.941650953875523	0.0154433154026684	57.1474103657345	TRUE	TRUE	TRUE	FALSE	TRUE	FALSE	FALSE	FALSE	FALSE	FALSE	FALSE	FALSE	FALSE	FALSE	FALSE	TRUE	FALSE	TRUE	TRUE
"10643"	"IGF2BP3"	"high_confidence"	""	TRUE	5	144	1.21678999697816	1.08106260651428	1.35251738744205	1.08106260651428	1.35251738744205	0.0107256483335024	0	0	"default"	0.048885313889258	1.54647716135149e-05	1.0970144056762	0.894745614314861	1	0	1	"up"	6	TRUE	FALSE	1.18385706572824	1.25523709356431	0.0617172421892558	FALSE	FALSE	FALSE	1.21678999697816	1.78989111535221e-37	0	TRUE	TRUE	1.25705709811404	0.00968871228088275	0	TRUE	TRUE	TRUE	TRUE	FALSE	FALSE	FALSE	FALSE	FALSE	FALSE	FALSE	FALSE	FALSE	TRUE	FALSE	FALSE	FALSE	TRUE	TRUE
"10653"	"SPINT2"	"high_confidence"	""	TRUE	6	167	-0.590344777288256	-0.891444364258904	-0.289245190317607	-0.891444364258904	-0.289245190317607	0.0394061194875442	0	0	"default"	0.117132854047463	0.0039670294590254	4.30916474188621	0.505814924437018	0.166666666666667	0.833333333333333	0.833333333333333	"down"	6	TRUE	FALSE	-0.647064623537261	-0.508913414647549	0.127793945053718	FALSE	FALSE	FALSE	-0.590344777288256	7.44857680109943e-06	0	TRUE	TRUE	-0.57941692354363	0.0414751175603448	19.5221606178444	FALSE	TRUE	TRUE	TRUE	FALSE	FALSE	FALSE	FALSE	FALSE	FALSE	FALSE	FALSE	FALSE	TRUE	FALSE	FALSE	FALSE	TRUE	TRUE
"10747"	"MASP2"	"high_confidence"	""	TRUE	6	167	-0.945356655392682	-1.34491722112758	-0.545796089657789	-1.51683461574128	-0.373878695044082	0.0285548138391325	36.5532470058568	0.0252634939253921	"default"	0.155435847322864	0.00173721744529694	12.0870832780968	0.0336138267374786	0.166666666666667	0.833333333333333	0.833333333333333	"down"	6	TRUE	FALSE	-1.02173829190607	-0.881075465684447	0.131499306624057	TRUE	FALSE	FALSE	-0.937138577081226	7.80650583453394e-30	58.6335273369008	TRUE	TRUE	-0.991335134013765	0.0142216024376729	0.0123866021674773	TRUE	TRUE	TRUE	TRUE	FALSE	FALSE	FALSE	FALSE	FALSE	FALSE	FALSE	FALSE	FALSE	TRUE	FALSE	FALSE	FALSE	TRUE	TRUE
"10841"	"FTCD"	"exploratory_only"	"I2_ge_75"	TRUE	6	167	-1.34604611962437	-2.03687517299191	-0.655217066256831	-2.70646295650141	0.0143707172526715	0.0398601464367114	81.9964533593073	0.207855909631039	"default"	0.26874423672901	0.00407443949523833	17.2500131853435	0.00404925373062328	0.166666666666667	0.833333333333333	0.833333333333333	"down"	6	TRUE	FALSE	-1.45226652872849	-1.24287182689731	0.140582673799686	TRUE	FALSE	FALSE	-1.38130317588482	4.36939283390193e-59	71.0145149091929	TRUE	TRUE	-1.44416372397771	0.0130352695377189	18.0549732751484	TRUE	TRUE	FALSE	FALSE	TRUE	TRUE	FALSE	FALSE	FALSE	FALSE	FALSE	FALSE	FALSE	FALSE	TRUE	FALSE	FALSE	TRUE	TRUE
"10878"	"CFHR3"	"intermediate_confidence"	""	TRUE	5	144	-1.3577497442368	-1.81770774999613	-0.897791738477468	-2.25341581994931	-0.462083668524295	0.0245956291512756	53.4349412120879	0.0766225668099562	"default"	0.165664361560127	0.00120745041847838	7.67012972315656	0.104437098425482	0	1	1	"down"	6	TRUE	FALSE	-1.47457196874837	-1.2116249464497	0.100006407082852	TRUE	FALSE	FALSE	-1.33185594888692	3.59471101228087e-32	47.8496434301002	TRUE	TRUE	-1.25378379625235	0.018486998760367	0	TRUE	TRUE	TRUE	FALSE	TRUE	FALSE	FALSE	FALSE	FALSE	FALSE	FALSE	FALSE	FALSE	FALSE	FALSE	TRUE	FALSE	TRUE	TRUE
"10894"	"LYVE1"	"exploratory_only"	"I2_ge_75"	TRUE	5	144	-1.43954182815298	-2.06275900402489	-0.816324652281062	-2.80245629889172	-0.0766273574142309	0.0351386340131252	87.330853824199	0.190582877356771	"default"	0.22446587353922	0.00303770552775722	24.8443408712955	5.40682951353488e-05	0	1	1	"down"	6	TRUE	FALSE	-1.57736818290982	-1.2665571273268	0.125712297421158	TRUE	FALSE	FALSE	-1.296227686145	3.99002388473038e-77	83.8997539893621	TRUE	TRUE	-1.42095265808349	0.030817481205925	87.3832304527346	TRUE	TRUE	TRUE	FALSE	TRUE	TRUE	FALSE	FALSE	FALSE	FALSE	FALSE	FALSE	FALSE	FALSE	TRUE	FALSE	FALSE	TRUE	TRUE
"10923"	"SUB1"	"intermediate_confidence"	""	TRUE	5	144	0.600168043980239	0.382479958529058	0.817856129431421	0.146070495446291	1.05426559251419	0.0273291652661832	65.3965693581465	0.0206023796833989	"default"	0.0784053266688568	0.00156522578744408	9.980488836684	0.0407576306076591	1	0	1	"up"	6	TRUE	FALSE	0.520703596265987	0.66402214905544	0.106064010573363	TRUE	FALSE	FALSE	0.564620667075733	4.05732158344199e-39	59.9218027748529	FALSE	TRUE	0.672177484362999	0.0237120920136825	70.8601944716423	TRUE	TRUE	TRUE	FALSE	TRUE	FALSE	FALSE	FALSE	FALSE	FALSE	FALSE	FALSE	FALSE	FALSE	FALSE	TRUE	FALSE	TRUE	TRUE
"10963"	"STIP1"	"exploratory_only"	"I2_ge_75"	TRUE	6	167	0.639640413373651	0.316693039475105	0.962587787272196	-0.10173631368023	1.38101714042753	0.0385018662795669	85.2915393741508	0.0673958524560169	"default"	0.125632014286215	0.00379770699101397	25.6989902685884	0.000102065711118572	1	0	1	"up"	6	TRUE	FALSE	0.562274171077846	0.711071234220424	0.125435048282439	TRUE	FALSE	FALSE	0.614776485563836	3.76211524591371e-46	80.5439826711347	TRUE	TRUE	0.624170080202671	0.0404322755593837	86.2888189794083	TRUE	TRUE	FALSE	FALSE	TRUE	TRUE	FALSE	FALSE	FALSE	FALSE	FALSE	FALSE	FALSE	FALSE	TRUE	FALSE	FALSE	TRUE	TRUE
"10974"	"ADIRF"	"intermediate_confidence"	""	TRUE	5	144	-1.67336498909767	-2.30918045347345	-1.03754952472188	-2.75952007221122	-0.587209905984115	0.02933888309067	50.0756653646498	0.100597616853389	"default"	0.229003434350448	0.00186546921090986	8.66335309914932	0.0700875004425216	0	1	1	"down"	6	TRUE	FALSE	-1.83801894963052	-1.57529750010081	0.116086129605616	TRUE	FALSE	FALSE	-1.67021852341468	2.33975499123119e-33	53.8285008792635	TRUE	TRUE	-1.71927256020442	0.0286445234050828	62.2616741532841	TRUE	TRUE	TRUE	FALSE	TRUE	FALSE	FALSE	FALSE	FALSE	FALSE	FALSE	FALSE	FALSE	FALSE	FALSE	TRUE	FALSE	TRUE	TRUE
"10979"	"FERMT2"	"high_confidence"	""	TRUE	5	144	-0.688396909037766	-0.797657359500559	-0.579136458574974	-0.797657359500559	-0.579136458574974	0.0115802536922153	0	0	"default"	0.0393526420739404	6.27030087476134e-05	2.83129426475023	0.586442932478288	0	1	1	"down"	6	TRUE	FALSE	-0.717089354021223	-0.669422647259434	0.0659667304156743	FALSE	FALSE	FALSE	-0.688396909037767	2.12818757056106e-47	0	TRUE	TRUE	-0.699439925009733	0.00968871228088275	0	TRUE	TRUE	TRUE	TRUE	FALSE	FALSE	FALSE	FALSE	FALSE	FALSE	FALSE	FALSE	FALSE	TRUE	FALSE	FALSE	FALSE	TRUE	TRUE
"10990"	"LILRB5"	"exploratory_only"	"I2_ge_75"	TRUE	6	167	-0.717900718511185	-1.12603511868072	-0.30976631834165	-1.71779579202423	0.281994355001864	0.0477254595732651	91.9447724520407	0.1260941611703	"default"	0.158771214559877	0.00627363164111133	46.3412529849679	7.73919006062827e-09	0	1	1	"down"	6	TRUE	FALSE	-0.835037170062477	-0.632137453676099	0.141422393789866	TRUE	FALSE	FALSE	-0.658062028098984	2.92131491155584e-67	89.210477322178	TRUE	TRUE	-0.710630941172413	0.040824265265414	92.3710571942574	TRUE	TRUE	FALSE	FALSE	TRUE	TRUE	FALSE	FALSE	FALSE	FALSE	FALSE	FALSE	FALSE	FALSE	TRUE	FALSE	FALSE	TRUE	TRUE
"11004"	"KIF2C"	"high_confidence"	""	TRUE	6	167	0.753661922004625	0.590717175103061	0.916606668906188	0.590688173294549	0.9166356707147	0.0123928879613051	0.00926083516612286	1.43044518107903e-06	"default"	0.0633882744531369	7.41481150384838e-05	9.14811001630954	0.103300388824668	1	0	1	"up"	6	TRUE	FALSE	0.729821924767665	0.771011531993662	0.0658249026257098	FALSE	FALSE	FALSE	0.753661442278428	2.56537127591579e-56	45.3439017339556	TRUE	TRUE	0.756737381553363	0.0134592407684432	28.1292466394793	TRUE	TRUE	TRUE	TRUE	FALSE	FALSE	FALSE	FALSE	FALSE	FALSE	FALSE	FALSE	FALSE	TRUE	FALSE	FALSE	FALSE	TRUE	TRUE
"11145"	"PLAAT3"	"exploratory_only"	"I2_ge_75"	TRUE	5	144	-0.907363746654007	-1.28302238059852	-0.531705112709489	-1.78012759283751	-0.0345999004705	0.0331119142209867	83.3988449395271	0.0805066424704531	"default"	0.135302021005654	0.00257311020566438	25.7613148657859	3.5351804740202e-05	0	1	1	"down"	6	TRUE	FALSE	-1.04042559382246	-0.823293831177531	0.113774253737299	TRUE	FALSE	FALSE	-0.975123852448844	1.40256190462328e-70	84.4728422410128	TRUE	TRUE	-0.907284795142807	0.0360439455760644	88.2316473832186	TRUE	TRUE	TRUE	FALSE	TRUE	TRUE	FALSE	FALSE	FALSE	FALSE	FALSE	FALSE	FALSE	FALSE	TRUE	FALSE	FALSE	TRUE	TRUE
"11185"	"INMT"	"exploratory_only"	"I2_ge_75"	TRUE	6	167	-1.39564718387129	-2.18206284930781	-0.609231518434757	-3.37760074993729	0.586306382194722	0.0468120451304627	90.5347466586384	0.500869392725904	"default"	0.305929052533689	0.00604588251798675	48.2248934670427	3.19558031890755e-09	0	1	1	"down"	6	TRUE	FALSE	-1.62812041060845	-1.1921621755624	0.132732882034788	TRUE	FALSE	FALSE	-1.46656920501954	3.63641695161707e-54	89.6319107404207	TRUE	TRUE	-1.40467838304984	0.0393409838433538	90.7847692389081	TRUE	TRUE	FALSE	FALSE	TRUE	TRUE	FALSE	FALSE	FALSE	FALSE	FALSE	FALSE	FALSE	FALSE	TRUE	FALSE	FALSE	TRUE	TRUE
"112483"	"SAT2"	"high_confidence"	""	TRUE	5	144	-0.723303635675324	-0.923765717533043	-0.522841553817606	-1.12908669322442	-0.31752057812623	0.0192060376209246	45.748245603239	0.0161474298556013	"default"	0.0722009887688514	0.000558121527928527	6.63180287361405	0.156672878086581	0	1	1	"down"	6	TRUE	FALSE	-0.796180007394995	-0.633152558970387	0.0682539868792236	FALSE	FALSE	FALSE	-0.729725413573124	1.61876395213492e-33	39.6845763327075	TRUE	TRUE	-0.799829026360337	0.0119354784754949	0	TRUE	TRUE	TRUE	TRUE	FALSE	FALSE	FALSE	FALSE	FALSE	FALSE	FALSE	FALSE	FALSE	TRUE	FALSE	FALSE	FALSE	TRUE	TRUE
"112770"	"GLMP"	"high_confidence"	""	TRUE	5	144	0.865261310003239	0.768859206624692	0.961663413381785	0.768859206624692	0.961663413381785	0.0107256483335024	0	0	"default"	0.0347214152363653	1.53923130955065e-05	1.29158015047105	0.86280245643317	1	0	1	"up"	6	TRUE	FALSE	0.820822229927531	0.886440362652079	0.0617172421892558	FALSE	FALSE	FALSE	0.865261310003239	5.5000298210495e-44	0	TRUE	TRUE	0.873281660473548	0.00932974376051547	0	TRUE	TRUE	TRUE	TRUE	FALSE	FALSE	FALSE	FALSE	FALSE	FALSE	FALSE	FALSE	FALSE	TRUE	FALSE	FALSE	FALSE	TRUE	TRUE
"112817"	"HOGA1"	"intermediate_confidence"	""	TRUE	5	144	-1.42909110909374	-1.90695686357645	-0.951225354611028	-2.39229981463176	-0.465882403555716	0.0243463972657534	73.9423911817381	0.0907312648785537	"default"	0.172114245510598	0.00114896816942881	12.3189049246616	0.0151308593351433	0	1	1	"down"	6	TRUE	FALSE	-1.53438259433851	-1.34286188737146	0.101977886720831	TRUE	FALSE	FALSE	-1.44771720081261	2.07705750426208e-79	67.5295813673154	TRUE	TRUE	-1.43507974161024	0.0243970025031401	77.855022446441	TRUE	TRUE	TRUE	FALSE	TRUE	FALSE	FALSE	FALSE	FALSE	FALSE	FALSE	FALSE	FALSE	FALSE	FALSE	TRUE	FALSE	TRUE	TRUE
"11311"	"VPS45"	"exploratory_only"	"I2_ge_75"	TRUE	5	144	0.630212054438996	0.303582979142209	0.956841129735783	-0.122444819025239	1.38286892790323	0.0463054557231985	88.8920296012556	0.059648053823414	"default"	0.117642907718688	0.005858116213132	44.6909586443765	4.60982490665163e-09	1	0	1	"up"	6	TRUE	FALSE	0.501921510289387	0.718387475944016	0.13794143033087	TRUE	FALSE	FALSE	0.544294605826977	3.28665479156774e-51	91.04964377285	FALSE	TRUE	0.596321383267087	0.0303307199510929	82.7878520589192	TRUE	TRUE	FALSE	FALSE	TRUE	TRUE	FALSE	FALSE	FALSE	FALSE	FALSE	FALSE	FALSE	FALSE	TRUE	FALSE	FALSE	TRUE	TRUE
"113130"	"CDCA5"	"intermediate_confidence"	""	TRUE	5	144	1.20905950423708	0.856273230809186	1.56184577766498	0.493542891899057	1.92457611657511	0.0201881519180196	70.3622705715294	0.0502689832067992	"default"	0.127064018938261	0.000680975521451698	12.8887672822246	0.0118322814496046	1	0	1	"up"	6	TRUE	FALSE	1.12655100183793	1.32407086090586	0.0904412266476103	FALSE	FALSE	FALSE	1.22085895945553	2.01814667129132e-81	68.9652244282775	TRUE	TRUE	1.2498887273405	0.0149823053796043	61.2058787027663	TRUE	TRUE	TRUE	FALSE	TRUE	FALSE	FALSE	FALSE	FALSE	FALSE	FALSE	FALSE	FALSE	FALSE	FALSE	TRUE	FALSE	TRUE	TRUE
"113675"	"SDSL"	"high_confidence"	""	TRUE	5	144	-0.628000474056185	-0.900000499226528	-0.356000448885843	-1.00524646638701	-0.250754481725359	0.0351386340131252	18.6621145756229	0.00886413936126131	"default"	0.0979670099225554	0.00304273087823151	5.00371751773381	0.286916267293917	0	1	1	"down"	6	TRUE	FALSE	-0.724602855832347	-0.59983530812718	0.13208807877508	TRUE	FALSE	FALSE	-0.620157577431433	1.48917773596392e-12	20.0594360927949	TRUE	TRUE	-0.628039797457742	0.029104566560913	0.00326806912226111	TRUE	TRUE	TRUE	TRUE	FALSE	FALSE	FALSE	FALSE	FALSE	FALSE	FALSE	FALSE	FALSE	TRUE	FALSE	FALSE	FALSE	TRUE	TRUE
"114897"	"C1QTNF1"	"exploratory_only"	"I2_ge_75"	TRUE	5	144	-0.711767025393906	-0.959570542917024	-0.463963507870789	-1.26681034315324	-0.156723707634569	0.0255756165411768	81.247055378173	0.0319986747069058	"default"	0.089252086079139	0.00133988014447886	21.3694282907308	0.000267488859009762	0	1	1	"down"	6	TRUE	FALSE	-0.781148475967299	-0.641600425352891	0.090583910005686	TRUE	FALSE	FALSE	-0.675875325627657	1.20138468393825e-74	81.2816704987141	TRUE	TRUE	-0.712146073898632	0.0259174143240101	86.0372713377777	TRUE	TRUE	TRUE	FALSE	TRUE	TRUE	FALSE	FALSE	FALSE	FALSE	FALSE	FALSE	FALSE	FALSE	TRUE	FALSE	FALSE	TRUE	TRUE
"115353"	"LRRC42"	"intermediate_confidence"	""	TRUE	5	144	0.637937177006998	0.367837339798658	0.908037014215338	0.146856067962821	1.12901828605117	0.0338071787206911	58.2444214655321	0.0218205249751308	"default"	0.0972826139089462	0.00279692507112729	9.59592285938666	0.0478131271048589	1	0	1	"up"	6	TRUE	FALSE	0.5823372937364	0.697219294980857	0.124066002522679	TRUE	FALSE	FALSE	0.661184250968624	1.36159949757374e-33	58.3156298918429	TRUE	TRUE	0.66338370729446	0.0373855452965675	71.305348031766	TRUE	TRUE	TRUE	FALSE	TRUE	FALSE	FALSE	FALSE	FALSE	FALSE	FALSE	FALSE	FALSE	FALSE	FALSE	TRUE	FALSE	TRUE	TRUE
"116238"	"TLCD1"	"intermediate_confidence"	""	TRUE	5	144	0.838440119015045	0.539927430732172	1.13695280729792	0.31364651046974	1.36323372756035	0.0265892017403729	52.3895038898417	0.0241674701541256	"default"	0.107516149958818	0.00145877071022348	9.12812878365813	0.0579754551602695	1	0	1	"up"	6	TRUE	FALSE	0.753221838365131	0.920001760571827	0.096156685672717	FALSE	FALSE	FALSE	0.797575014582683	2.47789901632594e-37	56.1794087835273	TRUE	TRUE	0.848593552839886	0.0243653302826242	54.8432661565574	TRUE	TRUE	TRUE	FALSE	TRUE	FALSE	FALSE	FALSE	FALSE	FALSE	FALSE	FALSE	FALSE	FALSE	FALSE	TRUE	FALSE	TRUE	TRUE
"1163"	"CKS1B"	"intermediate_confidence"	""	TRUE	5	144	1.16658624896275	0.872141571380068	1.46103092654543	0.525467422170597	1.8077050757549	0.0179356699323808	66.45482485411	0.042074265970124	"default"	0.106050963165614	0.000388138106533971	12.5188863584341	0.0138823080681185	1	0	1	"up"	6	TRUE	FALSE	1.01912054497668	1.24674413656946	0.063507903780061	FALSE	FALSE	FALSE	1.12306861717332	9.25846619526824e-72	68.0482761367578	TRUE	TRUE	1.19880190143314	0.0161400133953246	73.4532229471199	TRUE	TRUE	TRUE	FALSE	TRUE	FALSE	FALSE	FALSE	FALSE	FALSE	FALSE	FALSE	FALSE	FALSE	FALSE	TRUE	FALSE	TRUE	TRUE
"116842"	"LEAP2"	"high_confidence"	""	TRUE	5	144	-0.745261173018316	-1.05646964780355	-0.434052698233079	-1.26129040925729	-0.229231936779342	0.03325613161994	42.3055099660864	0.0219799205484196	"default"	0.112088826896891	0.00265677476069912	6.77809651840181	0.148089885802869	0	1	1	"down"	6	TRUE	FALSE	-0.821015006777478	-0.672811115042364	0.129189967973463	TRUE	FALSE	FALSE	-0.716054493013205	7.86225882838497e-23	40.9863818088094	TRUE	TRUE	-0.779382999829109	0.0373340527652216	59.8905727999454	TRUE	TRUE	TRUE	TRUE	FALSE	FALSE	FALSE	FALSE	FALSE	FALSE	FALSE	FALSE	FALSE	TRUE	FALSE	FALSE	FALSE	TRUE	TRUE
"119467"	"CLRN3"	"exploratory_only"	"I2_ge_75"	TRUE	5	144	-2.22024558298603	-3.08300136100027	-1.35748980497179	-4.17071560632628	-0.269775559645787	0.0302527384288224	76.278033820261	0.396954953556281	"default"	0.310741161926477	0.00202980663983328	16.6381542023873	0.00227218466940944	0	1	1	"down"	6	TRUE	FALSE	-2.42298230874116	-1.82490536292368	0.102510109857619	TRUE	FALSE	FALSE	-2.10718457354554	2.8154314006565e-44	75.9588716912716	TRUE	TRUE	-2.18100209280189	0.018158093425294	61.67863430841	TRUE	TRUE	TRUE	FALSE	TRUE	TRUE	FALSE	FALSE	FALSE	FALSE	FALSE	FALSE	FALSE	FALSE	TRUE	FALSE	FALSE	TRUE	TRUE
"123264"	"SLC51B"	"high_confidence"	""	TRUE	5	144	0.654242979090132	0.399760162569667	0.908725795610598	0.133572744150859	1.17491321402941	0.0302677397227601	45.1289816418858	0.0267668215118942	"default"	0.0916577878828027	0.00203741548518201	6.78478996372159	0.147707642175799	1	0	1	"up"	6	TRUE	FALSE	0.57947704804103	0.786570776434312	0.107731840297426	TRUE	FALSE	FALSE	0.609958805042882	4.04893050147357e-16	41.0446009178166	TRUE	TRUE	0.737790128360761	0.0137388729817185	0	TRUE	TRUE	TRUE	TRUE	FALSE	FALSE	FALSE	FALSE	FALSE	FALSE	FALSE	FALSE	FALSE	TRUE	FALSE	FALSE	FALSE	TRUE	TRUE
"123879"	"DCUN1D3"	"high_confidence"	""	TRUE	5	144	-0.681661177023691	-0.802027820364931	-0.56129453368245	-0.892957024484715	-0.470365329562666	0.0127759792996141	37.8602598026333	0.00391220465451239	"default"	0.0433527906299684	9.55705728155745e-05	5.85698105739693	0.210086639145382	0	1	1	"down"	6	TRUE	FALSE	-0.695421358461056	-0.638771332286643	0.0617172421892558	FALSE	FALSE	FALSE	-0.68329544622385	2.1794024650305e-87	31.705430480293	TRUE	TRUE	-0.69126236206569	0.013273408447276	59.1271749791838	TRUE	TRUE	TRUE	TRUE	FALSE	FALSE	FALSE	FALSE	FALSE	FALSE	FALSE	FALSE	FALSE	TRUE	FALSE	FALSE	FALSE	TRUE	TRUE
"124"	"ADH1A"	"intermediate_confidence"	""	TRUE	5	144	-1.16139295462948	-1.74839661731612	-0.574389291942837	-2.32880920139422	0.00602329213526653	0.0443988379115687	71.6126079176	0.132096765805278	"default"	0.21142275119638	0.00535187422041425	14.3552158550634	0.00624353813122579	0	1	1	"down"	6	TRUE	FALSE	-1.3187319798929	-1.00966754437899	0.137195386010241	TRUE	FALSE	FALSE	-1.01927193177411	1.59597591250402e-25	72.1355635443883	TRUE	TRUE	-1.18929208367296	0.0280156356231955	46.0571118235523	TRUE	TRUE	FALSE	FALSE	TRUE	FALSE	FALSE	FALSE	FALSE	FALSE	FALSE	FALSE	FALSE	FALSE	FALSE	TRUE	FALSE	TRUE	TRUE
"124936"	"CYB5D2"	"high_confidence"	""	TRUE	5	144	-0.747029587128837	-0.813881847333147	-0.680177326924528	-0.813881847333147	-0.680177326924528	0.0107256483335024	0	0	"default"	0.0240783655614709	6.43140813666599e-06	1.23204093616576	0.872795638011322	0	1	1	"down"	6	TRUE	FALSE	-0.785161176587711	-0.729892561839998	0.0617172421892558	FALSE	FALSE	FALSE	-0.747029587128838	2.30528699345784e-64	0	TRUE	TRUE	-0.761386565333923	0.00502390741375791	0	TRUE	TRUE	TRUE	TRUE	FALSE	FALSE	FALSE	FALSE	FALSE	FALSE	FALSE	FALSE	FALSE	TRUE	FALSE	FALSE	FALSE	TRUE	TRUE
"126"	"ADH1C"	"high_confidence"	""	TRUE	5	144	-1.87016915563914	-2.38046214309854	-1.35987616817973	-2.38046214309854	-1.35987616817973	0.0192060376209246	0	0	"default"	0.183793652719473	0.000525401263018549	5.5643283930072	0.234132563826605	0	1	1	"down"	6	TRUE	FALSE	-2.02448684679071	-1.75147082503227	0.0971796518837971	FALSE	FALSE	FALSE	-1.87016915563914	5.62793195496321e-32	28.1135167179046	TRUE	TRUE	-2.02581900213808	0.0150501174793793	10.6971037091199	TRUE	TRUE	TRUE	TRUE	FALSE	FALSE	FALSE	FALSE	FALSE	FALSE	FALSE	FALSE	FALSE	TRUE	FALSE	FALSE	FALSE	TRUE	TRUE
"126382"	"NR2C2AP"	"high_confidence"	""	TRUE	5	144	0.60502833523762	0.44379602453064	0.7662606459446	0.443679601114134	0.766377069361106	0.0189508407128152	0.0441445871686039	4.87192957238996e-06	"default"	0.0580714923573085	0.000479388396005612	7.21574690672676	0.124916846289831	1	0	1	"up"	6	TRUE	FALSE	0.59196469511333	0.651822891363195	0.0907510090532284	FALSE	FALSE	FALSE	0.605008452783261	5.25174931065148e-43	44.5656831966889	TRUE	TRUE	0.603696673860183	0.0184213414621021	16.9987737547647	TRUE	TRUE	TRUE	TRUE	FALSE	FALSE	FALSE	FALSE	FALSE	FALSE	FALSE	FALSE	FALSE	TRUE	FALSE	FALSE	FALSE	TRUE	TRUE
"126969"	"SLC44A3"	"high_confidence"	""	TRUE	5	144	0.727744620306143	0.580664703331128	0.874824537281158	0.580664703331128	0.874824537281158	0.015234192590746	0	0	"default"	0.0529741851188291	0.000162668964419309	2.12274903920124	0.713194206137414	1	0	1	"up"	6	TRUE	FALSE	0.674371915080886	0.796248422055736	0.0793370433377544	FALSE	FALSE	FALSE	0.727744620306142	1.21457886193323e-22	0	TRUE	TRUE	0.704945661652335	0.0154433154026684	0	TRUE	TRUE	TRUE	TRUE	FALSE	FALSE	FALSE	FALSE	FALSE	FALSE	FALSE	FALSE	FALSE	TRUE	FALSE	FALSE	FALSE	TRUE	TRUE
"128061"	"C1orf131"	"high_confidence"	""	TRUE	5	144	0.618204699939207	0.554399154773123	0.682010245105291	0.554399154773123	0.682010245105291	0.0107256483335024	0	0	"default"	0.0229810216836751	1.13529556872535e-05	1.13179891383259	0.889194693026692	1	0	1	"up"	6	TRUE	FALSE	0.60939155421526	0.632326465589171	0.0622985093653561	FALSE	FALSE	FALSE	0.618204699939207	6.91102550118024e-45	0	TRUE	TRUE	0.663698910460617	0.0123485202994229	0	TRUE	TRUE	TRUE	TRUE	FALSE	FALSE	FALSE	FALSE	FALSE	FALSE	FALSE	FALSE	FALSE	TRUE	FALSE	FALSE	FALSE	TRUE	TRUE
"128240"	"NAXE"	"intermediate_confidence"	""	TRUE	5	144	0.783555410334113	0.521648308121845	1.04546251254638	0.193953712055793	1.37315710861243	0.0243463972657534	73.4295237125815	0.0361976384625797	"default"	0.0943318136281356	0.00114726865539502	17.5307525777768	0.00152382266375498	1	0	1	"up"	6	TRUE	FALSE	0.647996213104703	0.853582624344836	0.0816113405922152	TRUE	FALSE	FALSE	0.758800134772278	1.17328565598345e-52	77.1829533144473	TRUE	TRUE	0.765413627418939	0.0199784347748407	70.6629805349058	TRUE	TRUE	TRUE	FALSE	TRUE	FALSE	FALSE	FALSE	FALSE	FALSE	FALSE	FALSE	FALSE	FALSE	FALSE	TRUE	FALSE	TRUE	TRUE
"128346"	"C1orf162"	"intermediate_confidence"	""	TRUE	5	144	-1.0024802936337	-1.46214712330974	-0.542813463957662	-1.95002821920836	-0.0549323680590381	0.038466853844165	73.5038209061485	0.0890627680001682	"default"	0.16555948785571	0.00375449863605224	16.5624077867267	0.00235029923452682	0	1	1	"down"	6	TRUE	FALSE	-1.10760783911017	-0.879444989973512	0.116648952401391	TRUE	FALSE	FALSE	-1.04358982809253	2.56464446437066e-40	75.8489221403807	TRUE	TRUE	-0.948826580462945	0.0323476511283474	68.7365901534546	TRUE	TRUE	TRUE	FALSE	TRUE	FALSE	FALSE	FALSE	FALSE	FALSE	FALSE	FALSE	FALSE	FALSE	FALSE	TRUE	FALSE	TRUE	TRUE
"129531"	"MITD1"	"intermediate_confidence"	""	TRUE	5	144	0.595438001816836	0.407276507754663	0.78359949587901	0.240859551063074	0.950016452570598	0.0226740972051733	50.974407424055	0.0117168583468205	"default"	0.06777065165449	0.000925478477920415	6.70636292436907	0.152243431864164	1	0	1	"up"	6	TRUE	FALSE	0.525201746431189	0.645904047513302	0.0944745934901456	FALSE	FALSE	FALSE	0.561960765958385	4.08876067769356e-38	40.3551515909596	FALSE	TRUE	0.655212818192506	0.0297083792321598	77.0457503726443	TRUE	TRUE	TRUE	FALSE	TRUE	FALSE	FALSE	FALSE	FALSE	FALSE	FALSE	FALSE	FALSE	FALSE	FALSE	TRUE	FALSE	TRUE	TRUE
"130"	"ADH6"	"high_confidence"	""	TRUE	6	167	-1.18143324900199	-1.59341926314829	-0.769447234855687	-1.84316517987134	-0.519701318132642	0.0204871019546206	47.5714066466307	0.0405812797982092	"default"	0.160269557823402	0.000721905690609884	11.8731948061824	0.0365672280445333	0.166666666666667	0.833333333333333	0.833333333333333	"down"	6	TRUE	FALSE	-1.29438284596094	-1.10605908335298	0.10137462680043	TRUE	FALSE	FALSE	-1.19015260676134	1.67697957156888e-47	57.8883351817282	TRUE	TRUE	-1.27027428487021	0.0119354784754949	0.00167403449077435	TRUE	TRUE	TRUE	TRUE	FALSE	FALSE	FALSE	FALSE	FALSE	FALSE	FALSE	FALSE	FALSE	TRUE	FALSE	FALSE	FALSE	TRUE	TRUE
"132158"	"GLYCTK"	"high_confidence"	""	TRUE	5	144	-0.637961728728784	-0.931062992579252	-0.344860464878316	-1.06955098691374	-0.206372470543828	0.0385018662795669	34.5197895161296	0.0130192667290988	"default"	0.105567102083795	0.00378174825666364	7.67550470384021	0.104214695373258	0	1	1	"down"	6	TRUE	FALSE	-0.694922518669079	-0.575692981006337	0.140793988837673	TRUE	FALSE	FALSE	-0.624934917628903	1.02551953152992e-19	47.8861631340185	TRUE	TRUE	-0.643452185998422	0.0249880655728127	6.91517857854326	TRUE	TRUE	TRUE	TRUE	FALSE	FALSE	FALSE	FALSE	FALSE	FALSE	FALSE	FALSE	FALSE	TRUE	FALSE	FALSE	FALSE	TRUE	TRUE
"132671"	"SPATA18"	"exploratory_only"	"I2_ge_75"	TRUE	5	144	-0.756710316031603	-1.02058435283514	-0.49283627922807	-1.36410393589091	-0.149316696172294	0.025622457923278	76.6556884924882	0.0388262020242049	"default"	0.0950402499619147	0.00134808552726455	19.0620555295238	0.000764184091862856	0	1	1	"down"	6	TRUE	FALSE	-0.864926279738858	-0.702570855672595	0.104392687174952	TRUE	FALSE	FALSE	-0.724125470227713	6.46416589084249e-52	79.0159041672884	TRUE	TRUE	-0.759002046979755	0.0245908069442353	77.9972526476672	TRUE	TRUE	TRUE	FALSE	TRUE	TRUE	FALSE	FALSE	FALSE	FALSE	FALSE	FALSE	FALSE	FALSE	TRUE	FALSE	FALSE	TRUE	TRUE
"133686"	"NADK2"	"high_confidence"	""	TRUE	5	144	-0.714056252356545	-0.922985633695168	-0.505126871017923	-0.923032119421001	-0.505080385292089	0.0202537951366368	0.0126110609837664	2.52010861797197e-06	"default"	0.0752506797081941	0.000688293112221494	6.98909307988836	0.136465730006671	0	1	1	"down"	6	TRUE	FALSE	-0.736448209609667	-0.66870511587588	0.105048317174859	FALSE	FALSE	FALSE	-0.714060741977617	8.15319779712934e-35	42.767967828182	TRUE	TRUE	-0.710419621105036	0.0224282077210763	0.00351496499456353	TRUE	TRUE	TRUE	TRUE	FALSE	FALSE	FALSE	FALSE	FALSE	FALSE	FALSE	FALSE	FALSE	TRUE	FALSE	FALSE	FALSE	TRUE	TRUE
"134526"	"ACOT12"	"high_confidence"	""	TRUE	5	144	-1.1225130085351	-1.43020924475654	-0.814816772313653	-1.43020924475654	-0.814816772313653	0.0192060376209246	0	0	"default"	0.110823814108698	0.000534824131998294	4.07802217069015	0.395549665282824	0	1	1	"down"	6	TRUE	FALSE	-1.26167903835464	-1.05532527029833	0.0971796518837971	FALSE	FALSE	FALSE	-1.1225130085351	1.37127562538116e-23	1.91323556921673	TRUE	TRUE	-1.19857356639307	0.0199784347748407	25.6233582460163	TRUE	TRUE	TRUE	TRUE	FALSE	FALSE	FALSE	FALSE	FALSE	FALSE	FALSE	FALSE	FALSE	TRUE	FALSE	FALSE	FALSE	TRUE	TRUE
"134548"	"SOWAHA"	"high_confidence"	""	TRUE	5	144	0.786257843673467	0.534862858035939	1.037652829311	0.534780297324901	1.03773539002203	0.0231664314071635	0.0164987526018114	5.38583638981567e-06	"default"	0.0905456351962048	0.000968072105729513	5.67779888142093	0.224537237002958	1	0	1	"up"	6	TRUE	FALSE	0.753490006214896	0.855348813295367	0.102254031353629	FALSE	FALSE	FALSE	0.786252397294385	4.09842992074555e-24	29.5501640065322	TRUE	TRUE	0.750927760726481	0.023048671822157	0.0103740203438799	TRUE	TRUE	TRUE	TRUE	FALSE	FALSE	FALSE	FALSE	FALSE	FALSE	FALSE	FALSE	FALSE	TRUE	FALSE	FALSE	FALSE	TRUE	TRUE
"1369"	"CPN1"	"high_confidence"	""	TRUE	6	167	-0.642231123835482	-0.912660186300986	-0.371802061369977	-1.07985672577795	-0.204605521893016	0.0284303245428039	31.4160601662401	0.0179155936622825	"default"	0.10520149902116	0.00170828151505193	7.5647677246501	0.181909668606384	0	1	1	"down"	6	TRUE	FALSE	-0.709149713517726	-0.570692735758194	0.122734422078789	TRUE	FALSE	FALSE	-0.667094609081531	1.37297378293788e-17	33.9041173239555	TRUE	TRUE	-0.665220817166413	0.0229802151805612	24.6648509113804	TRUE	TRUE	TRUE	TRUE	FALSE	FALSE	FALSE	FALSE	FALSE	FALSE	FALSE	FALSE	FALSE	TRUE	FALSE	FALSE	FALSE	TRUE	TRUE
"1373"	"CPS1"	"high_confidence"	""	TRUE	6	167	-1.07617466464764	-1.6141252203984	-0.538224108896868	-1.95750463396793	-0.194844695327345	0.0378143586112641	34.9806058996058	0.0737529896193808	"default"	0.209271904240934	0.00363778354908362	8.60787589766792	0.125764498506977	0	1	1	"down"	6	TRUE	FALSE	-1.26302908225952	-1.00214230922115	0.129835489317995	TRUE	FALSE	FALSE	-1.05355671713723	8.47154460428073e-13	41.9136607051385	TRUE	TRUE	-1.235133501254	0.0160290045049432	0.000990189245828108	TRUE	TRUE	TRUE	TRUE	FALSE	FALSE	FALSE	FALSE	FALSE	FALSE	FALSE	FALSE	FALSE	TRUE	FALSE	FALSE	FALSE	TRUE	TRUE
"140809"	"SRXN1"	"high_confidence"	""	TRUE	5	144	1.1520181734584	0.841444921395107	1.46259142552168	0.596703538261768	1.70733280865502	0.019055912442021	41.3944428043262	0.0274910224271944	"default"	0.111860036952239	0.00050141534973139	6.53562352321046	0.162559606745495	1	0	1	"up"	6	TRUE	FALSE	1.06866627530754	1.24878466901703	0.0811120916101908	FALSE	FALSE	FALSE	1.14000718319765	2.13262232457707e-38	38.7969642713587	TRUE	TRUE	1.11796205018748	0.0145459082993753	17.9472299263596	TRUE	TRUE	TRUE	TRUE	FALSE	FALSE	FALSE	FALSE	FALSE	FALSE	FALSE	FALSE	FALSE	TRUE	FALSE	FALSE	FALSE	TRUE	TRUE
"140828"	"LINC00261"	"high_confidence"	""	TRUE	5	144	-0.881509426654241	-1.2477163270407	-0.515302526267779	-1.3900370549316	-0.37298179837688	0.0331473260826734	33.1618145990477	0.0161497663614226	"default"	0.131897763691018	0.0026061600661271	8.68813096160219	0.0693854011617263	0	1	1	"down"	6	TRUE	FALSE	-0.940292677006495	-0.8062059052278	0.140809629130594	TRUE	FALSE	FALSE	-0.889256240843118	5.65413283794257e-30	53.960178343555	TRUE	TRUE	-0.935004148043362	0.0294186294229928	38.9113550449906	TRUE	TRUE	TRUE	TRUE	FALSE	FALSE	FALSE	FALSE	FALSE	FALSE	FALSE	FALSE	FALSE	TRUE	FALSE	FALSE	FALSE	TRUE	TRUE
"142"	"PARP1"	"exploratory_only"	"I2_ge_75"	TRUE	6	167	0.606548317645185	0.31245920241382	0.900637432876549	-0.0277478168291373	1.24084445211951	0.0359856582262706	80.0970956195768	0.0477978798028635	"default"	0.114405661455461	0.00318751862945057	17.6029879513509	0.00348742196143501	0.833333333333333	0.166666666666667	0.833333333333333	"up"	6	TRUE	FALSE	0.5462508196967	0.70538787601594	0.120185824088649	TRUE	FALSE	FALSE	0.681598298214482	1.10068179215434e-54	71.5957312825618	TRUE	TRUE	0.620672903958164	0.0297444180075499	78.1182636645243	TRUE	TRUE	FALSE	FALSE	TRUE	TRUE	FALSE	FALSE	FALSE	FALSE	FALSE	FALSE	FALSE	FALSE	TRUE	FALSE	FALSE	TRUE	TRUE
"143941"	"TTC36"	"exploratory_only"	"I2_ge_75"	TRUE	5	144	-2.32571088864602	-3.39586752646316	-1.25555425082887	-4.86759284695577	0.216171069663742	0.0385049319461766	95.7028090640233	0.689605889254101	"default"	0.385441309757465	0.00380316869725365	107.151901181033	2.94619579075519e-22	0	1	1	"down"	6	TRUE	FALSE	-2.63708674700669	-2.14273448047499	0.12044967411795	TRUE	FALSE	FALSE	-1.6464223224168	9.31667493520415e-136	96.2669817745539	TRUE	TRUE	-2.33630042365946	0.0360439455760644	96.7700338881015	TRUE	TRUE	FALSE	FALSE	TRUE	TRUE	FALSE	FALSE	FALSE	FALSE	FALSE	FALSE	FALSE	FALSE	TRUE	FALSE	FALSE	TRUE	TRUE
"144193"	"AMDHD1"	"exploratory_only"	"I2_ge_75"	TRUE	5	144	-1.23683820694359	-1.85494582561265	-0.618730588274535	-2.41660566100411	-0.0570707528830807	0.0438556324401874	76.4980644079292	0.13099499329787	"default"	0.222625550028667	0.00513772409089794	12.1074742497231	0.0165696998817709	0	1	1	"down"	6	TRUE	FALSE	-1.37144268463359	-1.05174553533405	0.139629654065889	TRUE	FALSE	FALSE	-1.12260100169045	2.23626920978088e-40	66.9625562070348	TRUE	TRUE	-1.13025133865421	0.0171375347663044	0.00308763812438508	TRUE	TRUE	TRUE	FALSE	TRUE	TRUE	FALSE	FALSE	FALSE	FALSE	FALSE	FALSE	FALSE	FALSE	TRUE	FALSE	FALSE	TRUE	TRUE
"144363"	"ETFRF1"	"high_confidence"	""	TRUE	5	144	-0.627337478422432	-0.825861146334204	-0.428813810510661	-0.964116681875367	-0.290558274969498	0.0226928507758394	42.609882918311	0.0096007225527447	"default"	0.0715028247956764	0.000930533657512074	6.91154445737927	0.140637187513623	0	1	1	"down"	6	TRUE	FALSE	-0.663315573619031	-0.56965427819507	0.102362020157437	FALSE	FALSE	FALSE	-0.620775954802422	2.89996394499106e-35	42.1258153706972	TRUE	TRUE	-0.587856897965142	0.0249880655728127	44.4035027494195	TRUE	TRUE	TRUE	TRUE	FALSE	FALSE	FALSE	FALSE	FALSE	FALSE	FALSE	FALSE	FALSE	TRUE	FALSE	FALSE	FALSE	TRUE	TRUE
"150468"	"CKAP2L"	"exploratory_only"	"I2_ge_75"	TRUE	5	144	0.91023848573921	0.449350504746524	1.3711264667319	-0.132884797897214	1.95336176937563	0.0444167791768675	84.1623480501083	0.113598197697002	"default"	0.165999313341314	0.00538659510263611	26.8967760775538	2.08573284961398e-05	1	0	1	"up"	6	TRUE	FALSE	0.793548129123179	1.01965028478829	0.133878707943376	TRUE	FALSE	FALSE	0.950050626852766	2.03205132040331e-48	85.1283291779415	TRUE	TRUE	0.934613535159263	0.0269237136567271	76.5093115591371	TRUE	TRUE	FALSE	FALSE	TRUE	TRUE	FALSE	FALSE	FALSE	FALSE	FALSE	FALSE	FALSE	FALSE	TRUE	FALSE	FALSE	TRUE	TRUE
"154467"	"CCDC167"	"high_confidence"	""	TRUE	5	144	0.592316425299329	0.433152785874949	0.751480064723709	0.292075082983053	0.892557767615605	0.0189508407128152	39.9092594213181	0.00840767465049837	"default"	0.0573264132348265	0.000495119675329008	5.64946488001038	0.226900445109616	1	0	1	"up"	6	TRUE	FALSE	0.533416410315201	0.645666463685053	0.0799142723648224	FALSE	FALSE	FALSE	0.584699268688495	2.6644420804191e-33	29.196833948764	FALSE	TRUE	0.59158155187689	0.013273408447276	18.7776205963184	TRUE	TRUE	TRUE	TRUE	FALSE	FALSE	FALSE	FALSE	FALSE	FALSE	FALSE	FALSE	FALSE	TRUE	FALSE	FALSE	FALSE	TRUE	TRUE
"154661"	"RUNDC3B"	"intermediate_confidence"	""	TRUE	5	144	-0.952996989696355	-1.38252824191889	-0.523465737473819	-1.77262126436418	-0.133372715028527	0.037290842144754	60.2761719823799	0.0632130162792296	"default"	0.154705472626997	0.00352464777542367	8.9303684831331	0.0628636987981537	0	1	1	"down"	6	TRUE	FALSE	-1.02875585647873	-0.841780416067032	0.135537978797768	TRUE	FALSE	FALSE	-0.92107595809891	2.41482298936059e-28	55.2090150865009	TRUE	TRUE	-0.96437296733097	0.0208084299200535	22.1765751687617	TRUE	TRUE	TRUE	FALSE	TRUE	FALSE	FALSE	FALSE	FALSE	FALSE	FALSE	FALSE	FALSE	FALSE	FALSE	TRUE	FALSE	TRUE	TRUE
"1548"	"CYP2A6"	"high_confidence"	""	TRUE	4	139	-2.54231700046073	-3.17116984960096	-1.91346415132051	-3.49404683242334	-1.59058716849813	0.023434351427024	29.2161143903515	0.0503885818202203	"default"	0.197600458520277	0.00101339840872006	4.00802012633669	0.260599402499979	0	1	1	"down"	6	TRUE	FALSE	-2.62816287392699	-2.32795564314459	0.113718468515087	FALSE	FALSE	FALSE	-2.56217020568556	1.12635164549496e-47	25.1500764607688	TRUE	TRUE	-2.55670720637219	0.021396643147651	16.0740957334846	TRUE	TRUE	TRUE	TRUE	FALSE	FALSE	FALSE	FALSE	FALSE	FALSE	FALSE	FALSE	FALSE	TRUE	FALSE	FALSE	FALSE	TRUE	TRUE
"1557"	"CYP2C19"	"exploratory_only"	"I2_ge_75"	TRUE	6	167	-1.18712073425778	-1.86144683959834	-0.512794628917211	-2.49161045175934	0.117368983243788	0.0476605195041904	79.1955260030846	0.188710396658477	"default"	0.262324309614381	0.0062518512970089	17.3507352957372	0.00388048235966953	0.166666666666667	0.833333333333333	0.833333333333333	"down"	6	TRUE	FALSE	-1.29275937097506	-0.950284699003724	0.139649835726302	TRUE	FALSE	FALSE	-1.02566358364842	1.67289765719583e-36	71.1827774744022	TRUE	TRUE	-1.20669086664177	0.0408006157670088	83.69594452422	TRUE	TRUE	FALSE	FALSE	TRUE	TRUE	FALSE	FALSE	FALSE	FALSE	FALSE	FALSE	FALSE	FALSE	TRUE	FALSE	FALSE	TRUE	TRUE
"1559"	"CYP2C9"	"high_confidence"	""	TRUE	6	167	-1.7035066795717	-2.26220300045096	-1.14481035869243	-2.46474973685391	-0.942263622289488	0.0192060376209246	30.6376567941775	0.0404591138625438	"default"	0.217342359279905	0.000542495729269738	12.0627785856167	0.0339376211777384	0.166666666666667	0.833333333333333	0.833333333333333	"down"	6	TRUE	FALSE	-1.80404212449519	-1.55664605565872	0.118999689499615	TRUE	FALSE	FALSE	-1.73561776523231	2.1507981076772e-47	58.5501800890065	TRUE	TRUE	-1.7656584053293	0.0125914189673651	0.00101028392583576	TRUE	TRUE	TRUE	TRUE	FALSE	FALSE	FALSE	FALSE	FALSE	FALSE	FALSE	FALSE	FALSE	TRUE	FALSE	FALSE	FALSE	TRUE	TRUE
"161247"	"FITM1"	"exploratory_only"	"I2_ge_75"	TRUE	5	144	-0.76316598378069	-1.07756834561395	-0.448763621947433	-1.47911792881286	-0.047214038748524	0.0328980491115953	80.6768245133286	0.0536719763935161	"default"	0.113239178129134	0.00252616213119656	18.5348359254006	0.000969778962756167	0	1	1	"down"	6	TRUE	FALSE	-0.869686388401028	-0.689238307381507	0.117270497323866	TRUE	FALSE	FALSE	-0.772145076348139	1.90495859594827e-56	78.4190158677461	TRUE	TRUE	-0.805024853626554	0.0344614662845712	86.2976271528059	TRUE	TRUE	TRUE	FALSE	TRUE	TRUE	FALSE	FALSE	FALSE	FALSE	FALSE	FALSE	FALSE	FALSE	TRUE	FALSE	FALSE	TRUE	TRUE
"1634"	"DCN"	"exploratory_only"	"alternative_optimizer"	TRUE	6	167	-1.48801011651214	-2.07538754221161	-0.900632690812657	-2.4177311682377	-0.558289064786566	0.0250136304978569	60.340047517167	0.0785982994978613	"optim_Nelder-Mead_retry"	0.228499796254913	0.00127583489634321	14.2827483624932	0.0139096875963045	0	1	1	"down"	6	TRUE	FALSE	-1.54134885095691	-1.40505217996511	0.125712297421158	TRUE	FALSE	FALSE	-1.44199606711343	3.02445434982272e-62	64.9927319791607	TRUE	TRUE	-1.37686982953455	0.0114403861926839	5.12325003623231e-05	TRUE	TRUE	TRUE	FALSE	TRUE	FALSE	FALSE	TRUE	TRUE	FALSE	FALSE	FALSE	FALSE	FALSE	TRUE	FALSE	FALSE	TRUE	TRUE
"1647"	"GADD45A"	"high_confidence"	""	TRUE	6	167	-0.884609656029625	-1.19680274398745	-0.5724165680718	-1.35540080624218	-0.413818505817066	0.0209174434440978	29.278903970355	0.0187926500972861	"default"	0.121448414374462	0.000763077685418762	8.46614117804136	0.132348145402515	0	1	1	"down"	6	TRUE	FALSE	-0.963568266777097	-0.849680440469566	0.0971796518837971	FALSE	FALSE	FALSE	-0.891137840677226	1.97865632389108e-25	40.941216371769	TRUE	TRUE	-0.89066884094514	0.0237120920136825	55.5557802878841	TRUE	TRUE	TRUE	TRUE	FALSE	FALSE	FALSE	FALSE	FALSE	FALSE	FALSE	FALSE	FALSE	TRUE	FALSE	FALSE	FALSE	TRUE	TRUE
"166785"	"MMAA"	"intermediate_confidence"	""	TRUE	5	144	-0.653835674535683	-0.898440162693108	-0.409231186378258	-1.06694135208522	-0.240729996986142	0.0287343359437929	64.7288807192312	0.0143767043850106	"default"	0.0880998827239551	0.00175937610024564	12.9560030737296	0.0114927835865925	0	1	1	"down"	6	TRUE	FALSE	-0.702278997860145	-0.615737105915414	0.106639201117624	TRUE	FALSE	FALSE	-0.611702018255206	1.01123598096162e-57	69.1262808658124	TRUE	TRUE	-0.668694666586594	0.0318469513726514	78.1125697352981	TRUE	TRUE	TRUE	FALSE	TRUE	FALSE	FALSE	FALSE	FALSE	FALSE	FALSE	FALSE	FALSE	FALSE	FALSE	TRUE	FALSE	TRUE	TRUE
"170712"	"COX7B2"	"high_confidence"	""	TRUE	5	144	1.28182303563469	0.898950720343754	1.66469535092563	0.898950720343754	1.66469535092563	0.0206186098478502	0	0	"default"	0.137900192794794	0.000745264836399948	3.22797408632311	0.520424536221999	1	0	1	"up"	6	TRUE	FALSE	1.1609765258143	1.35577518713534	0.0944745934901456	FALSE	FALSE	FALSE	1.28182303563469	3.85696604402209e-16	0	TRUE	TRUE	1.25678799100188	0.0173981511000153	0	TRUE	TRUE	TRUE	TRUE	FALSE	FALSE	FALSE	FALSE	FALSE	FALSE	FALSE	FALSE	FALSE	TRUE	FALSE	FALSE	FALSE	TRUE	TRUE
"171425"	"CLYBL"	"high_confidence"	""	TRUE	5	144	-0.694694437270741	-0.787320348021675	-0.602068526519807	-0.787320348021675	-0.602068526519807	0.0115802536922153	0	0	"default"	0.0333613333746555	3.14269139657919e-05	1.86679344761644	0.760242127758331	0	1	1	"down"	6	TRUE	FALSE	-0.708755480972882	-0.669221816461342	0.0639313101161539	FALSE	FALSE	FALSE	-0.694694437270741	2.23284688920517e-44	0	TRUE	TRUE	-0.677681603764326	0.0128442151453025	24.773569650009	TRUE	TRUE	TRUE	TRUE	FALSE	FALSE	FALSE	FALSE	FALSE	FALSE	FALSE	FALSE	FALSE	TRUE	FALSE	FALSE	FALSE	TRUE	TRUE
"1723"	"DHODH"	"high_confidence"	""	TRUE	6	167	-0.623022601426404	-0.892482158659451	-0.353563044193356	-1.05678391079456	-0.189261292058249	0.0296167478647228	44.110038045949	0.0174852189572056	"default"	0.104824345016951	0.00192591589466689	10.6074241194473	0.0597437803420165	0	1	1	"down"	6	TRUE	FALSE	-0.663210822472002	-0.561850716149713	0.118384218065274	TRUE	FALSE	FALSE	-0.607600892108488	6.63923275165853e-27	52.8632027559533	TRUE	TRUE	-0.603913311351307	0.013273408447276	0.0122025814841006	TRUE	TRUE	TRUE	TRUE	FALSE	FALSE	FALSE	FALSE	FALSE	FALSE	FALSE	FALSE	FALSE	TRUE	FALSE	FALSE	FALSE	TRUE	TRUE
"1776"	"DNASE1L3"	"exploratory_only"	"I2_ge_75"	TRUE	6	167	-1.76942530814855	-2.70043941124976	-0.838411205047328	-4.1915775308113	0.652726914514208	0.0418973475000115	95.2982849539781	0.756676245034126	"default"	0.362180301048754	0.00453131477185802	154.625304960452	1.38254664153337e-31	0	1	1	"down"	6	TRUE	FALSE	-2.10337278990224	-1.59335717162301	0.123814878329939	TRUE	FALSE	FALSE	-1.42306068772022	9.23301595384262e-77	96.7663766281471	TRUE	TRUE	-1.76403145647759	0.0387508547143691	96.0999675406941	TRUE	TRUE	FALSE	FALSE	TRUE	TRUE	FALSE	FALSE	FALSE	FALSE	FALSE	FALSE	FALSE	FALSE	TRUE	FALSE	FALSE	TRUE	TRUE
"1786"	"DNMT1"	"intermediate_confidence"	""	TRUE	6	167	0.710644546958904	0.443486581935145	0.977802511982664	0.163746206295186	1.25754288762262	0.023434351427024	59.800233449171	0.0344624960749715	"default"	0.103928986550871	0.00102098757276837	11.0608475367647	0.0501868141766829	1	0	1	"up"	6	TRUE	FALSE	0.659802363623335	0.818717385999987	0.0944745934901456	TRUE	FALSE	FALSE	0.759037937334445	1.09208798527864e-35	54.7955074565427	TRUE	TRUE	0.727080374693551	0.0202264755622321	62.9158011456494	TRUE	TRUE	TRUE	FALSE	TRUE	FALSE	FALSE	FALSE	FALSE	FALSE	FALSE	FALSE	FALSE	FALSE	FALSE	TRUE	FALSE	TRUE	TRUE
"187"	"APLNR"	"high_confidence"	""	TRUE	5	144	-0.636186170364772	-0.848659366131189	-0.423712974598355	-0.992588325907638	-0.279784014821906	0.0243463972657534	32.6996134607519	0.0106215309991809	"default"	0.0765270652636515	0.00114366811580693	5.57885567049385	0.232884467855486	0	1	1	"down"	6	TRUE	FALSE	-0.678323679704125	-0.568167908913346	0.0845187365695279	FALSE	FALSE	FALSE	-0.636767196279261	1.70158027083276e-21	28.3007083127154	TRUE	TRUE	-0.60718709126912	0.0217394788155945	24.224548486655	TRUE	TRUE	TRUE	TRUE	FALSE	FALSE	FALSE	FALSE	FALSE	FALSE	FALSE	FALSE	FALSE	TRUE	FALSE	FALSE	FALSE	TRUE	TRUE
"1893"	"ECM1"	"exploratory_only"	"I2_ge_75"	TRUE	6	167	-1.48616825369422	-2.2640520208538	-0.708284486534646	-3.4103198341626	0.43798332677415	0.0416629427462599	95.8287555189496	0.468720831159948	"default"	0.302609999174379	0.00443130005862223	53.7541837197095	2.35434154154034e-10	0	1	1	"down"	6	TRUE	FALSE	-1.73472116011941	-1.37207259305096	0.129920062383091	TRUE	FALSE	FALSE	-1.59075877265061	4.90407148040289e-186	90.6983984240715	TRUE	TRUE	-1.47984572724783	0.0373354886078528	96.7509680480128	TRUE	TRUE	FALSE	FALSE	TRUE	TRUE	FALSE	FALSE	FALSE	FALSE	FALSE	FALSE	FALSE	FALSE	TRUE	FALSE	FALSE	TRUE	TRUE
"1958"	"EGR1"	"exploratory_only"	"I2_ge_75"	TRUE	6	167	-1.60669261813708	-2.47478308463157	-0.738602151642587	-3.78432515749248	0.570939921218319	0.0435654317396721	90.7166037543061	0.603596886557811	"default"	0.337701937538047	0.00506965331361659	41.9190508911569	6.11680750732831e-08	0	1	1	"down"	6	TRUE	FALSE	-1.97871123774235	-1.45670877625455	0.133710362275968	TRUE	FALSE	FALSE	-1.76040178491611	1.04049945464926e-68	88.0722490282937	TRUE	TRUE	-1.61987630723321	0.0371090396776112	86.865574646368	TRUE	TRUE	FALSE	FALSE	TRUE	TRUE	FALSE	FALSE	FALSE	FALSE	FALSE	FALSE	FALSE	FALSE	TRUE	FALSE	FALSE	TRUE	TRUE
"1969"	"EPHA2"	"exploratory_only"	"I2_ge_75"	TRUE	6	167	-0.758404783501373	-1.17371806458051	-0.343091502422239	-1.74648054016593	0.229670973163183	0.0443988379115687	88.3423071259053	0.121643741197659	"default"	0.161563921179864	0.00536513572217544	27.291173565541	5.00569064522265e-05	0	1	1	"down"	6	TRUE	FALSE	-0.846677788519358	-0.66638215479783	0.138462875170081	TRUE	FALSE	FALSE	-0.767964659903503	1.06047845498044e-54	81.6790582933625	TRUE	TRUE	-0.761138356575918	0.0417818213317104	89.8822095295576	TRUE	TRUE	FALSE	FALSE	TRUE	TRUE	FALSE	FALSE	FALSE	FALSE	FALSE	FALSE	FALSE	FALSE	TRUE	FALSE	FALSE	TRUE	TRUE
"197"	"AHSG"	"high_confidence"	""	TRUE	6	167	-0.602227522429967	-0.774483814787996	-0.429971230071937	-0.774483814787996	-0.429971230071937	0.0167064636610921	0	0	"default"	0.0670106238089827	0.000284620720728811	2.93328098722719	0.710271309116188	0	1	1	"down"	6	TRUE	FALSE	-0.635317124838074	-0.571829572491162	0.0800992691422058	FALSE	FALSE	FALSE	-0.602227522429967	2.37271092526952e-11	0	TRUE	TRUE	-0.615475288909043	0.0164145003554598	0	TRUE	TRUE	TRUE	TRUE	FALSE	FALSE	FALSE	FALSE	FALSE	FALSE	FALSE	FALSE	FALSE	TRUE	FALSE	FALSE	FALSE	TRUE	TRUE
"199920"	"FYB2"	"intermediate_confidence"	""	TRUE	5	144	-0.959441527900755	-1.29991515633043	-0.618967899471078	-1.49476533596268	-0.424117719838831	0.026395845439173	50.307837423532	0.0221373839632248	"default"	0.122629339147486	0.00144071178737833	9.99934040823241	0.0404387941962712	0	1	1	"down"	6	TRUE	FALSE	-1.02037513043189	-0.907071133672357	0.120708068300105	FALSE	FALSE	FALSE	-0.907034203534407	2.30502564900437e-47	59.997361458894	TRUE	TRUE	-0.875708854018685	0.0233824358420756	29.6190112607545	TRUE	TRUE	TRUE	FALSE	TRUE	FALSE	FALSE	FALSE	FALSE	FALSE	FALSE	FALSE	FALSE	FALSE	FALSE	TRUE	FALSE	TRUE	TRUE
"200845"	"KCTD6"	"high_confidence"	""	TRUE	5	144	0.626438214653774	0.537731622952859	0.715144806354689	0.537731622952859	0.715144806354689	0.0115802536922153	0	0	"default"	0.0319497012690244	3.99035446798851e-05	1.60491617507012	0.807908273310243	1	0	1	"up"	6	TRUE	FALSE	0.603106942403265	0.667017121277397	0.0617172421892558	FALSE	FALSE	FALSE	0.626438214653774	3.78696565073696e-34	0	TRUE	TRUE	0.641307107852756	0.00965568388752702	0	TRUE	TRUE	TRUE	TRUE	FALSE	FALSE	FALSE	FALSE	FALSE	FALSE	FALSE	FALSE	FALSE	TRUE	FALSE	FALSE	FALSE	TRUE	TRUE
"201254"	"CENPX"	"high_confidence"	""	TRUE	5	144	0.585420339567463	0.512953743323496	0.65788693581143	0.512953743323496	0.65788693581143	0.0110207519530077	0	0	"default"	0.0261004966776768	2.3396009732642e-05	0.593384455685831	0.963795979700126	1	0	1	"up"	6	TRUE	FALSE	0.570241715980977	0.603089167545948	0.0622985093653561	FALSE	FALSE	FALSE	0.585420339567462	3.42725615618034e-17	0	TRUE	TRUE	0.544791593721067	0.0105305852270107	0	FALSE	TRUE	TRUE	TRUE	FALSE	FALSE	FALSE	FALSE	FALSE	FALSE	FALSE	FALSE	FALSE	TRUE	FALSE	FALSE	FALSE	TRUE	TRUE
"201799"	"TMEM154"	"intermediate_confidence"	""	TRUE	5	144	-0.741373414196669	-1.08146854385436	-0.401278284538979	-1.42870601165396	-0.0540408167393761	0.038466853844165	66.4191534341522	0.0462806745167967	"default"	0.122493014186017	0.0037607259344854	11.3574789649276	0.0228270232873933	0	1	1	"down"	6	TRUE	FALSE	-0.823957580674338	-0.657859482466371	0.133435828805521	TRUE	FALSE	FALSE	-0.722344738745848	4.46924288032069e-26	64.7809165013452	TRUE	TRUE	-0.723310728132245	0.0317205945501379	58.7892628486986	TRUE	TRUE	TRUE	FALSE	TRUE	FALSE	FALSE	FALSE	FALSE	FALSE	FALSE	FALSE	FALSE	FALSE	FALSE	TRUE	FALSE	TRUE	TRUE
"201895"	"SMIM14"	"intermediate_confidence"	""	TRUE	5	144	-0.696498990351458	-1.01181165528471	-0.381186325418205	-1.32021598675692	-0.0727819939459936	0.0375669709214474	68.5361570809724	0.0375683046684169	"default"	0.113567044543022	0.00358238182657169	10.3894442650382	0.0343544241651205	0	1	1	"down"	6	TRUE	FALSE	-0.76648946678222	-0.604910076222199	0.133853023555007	TRUE	FALSE	FALSE	-0.655229705201482	8.95471865765249e-32	61.4993843947893	TRUE	TRUE	-0.728578056313288	0.027195029017482	57.8954587571896	TRUE	TRUE	TRUE	FALSE	TRUE	FALSE	FALSE	FALSE	FALSE	FALSE	FALSE	FALSE	FALSE	FALSE	FALSE	TRUE	FALSE	TRUE	TRUE
"203068"	"TUBB"	"exploratory_only"	"I2_ge_75"	TRUE	6	167	0.603657663508493	0.284142218415371	0.923173108601616	-0.116733891859154	1.32404921887614	0.0421600846176225	78.9848174612648	0.0630872808057737	"default"	0.124296935683446	0.00464703055589772	18.1594628353016	0.00275305182955136	1	0	1	"up"	6	TRUE	FALSE	0.556289079843967	0.689978708774246	0.134078717817037	TRUE	FALSE	FALSE	0.625560494070034	3.82860511835282e-33	72.4661459133025	TRUE	TRUE	0.590682860630051	0.0437747732853642	83.2090025412913	TRUE	TRUE	FALSE	FALSE	TRUE	TRUE	FALSE	FALSE	FALSE	FALSE	FALSE	FALSE	FALSE	FALSE	TRUE	FALSE	FALSE	TRUE	TRUE
"203111"	"ERICH5"	"high_confidence"	""	TRUE	5	144	0.681837083571612	0.462771589239108	0.900902577904116	0.462771589239108	0.900902577904116	0.0232306369190073	0	0	"default"	0.0789014318786246	0.00098618716060697	3.05020764842061	0.549458712840593	1	0	1	"up"	6	TRUE	FALSE	0.643559756996757	0.784794181943101	0.102362020157437	FALSE	FALSE	FALSE	0.681837083571612	2.09878540807162e-13	0	TRUE	TRUE	0.709578530294078	0.0262694364487203	19.6546693108547	TRUE	TRUE	TRUE	TRUE	FALSE	FALSE	FALSE	FALSE	FALSE	FALSE	FALSE	FALSE	FALSE	TRUE	FALSE	FALSE	FALSE	TRUE	TRUE
"203427"	"SLC25A43"	"exploratory_only"	"I2_ge_75"	TRUE	5	144	0.649368960503364	0.373019985645882	0.925717935360847	0.0531930809635253	1.2455448400432	0.0341332626016155	80.6305019868237	0.0362005042074577	"default"	0.0995333832965501	0.00285052893465617	16.5438950261808	0.00236978968597912	1	0	1	"up"	6	TRUE	FALSE	0.553628312885923	0.735145367620101	0.126112375614689	TRUE	FALSE	FALSE	0.569820459571321	1.4543692243824e-55	75.8218968769448	FALSE	TRUE	0.635928386992563	0.0362981081152945	82.9692679878961	TRUE	TRUE	TRUE	FALSE	TRUE	TRUE	FALSE	FALSE	FALSE	FALSE	FALSE	FALSE	FALSE	FALSE	TRUE	FALSE	FALSE	TRUE	TRUE
"2058"	"EPRS1"	"high_confidence"	""	TRUE	5	144	0.757352059865932	0.633618895000019	0.881085224731845	0.604164039151705	0.910540080580159	0.011985402737884	8.94234223388087	0.00105811994710531	"default"	0.0445653201045724	7.03054350546268e-05	3.96060377572622	0.411363804126714	1	0	1	"up"	6	TRUE	FALSE	0.737942792303766	0.806983300130656	0.0659667304156743	FALSE	FALSE	FALSE	0.755433246831724	4.88531012452289e-64	0	TRUE	TRUE	0.778381658817552	0.0123517825912117	28.3623360938093	TRUE	TRUE	TRUE	TRUE	FALSE	FALSE	FALSE	FALSE	FALSE	FALSE	FALSE	FALSE	FALSE	TRUE	FALSE	FALSE	FALSE	TRUE	TRUE
"2114"	"ETS2"	"intermediate_confidence"	""	TRUE	6	167	-0.728701388513261	-1.05984733288045	-0.397555444146074	-1.40749035042324	-0.0499124266032858	0.032509720331531	68.1964888000085	0.0531329617478865	"default"	0.128821397465923	0.00239918103675712	13.3561174564108	0.0202605787951176	0	1	1	"down"	6	TRUE	FALSE	-0.803712020147004	-0.690014175563997	0.116234200820158	TRUE	FALSE	FALSE	-0.73557587026746	3.70928738353676e-31	62.5639710318657	TRUE	TRUE	-0.796914978536208	0.0259789010700947	61.4388170269414	TRUE	TRUE	TRUE	FALSE	TRUE	FALSE	FALSE	FALSE	FALSE	FALSE	FALSE	FALSE	FALSE	FALSE	FALSE	TRUE	FALSE	TRUE	TRUE
"2147"	"F2"	"high_confidence"	""	TRUE	6	167	-0.723000723313057	-0.982197255764778	-0.463804190861336	-0.982225826407549	-0.463775620218565	0.0215047543954605	0.00701226011792613	2.24150782948547e-06	"default"	0.100831854041153	0.000820544539223436	11.1993679512424	0.0475672950819201	0.166666666666667	0.833333333333333	0.833333333333333	"down"	6	TRUE	FALSE	-0.750004615651385	-0.637373281030762	0.208151873827714	TRUE	FALSE	FALSE	-0.723001211923416	7.63995783088872e-26	55.3546233879628	TRUE	TRUE	-0.704651687797788	0.0250423488074301	21.4478956829208	TRUE	TRUE	TRUE	TRUE	FALSE	FALSE	FALSE	FALSE	FALSE	FALSE	FALSE	FALSE	FALSE	TRUE	FALSE	FALSE	FALSE	TRUE	TRUE
"2160"	"F11"	"high_confidence"	""	TRUE	6	167	-0.809096291542939	-1.11480040305907	-0.503392180026811	-1.25755461780173	-0.360637965284149	0.0235541760066957	39.6919635162287	0.0162926215068334	"default"	0.118924092311753	0.00104480534912382	12.154728061459	0.0327280681316976	0.166666666666667	0.833333333333333	0.833333333333333	"down"	6	TRUE	FALSE	-0.864831710789953	-0.761908122721177	0.108647136086506	FALSE	FALSE	FALSE	-0.805047836111088	8.58068156987044e-41	58.8637444234207	TRUE	TRUE	-0.829457827337425	0.0130352695377189	0.0186144970684237	TRUE	TRUE	TRUE	TRUE	FALSE	FALSE	FALSE	FALSE	FALSE	FALSE	FALSE	FALSE	FALSE	TRUE	FALSE	FALSE	FALSE	TRUE	TRUE
"217"	"ALDH2"	"exploratory_only"	"I2_ge_75"	TRUE	6	167	-1.194154974892	-1.71139676405508	-0.676913185728926	-2.19434676502873	-0.193963184755274	0.0297111503173376	75.6325823799578	0.110904455221296	"default"	0.201215842262823	0.00193869405422628	16.0109654243858	0.0068128367758123	0.166666666666667	0.833333333333333	0.833333333333333	"down"	6	TRUE	FALSE	-1.29117903160455	-1.10612128905482	0.121219108019591	TRUE	FALSE	FALSE	-1.24332619085789	2.03748454701902e-63	68.7714021767565	TRUE	TRUE	-1.24011082424142	0.015615766081193	50.2718860207295	TRUE	TRUE	TRUE	FALSE	TRUE	TRUE	FALSE	FALSE	FALSE	FALSE	FALSE	FALSE	FALSE	FALSE	TRUE	FALSE	FALSE	TRUE	TRUE
"2180"	"ACSL1"	"high_confidence"	""	TRUE	5	144	-1.26682780646855	-1.4683538286253	-1.06530178431179	-1.46848244993636	-1.06517316300073	0.0115802536922153	0.0179480810313843	6.72720166934039e-06	"default"	0.0725841911224823	6.32708377676088e-05	3.52917169865661	0.473456609282788	0	1	1	"down"	6	TRUE	FALSE	-1.29227095984463	-1.23749387896065	0.0752583275615324	FALSE	FALSE	FALSE	-1.26681721523823	1.76041283669067e-58	0	TRUE	TRUE	-1.31456830569114	0.0125914189673651	2.39814501468097	TRUE	TRUE	TRUE	TRUE	FALSE	FALSE	FALSE	FALSE	FALSE	FALSE	FALSE	FALSE	FALSE	TRUE	FALSE	FALSE	FALSE	TRUE	TRUE
"2184"	"FAH"	"high_confidence"	""	TRUE	6	167	-0.662421061517516	-0.881642385620375	-0.443199737414658	-0.884097776673899	-0.440744346361134	0.0192928478820556	0.66424822989672	0.000163830956869821	"default"	0.0852808189429197	0.000565851683691574	9.68761653862296	0.0845861106134979	0.166666666666667	0.833333333333333	0.833333333333333	"down"	6	TRUE	FALSE	-0.698531437187527	-0.579742972758848	0.137238888474568	TRUE	FALSE	FALSE	-0.66276417494876	2.05752937391099e-26	48.3877176592838	TRUE	TRUE	-0.643311666855214	0.0390484547468852	70.7348236850388	TRUE	TRUE	TRUE	TRUE	FALSE	FALSE	FALSE	FALSE	FALSE	FALSE	FALSE	FALSE	FALSE	TRUE	FALSE	FALSE	FALSE	TRUE	TRUE
"219"	"ALDH1B1"	"exploratory_only"	"I2_ge_75"	TRUE	6	167	-0.853027291860324	-1.30934776416806	-0.396706819552588	-1.83340989130622	0.127355307585568	0.0427890648715499	82.2611615759758	0.113942810322604	"default"	0.177516415148394	0.00486071501114764	23.2301360666098	0.000305025743021544	0.166666666666667	0.833333333333333	0.833333333333333	"down"	6	TRUE	FALSE	-0.95513428562843	-0.779933306241454	0.13673362808155	TRUE	FALSE	FALSE	-0.903927243128582	4.38507575729531e-48	78.476234552983	TRUE	TRUE	-0.864816009700549	0.0342955829258471	77.1628422080979	TRUE	TRUE	FALSE	FALSE	TRUE	TRUE	FALSE	FALSE	FALSE	FALSE	FALSE	FALSE	FALSE	FALSE	TRUE	FALSE	FALSE	TRUE	TRUE
"2195"	"FAT1"	"high_confidence"	""	TRUE	5	144	0.90486196658154	0.710946905153551	1.09877702800953	0.660955423385636	1.14876850977744	0.0158964558365635	6.25871030022741	0.00283932440627489	"default"	0.0698429301069054	0.000204765270019536	2.70880029077946	0.607675555236883	1	0	1	"up"	6	TRUE	FALSE	0.878203568394802	1.02687256271496	0.0771495122257659	FALSE	FALSE	FALSE	0.896873942906207	2.00167089663323e-25	0	TRUE	TRUE	0.846618278009468	0.0125914189673651	0	TRUE	TRUE	TRUE	TRUE	FALSE	FALSE	FALSE	FALSE	FALSE	FALSE	FALSE	FALSE	FALSE	TRUE	FALSE	FALSE	FALSE	TRUE	TRUE
"221078"	"NSUN6"	"exploratory_only"	"I2_ge_75"	TRUE	5	144	-0.701021678045437	-0.992039415786193	-0.410003940304681	-1.30097836693768	-0.101064989153189	0.0331473260826734	77.7176129887099	0.0357075229663408	"default"	0.104816672656679	0.00259920475088922	15.2975707064606	0.00412220747692189	0	1	1	"down"	6	TRUE	FALSE	-0.769964823783603	-0.615193212998336	0.118860722122893	TRUE	FALSE	FALSE	-0.688564798443455	6.42333891404261e-55	73.8520574491564	TRUE	TRUE	-0.723122544474477	0.0276309100988766	75.0301362447757	TRUE	TRUE	TRUE	FALSE	TRUE	TRUE	FALSE	FALSE	FALSE	FALSE	FALSE	FALSE	FALSE	FALSE	TRUE	FALSE	FALSE	TRUE	TRUE
"221504"	"ZBTB9"	"intermediate_confidence"	""	TRUE	5	144	0.624715835448298	0.441601119336942	0.807830551559654	0.246276621389878	1.00315504950672	0.0202537951366368	63.1790804944997	0.0142288566947635	"default"	0.0659529395227539	0.000693039381653957	10.0400994760092	0.0397576017730969	1	0	1	"up"	6	TRUE	FALSE	0.555466083919831	0.66461008286091	0.0826171561918641	FALSE	FALSE	FALSE	0.598974054529821	3.59429541935003e-52	60.1597572856923	TRUE	TRUE	0.611783216352307	0.0199784347748407	70.2152978824682	TRUE	TRUE	TRUE	FALSE	TRUE	FALSE	FALSE	FALSE	FALSE	FALSE	FALSE	FALSE	FALSE	FALSE	FALSE	TRUE	FALSE	TRUE	TRUE
"2266"	"FGG"	"high_confidence"	""	TRUE	6	167	-0.609406612738417	-0.831241836732747	-0.387571388744087	-0.942547278758084	-0.276265946718751	0.022197228255487	25.1968434932024	0.00934819248641334	"default"	0.0862976704024742	0.00088044871851373	7.38726575448652	0.193394821077966	0	1	1	"down"	6	TRUE	FALSE	-0.652160840907246	-0.555645180464308	0.0999935719626585	FALSE	FALSE	FALSE	-0.609694088133244	1.49541820807884e-20	32.315958756955	TRUE	TRUE	-0.628022845396361	0.0143466117630752	0	TRUE	TRUE	TRUE	TRUE	FALSE	FALSE	FALSE	FALSE	FALSE	FALSE	FALSE	FALSE	FALSE	TRUE	FALSE	FALSE	FALSE	TRUE	TRUE
"2267"	"FGL1"	"high_confidence"	""	TRUE	6	167	-0.650285037335959	-1.01318982278792	-0.287380251883995	-1.12356026091014	-0.177009813761777	0.0461819984108666	19.9049258272142	0.0139665672924281	"default"	0.14117612612871	0.00580757980015982	9.61790381195907	0.086814632700591	0.166666666666667	0.833333333333333	0.833333333333333	"down"	6	TRUE	FALSE	-0.70095975172163	-0.567061376141038	0.150134049939114	TRUE	FALSE	FALSE	-0.641392097527583	9.76908108883537e-12	48.0136202466185	TRUE	TRUE	-0.486166832119536	0.06049098468364	17.0348323032893	FALSE	TRUE	TRUE	TRUE	FALSE	FALSE	FALSE	FALSE	FALSE	FALSE	FALSE	FALSE	FALSE	TRUE	FALSE	FALSE	FALSE	TRUE	TRUE
"22822"	"PHLDA1"	"intermediate_confidence"	""	TRUE	6	167	-0.749756055180773	-1.14452906732642	-0.354983043035125	-1.67141577265296	0.171903662291414	0.0418973475000115	74.7785450080505	0.104967062327851	"default"	0.153573407651473	0.00454479929978142	19.1204639403099	0.00182530749950262	0	1	1	"down"	6	TRUE	FALSE	-0.857593640847383	-0.668527676653301	0.123983037541458	TRUE	FALSE	FALSE	-0.821058174458172	2.95810684369115e-26	73.8500069056433	TRUE	TRUE	-0.752124609296854	0.034185291768255	66.4058695512862	TRUE	TRUE	FALSE	FALSE	TRUE	FALSE	FALSE	FALSE	FALSE	FALSE	FALSE	FALSE	FALSE	FALSE	FALSE	TRUE	FALSE	TRUE	TRUE
"22849"	"CPEB3"	"exploratory_only"	"I2_ge_75"	TRUE	6	167	-0.860842263401598	-1.27197405090108	-0.449710475902112	-1.64862676257969	-0.0730577642235035	0.0348493189287085	81.1205763938445	0.0683387592576569	"default"	0.159937249147221	0.00298458133618492	16.3296921192841	0.00596319176064904	0.166666666666667	0.833333333333333	0.833333333333333	"down"	6	TRUE	FALSE	-0.9747430719268	-0.774583147741715	0.135024648189586	TRUE	FALSE	FALSE	-0.951857788004874	2.21459422690504e-85	69.3809291474919	TRUE	TRUE	-0.943150515141486	0.0163631498247866	65.8958462923787	TRUE	TRUE	TRUE	FALSE	TRUE	TRUE	FALSE	FALSE	FALSE	FALSE	FALSE	FALSE	FALSE	FALSE	TRUE	FALSE	FALSE	TRUE	TRUE
"22889"	"KHDC4"	"intermediate_confidence"	""	TRUE	5	144	0.666462419152729	0.405855614362705	0.927069223942753	0.157476136679758	1.1754487016257	0.0304834200669758	67.927137817836	0.0247969739143694	"default"	0.0938634818682859	0.00207817466536476	12.2024165944686	0.0159078378454802	1	0	1	"up"	6	TRUE	FALSE	0.618581886846502	0.739457691943091	0.122489341697782	TRUE	FALSE	FALSE	0.651141837018696	3.37849684768394e-44	67.2196079437806	TRUE	TRUE	0.667337716306316	0.0291829418902086	66.3050603736742	TRUE	TRUE	TRUE	FALSE	TRUE	FALSE	FALSE	FALSE	FALSE	FALSE	FALSE	FALSE	FALSE	FALSE	FALSE	TRUE	FALSE	TRUE	TRUE
"22977"	"AKR7A3"	"intermediate_confidence"	""	TRUE	5	144	-1.37118154693966	-1.86346343714145	-0.878899656737864	-2.42614074341115	-0.316222350468157	0.0270607022391699	68.4030050604358	0.112937769639657	"default"	0.177306545438333	0.00150572399051471	11.7601530703679	0.0192268650036957	0	1	1	"down"	6	TRUE	FALSE	-1.48103023810806	-1.17493325173669	0.0927328397949656	TRUE	FALSE	FALSE	-1.31261564947312	6.82215221989507e-39	65.9868372795344	TRUE	TRUE	-1.42047504864497	0.0210745169134045	67.4010449898683	TRUE	TRUE	TRUE	FALSE	TRUE	FALSE	FALSE	FALSE	FALSE	FALSE	FALSE	FALSE	FALSE	FALSE	FALSE	TRUE	FALSE	TRUE	TRUE
"23086"	"EXPH5"	"exploratory_only"	"I2_ge_75"	TRUE	5	144	-0.82744199641843	-1.26309890754061	-0.391785085296254	-1.82732008438365	0.172436091546786	0.0474749587573854	86.7405462628794	0.105071512838207	"default"	0.156911768327989	0.00619826696178825	32.6494272219801	1.40907147841998e-06	0	1	1	"down"	6	TRUE	FALSE	-0.951072491999186	-0.652412252529866	0.140530609978456	TRUE	FALSE	FALSE	-0.771787991125986	4.66797076477495e-45	87.7486365295035	TRUE	TRUE	-0.878227845468273	0.0401216457519446	86.8469305363784	TRUE	TRUE	FALSE	FALSE	TRUE	TRUE	FALSE	FALSE	FALSE	FALSE	FALSE	FALSE	FALSE	FALSE	TRUE	FALSE	FALSE	TRUE	TRUE
"23130"	"ATG2A"	"exploratory_only"	"I2_ge_75"	TRUE	5	144	-0.600384825996351	-0.890334081584429	-0.310435570408273	-1.20841045862728	0.00764080663457656	0.0418973475000115	81.5826920507321	0.0370524922826868	"default"	0.104431834450918	0.00453811690754701	19.9754826416815	0.000504995472106841	0	1	1	"down"	6	TRUE	FALSE	-0.64839467093119	-0.488607673688219	0.118860722122893	TRUE	TRUE	TRUE	-0.583224272244236	4.967217730674e-47	79.9754525497499	FALSE	TRUE	-0.597146717722389	0.0354728474814651	80.7158725486784	TRUE	TRUE	FALSE	FALSE	TRUE	TRUE	FALSE	FALSE	FALSE	FALSE	FALSE	FALSE	FALSE	FALSE	TRUE	FALSE	FALSE	TRUE	TRUE
"23234"	"DNAJC9"	"intermediate_confidence"	""	TRUE	5	144	0.62734229448629	0.414825706329116	0.839858882643464	0.164021370885474	1.09066321808711	0.0245956291512756	63.5048944334364	0.0219886795596215	"default"	0.0765426940224105	0.00120734246513145	11.5614371434229	0.0209286657796711	1	0	1	"up"	6	TRUE	FALSE	0.577839421779144	0.715586101572612	0.0976993315678681	TRUE	FALSE	FALSE	0.595191569089919	9.76475137979566e-34	65.4022250834488	TRUE	TRUE	0.626581007714255	0.0143466117630752	36.3081136181628	TRUE	TRUE	TRUE	FALSE	TRUE	FALSE	FALSE	FALSE	FALSE	FALSE	FALSE	FALSE	FALSE	FALSE	FALSE	TRUE	FALSE	TRUE	TRUE
"23240"	"TMEM131L"	"high_confidence"	""	TRUE	5	144	-0.797294105975216	-0.872628715921658	-0.721959496028774	-0.872628715921658	-0.721959496028774	0.0107256483335024	0	0	"default"	0.0271334771954999	7.98643592124134e-06	1.25907456748197	0.868279871031423	0	1	1	"down"	6	TRUE	FALSE	-0.817816624265273	-0.769795352347973	0.0617172421892558	FALSE	FALSE	FALSE	-0.797294105975216	4.17780114714724e-59	0	TRUE	TRUE	-0.828081787163225	0.00558378340081214	0	TRUE	TRUE	TRUE	TRUE	FALSE	FALSE	FALSE	FALSE	FALSE	FALSE	FALSE	FALSE	FALSE	TRUE	FALSE	FALSE	FALSE	TRUE	TRUE
"23316"	"CUX2"	"high_confidence"	""	TRUE	5	144	-1.04737220622225	-1.30874306800778	-0.786001344436724	-1.32312603027877	-0.771618382165735	0.0179169203624088	1.86729837360708	0.00100217893855901	"default"	0.0941386744136288	0.000371350695779535	3.59012457142016	0.464307656043018	0	1	1	"down"	6	TRUE	FALSE	-1.14706882777388	-0.995054440311555	0.0893405829471933	FALSE	FALSE	FALSE	-1.04653878137514	4.97761414697696e-25	0	TRUE	TRUE	-1.07569998204403	0.0154433154026684	9.03825072979062	TRUE	TRUE	TRUE	TRUE	FALSE	FALSE	FALSE	FALSE	FALSE	FALSE	FALSE	FALSE	FALSE	TRUE	FALSE	FALSE	FALSE	TRUE	TRUE
"2354"	"FOSB"	"exploratory_only"	"I2_ge_75"	TRUE	6	167	-2.13804846608782	-3.17646820739955	-1.09962872477609	-4.81637506521633	0.540278133040691	0.0360323115721519	91.215207154528	0.922399875650098	"default"	0.403962918789815	0.00321128288142152	82.4825280269135	2.53633340135207e-16	0	1	1	"down"	6	TRUE	FALSE	-2.62200816498297	-1.97538384577787	0.118745446661701	TRUE	FALSE	FALSE	-1.9566225404947	1.97814825242683e-58	93.938110143316	TRUE	TRUE	-2.13562170072579	0.0342884879164697	92.4061903917064	TRUE	TRUE	FALSE	FALSE	TRUE	TRUE	FALSE	FALSE	FALSE	FALSE	FALSE	FALSE	FALSE	FALSE	TRUE	FALSE	FALSE	TRUE	TRUE
"23557"	"SNAPIN"	"intermediate_confidence"	""	TRUE	5	144	0.588661478766796	0.396726408254304	0.780596549279289	0.230625602412724	0.946697355120869	0.0235541760066957	58.5359487105955	0.0118504080496909	"default"	0.0691297912403059	0.00104337221626544	9.55873787796356	0.0485542066454961	1	0	1	"up"	6	TRUE	FALSE	0.506355313392698	0.639043511941871	0.0893405829471933	FALSE	FALSE	FALSE	0.557159813307152	5.50529147250936e-46	58.1534711897322	FALSE	TRUE	0.619122103337079	0.0219251604715505	65.2311997171522	TRUE	TRUE	TRUE	FALSE	TRUE	FALSE	FALSE	FALSE	FALSE	FALSE	FALSE	FALSE	FALSE	FALSE	FALSE	TRUE	FALSE	TRUE	TRUE
"23645"	"PPP1R15A"	"intermediate_confidence"	""	TRUE	6	167	-0.632323846607318	-0.914197192884729	-0.350450500329906	-1.19085793585653	-0.0737897573581031	0.0313501630485988	61.4264775398427	0.0351863773838139	"default"	0.109653519825654	0.00220326844218644	12.5901833038186	0.0275373188419654	0	1	1	"down"	6	TRUE	FALSE	-0.684469780968363	-0.574211186687226	0.101826146385207	TRUE	FALSE	FALSE	-0.661359749673762	2.7399405649726e-28	60.2865194307099	TRUE	TRUE	-0.659291642634185	0.0370515868257748	73.1807257193975	TRUE	TRUE	TRUE	FALSE	TRUE	FALSE	FALSE	FALSE	FALSE	FALSE	FALSE	FALSE	FALSE	FALSE	FALSE	TRUE	FALSE	TRUE	TRUE
"23710"	"GABARAPL1"	"exploratory_only"	"I2_ge_75"	TRUE	6	167	-0.927813587553224	-1.4644849475553	-0.391142227551144	-2.16764615302271	0.312018977916266	0.0491047427774947	86.5532051186274	0.189041957066686	"default"	0.208774275365263	0.00673915028058691	21.7527850209954	0.000583388685858535	0.166666666666667	0.833333333333333	0.833333333333333	"down"	6	TRUE	FALSE	-1.11505177707002	-0.831706555474653	0.144003009658357	TRUE	FALSE	FALSE	-1.05156418223127	3.10465548807078e-53	77.0144374838711	TRUE	TRUE	-0.924496794739859	0.0542150412166488	91.1297077612029	FALSE	TRUE	FALSE	FALSE	TRUE	TRUE	FALSE	FALSE	FALSE	FALSE	FALSE	FALSE	FALSE	FALSE	TRUE	FALSE	FALSE	TRUE	TRUE
"23729"	"SHPK"	"intermediate_confidence"	""	TRUE	5	144	-0.691781920754739	-0.89286129278352	-0.490702548725958	-1.11753012426109	-0.266033717248389	0.020133384569272	70.2405893009427	0.0182689142751878	"default"	0.0724233198964891	0.000670970166819967	12.4084120588632	0.014559071582039	0	1	1	"down"	6	TRUE	FALSE	-0.739141307225497	-0.606766279661798	0.0871231334168898	FALSE	FALSE	FALSE	-0.662158601724714	1.20534311744188e-66	67.7638042561391	TRUE	TRUE	-0.718761524479785	0.0209860717097424	76.6650480616225	TRUE	TRUE	TRUE	FALSE	TRUE	FALSE	FALSE	FALSE	FALSE	FALSE	FALSE	FALSE	FALSE	FALSE	FALSE	TRUE	FALSE	TRUE	TRUE
"24137"	"KIF4A"	"exploratory_only"	"I2_ge_75"	TRUE	6	167	1.12941544547845	0.531809153157522	1.72702173779938	-0.353270124047672	2.61210101500457	0.0421600846176225	91.285032455767	0.278640072117826	"default"	0.232478999126281	0.00464068803812084	37.1228695586056	5.65919781948184e-07	1	0	1	"up"	6	TRUE	FALSE	0.978538799661605	1.27031160303851	0.119145160051381	TRUE	FALSE	FALSE	0.981380978581207	2.67416014814371e-56	86.5312136172378	TRUE	TRUE	1.17284537194457	0.0414375454371687	93.8066134149534	TRUE	TRUE	FALSE	FALSE	TRUE	TRUE	FALSE	FALSE	FALSE	FALSE	FALSE	FALSE	FALSE	FALSE	TRUE	FALSE	FALSE	TRUE	TRUE
"252839"	"TMEM9"	"high_confidence"	""	TRUE	5	144	0.628784984796789	0.569012092053632	0.688557877539947	0.569012092053632	0.688557877539947	0.0107256483335024	0	0	"default"	0.0215285699801002	8.18119754368291e-06	0.822336934490374	0.935428649707858	1	0	1	"up"	6	TRUE	FALSE	0.610220166417948	0.640548914541076	0.0617172421892558	FALSE	FALSE	FALSE	0.62878498479679	1.22342939598939e-38	0	TRUE	TRUE	0.607754206803711	0.0111201587657379	0	TRUE	TRUE	TRUE	TRUE	FALSE	FALSE	FALSE	FALSE	FALSE	FALSE	FALSE	FALSE	FALSE	TRUE	FALSE	FALSE	FALSE	TRUE	TRUE
"252995"	"FNDC5"	"intermediate_confidence"	""	TRUE	5	144	-0.877335213949898	-1.27032426182357	-0.484346166076229	-1.64114642783964	-0.113524000060159	0.0370088281983207	50.1567078338452	0.0556475287066547	"default"	0.141543964668328	0.00344520941774333	6.7625201003814	0.148982908974765	0	1	1	"down"	6	TRUE	FALSE	-0.987718090179451	-0.732964480934839	0.109566025645017	TRUE	FALSE	FALSE	-0.803735569329839	1.22647003471602e-15	40.850453076296	TRUE	TRUE	-0.956118387383962	0.0430125472156317	69.7396265588826	TRUE	TRUE	TRUE	FALSE	TRUE	FALSE	FALSE	FALSE	FALSE	FALSE	FALSE	FALSE	FALSE	FALSE	FALSE	TRUE	FALSE	TRUE	TRUE
"2542"	"SLC37A4"	"intermediate_confidence"	""	TRUE	5	144	-0.737328664952706	-1.12358371133117	-0.351073618574241	-1.52275816466176	0.0481008347563456	0.0469049727783672	72.3974326256285	0.060672970567424	"default"	0.139118560512994	0.00608716490302497	12.4520349712895	0.0142880831813962	0	1	1	"down"	6	TRUE	FALSE	-0.819402810856284	-0.634730679675727	0.145007035329153	TRUE	FALSE	FALSE	-0.683078396562955	1.50831475566266e-24	67.8767365396679	TRUE	TRUE	-0.70098879414682	0.036519026675705	57.7839860310413	TRUE	TRUE	FALSE	FALSE	TRUE	FALSE	FALSE	FALSE	FALSE	FALSE	FALSE	FALSE	FALSE	FALSE	FALSE	TRUE	FALSE	TRUE	TRUE
"254295"	"PHYHD1"	"intermediate_confidence"	""	TRUE	5	144	-0.907631361380325	-1.2750196736102	-0.540243049150454	-1.67651718091397	-0.13874554184668	0.0322829974321606	69.7907239204106	0.0591817483057209	"default"	0.132323276099384	0.00236535094336274	10.4580856156658	0.0333792733756553	0	1	1	"down"	6	TRUE	FALSE	-0.997447271773097	-0.761978213022403	0.108066884947506	TRUE	FALSE	FALSE	-0.814492770556077	5.60817198989357e-37	61.7520821018317	TRUE	TRUE	-0.903787773981786	0.0266673138914444	72.5226594100949	TRUE	TRUE	TRUE	FALSE	TRUE	FALSE	FALSE	FALSE	FALSE	FALSE	FALSE	FALSE	FALSE	FALSE	FALSE	TRUE	FALSE	TRUE	TRUE
"254863"	"TMEM256"	"high_confidence"	""	TRUE	5	144	-0.744053403345713	-0.84473978982607	-0.643367016865357	-0.84473978982607	-0.643367016865357	0.0115802536922153	0	0	"default"	0.0362644974654321	3.33284271052417e-05	2.4502292601459	0.65356963365756	0	1	1	"down"	6	TRUE	FALSE	-0.770276112594426	-0.724788114056097	0.0622985093653561	FALSE	FALSE	FALSE	-0.744053403345713	3.78536867302006e-56	0	TRUE	TRUE	-0.751862107438413	0.00941659797568599	0	TRUE	TRUE	TRUE	TRUE	FALSE	FALSE	FALSE	FALSE	FALSE	FALSE	FALSE	FALSE	FALSE	TRUE	FALSE	FALSE	FALSE	TRUE	TRUE
"255043"	"TMEM86B"	"high_confidence"	""	TRUE	5	144	-0.711562087436147	-0.951473572709485	-0.471650602162808	-1.03555859662418	-0.387565578248109	0.0245955112414832	17.7014342727394	0.00615104240772045	"default"	0.0864095907476073	0.00118580593303911	5.3006575387358	0.257815379890677	0	1	1	"down"	6	TRUE	FALSE	-0.764408715324572	-0.640049631956725	0.112482843424513	FALSE	FALSE	FALSE	-0.723842553691604	8.66343040615146e-25	24.5376640394318	TRUE	TRUE	-0.78247146352927	0.0166807981060215	2.28572729627025	TRUE	TRUE	TRUE	TRUE	FALSE	FALSE	FALSE	FALSE	FALSE	FALSE	FALSE	FALSE	FALSE	TRUE	FALSE	FALSE	FALSE	TRUE	TRUE
"255167"	"LINC01018"	"exploratory_only"	"unresolved_boundary_warning"	TRUE	5	144	-0.973290486246649	-1.36886580956703	-0.577715162926262	-1.36886580956703	-0.577715162926262	0.0325188200302475	0	0	"default"	0.142475470730478	0.00240166927821157	10.4785987707452	0.0330930665847288	0	1	1	"down"	6	TRUE	FALSE	-1.31715001603451	-0.926662209890362	0.172325914872318	TRUE	TRUE	TRUE	-0.973290486246649	2.37191752628531e-27	61.8269571388929	TRUE	TRUE	-1.18569473791927	0.0435492353825893	67.1895767810432	TRUE	TRUE	TRUE	TRUE	FALSE	FALSE	TRUE	FALSE	TRUE	FALSE	FALSE	FALSE	FALSE	FALSE	TRUE	FALSE	FALSE	TRUE	TRUE
"256764"	"WDR72"	"high_confidence"	""	TRUE	5	144	-0.898714393175533	-1.05149035192343	-0.745938434427636	-1.05149035192343	-0.745938434427636	0.0127759792996141	0	0	"default"	0.0550257444175234	8.22529732405339e-05	2.15147585079133	0.7079221080378	0	1	1	"down"	6	TRUE	FALSE	-0.940026545716837	-0.856169903374128	0.0629178810209432	FALSE	FALSE	FALSE	-0.898714393175532	7.3620221513523e-32	0	TRUE	TRUE	-0.905330024173439	0.0120407244932142	0	TRUE	TRUE	TRUE	TRUE	FALSE	FALSE	FALSE	FALSE	FALSE	FALSE	FALSE	FALSE	FALSE	TRUE	FALSE	FALSE	FALSE	TRUE	TRUE
"25854"	"FAM149A"	"exploratory_only"	"I2_ge_75"	TRUE	5	144	-0.930829287139302	-1.32848846138419	-0.533170112894411	-1.77157794202382	-0.0900806322547849	0.0343633978980987	78.3090013239453	0.0711831079795378	"default"	0.143226017147046	0.00289161828822382	12.8926459431524	0.0118124334281745	0	1	1	"down"	6	TRUE	FALSE	-1.04528113800604	-0.783873676587286	0.10831840435559	TRUE	FALSE	FALSE	-0.763913340154431	1.9147263139832e-42	68.9745610200018	TRUE	TRUE	-0.945536570735451	0.027882017495717	77.8455355635211	TRUE	TRUE	TRUE	FALSE	TRUE	TRUE	FALSE	FALSE	FALSE	FALSE	FALSE	FALSE	FALSE	FALSE	TRUE	FALSE	FALSE	TRUE	TRUE
"25891"	"PAMR1"	"intermediate_confidence"	""	TRUE	5	144	-0.974651397760365	-1.22716532503359	-0.72213747048714	-1.52046941180876	-0.428833383711968	0.01826882088407	73.2317940176435	0.0303755001583231	"default"	0.0909486475351136	0.000429674502357178	13.0901772552591	0.0108434747120671	0	1	1	"down"	6	TRUE	FALSE	-1.04721704018563	-0.920331848947862	0.0885735462506947	FALSE	FALSE	FALSE	-0.923239444119323	3.46001765391193e-102	69.4427361677401	TRUE	TRUE	-0.984148202455897	0.0159042287160367	81.3275142029857	TRUE	TRUE	TRUE	FALSE	TRUE	FALSE	FALSE	FALSE	FALSE	FALSE	FALSE	FALSE	FALSE	FALSE	FALSE	TRUE	FALSE	TRUE	TRUE
"25903"	"OLFML2B"	"intermediate_confidence"	""	TRUE	5	144	0.629426057186168	0.3313454809529	0.927506633419436	0.0504147803712391	1.2084373340011	0.0407090452218885	61.7015453444353	0.0319643661535784	"default"	0.107360514953179	0.00422555340906529	10.3170830589119	0.0354121058321392	1	0	1	"up"	6	TRUE	FALSE	0.557967285567619	0.690625471108362	0.133823760192513	TRUE	FALSE	FALSE	0.617313431642299	4.00032939272457e-23	61.2293515797106	TRUE	TRUE	0.70619091574183	0.0396135068165163	74.9240720975676	TRUE	TRUE	TRUE	FALSE	TRUE	FALSE	FALSE	FALSE	FALSE	FALSE	FALSE	FALSE	FALSE	FALSE	FALSE	TRUE	FALSE	TRUE	TRUE
"259266"	"ASPM"	"high_confidence"	""	TRUE	6	167	1.75681571137616	1.36501417497822	2.1486172477741	1.11534980814631	2.398281614606	0.0127759792996141	44.2534994593213	0.0390396969485882	"default"	0.152417453109776	8.61876801694288e-05	10.8825610821611	0.0537588164093548	1	0	1	"up"	6	TRUE	FALSE	1.6816245263155	1.88120826234483	0.0659667304156743	FALSE	FALSE	FALSE	1.76163657310701	1.79284260472916e-91	54.0549328209505	TRUE	TRUE	1.72133919587686	0.0191769186641152	83.8205653883105	TRUE	TRUE	TRUE	TRUE	FALSE	FALSE	FALSE	FALSE	FALSE	FALSE	FALSE	FALSE	FALSE	TRUE	FALSE	FALSE	FALSE	TRUE	TRUE
"25987"	"TSKU"	"intermediate_confidence"	""	TRUE	5	144	-0.761525907555659	-1.14587989530737	-0.377171919803949	-1.56290143853767	0.0398496234263529	0.0442480793245133	58.7471738270105	0.0641454624495498	"default"	0.138433850909625	0.00532460127737439	9.50087109102447	0.0497293515115742	0	1	1	"down"	6	TRUE	FALSE	-0.869864373611119	-0.609689108738583	0.125268381845837	TRUE	FALSE	FALSE	-0.746142607895289	3.00513233959137e-15	57.8985972793712	TRUE	TRUE	-0.791703583175578	0.0342955829258471	48.6923812190539	TRUE	TRUE	FALSE	FALSE	TRUE	FALSE	FALSE	FALSE	FALSE	FALSE	FALSE	FALSE	FALSE	FALSE	FALSE	TRUE	FALSE	TRUE	TRUE
"26007"	"TKFC"	"exploratory_only"	"I2_ge_75"	TRUE	5	144	-1.39294328152507	-2.10328268377755	-0.682603879272595	-2.98465778096486	0.198771217914707	0.0450895138919308	86.8790544605163	0.263207391675137	"default"	0.25584492951892	0.00552661416083219	23.460793014135	0.000102422520013536	0	1	1	"down"	6	TRUE	FALSE	-1.52593645034886	-1.19657395343077	0.144039604687403	TRUE	FALSE	FALSE	-1.33826387369494	6.40442079284265e-51	82.9502779484477	TRUE	TRUE	-1.35063440770835	0.0369945420428861	80.8553037992997	TRUE	TRUE	FALSE	FALSE	TRUE	TRUE	FALSE	FALSE	FALSE	FALSE	FALSE	FALSE	FALSE	FALSE	TRUE	FALSE	FALSE	TRUE	TRUE
"26022"	"TMEM98"	"intermediate_confidence"	""	TRUE	5	144	0.621009792964563	0.290568016934491	0.951451568994634	-0.0606241221366604	1.30264370806579	0.0482249769148412	56.7799155516324	0.0461083517515379	"default"	0.119016138806941	0.00643687833253239	8.42346387691847	0.0772413987745773	1	0	1	"up"	6	TRUE	FALSE	0.530290031573104	0.733312202103199	0.156138046921056	TRUE	FALSE	FALSE	0.597699307729447	9.7932525536436e-14	52.5135970374305	TRUE	TRUE	0.611861770525262	0.0466066841728018	61.3507854646253	TRUE	TRUE	FALSE	FALSE	TRUE	FALSE	FALSE	FALSE	FALSE	FALSE	FALSE	FALSE	FALSE	FALSE	FALSE	TRUE	FALSE	TRUE	TRUE
"2617"	"GARS1"	"high_confidence"	""	TRUE	5	144	0.657003125652263	0.470964967796878	0.843041283507647	0.421043065999958	0.892963185304568	0.0196395017563344	17.3433250367266	0.00273289883673852	"default"	0.0670058837133505	0.000606460759261803	6.63688227176631	0.156367441526736	1	0	1	"up"	6	TRUE	FALSE	0.638564534519267	0.703409478456751	0.100856888789141	FALSE	FALSE	FALSE	0.65434811073797	2.40650533582926e-40	39.7307374726797	TRUE	TRUE	0.675188854473935	0.0125663523137871	0.00416447661893835	TRUE	TRUE	TRUE	TRUE	FALSE	FALSE	FALSE	FALSE	FALSE	FALSE	FALSE	FALSE	FALSE	TRUE	FALSE	FALSE	FALSE	TRUE	TRUE
"26256"	"CABYR"	"high_confidence"	""	TRUE	5	144	0.610066445255803	0.332330665129457	0.887802225382149	0.136693367542804	1.0834395229688	0.0379695637786571	48.2562707865529	0.0190623463616128	"default"	0.100032872829503	0.00365695686896116	7.66047959806683	0.104837506489784	1	0	1	"up"	6	TRUE	FALSE	0.547163522713226	0.696652672494011	0.12184464228855	TRUE	FALSE	FALSE	0.544357584419127	1.31105610845752e-20	47.783948135448	FALSE	TRUE	0.545813658709121	0.0192819511130311	0.00583578578446173	FALSE	TRUE	TRUE	TRUE	FALSE	FALSE	FALSE	FALSE	FALSE	FALSE	FALSE	FALSE	FALSE	TRUE	FALSE	FALSE	FALSE	TRUE	TRUE
"2639"	"GCDH"	"exploratory_only"	"I2_ge_75"	TRUE	6	167	-1.02879496587427	-1.61819773124236	-0.43939220050617	-2.37681487587607	0.319224944127533	0.0483695809801275	90.340996135183	0.222425288762592	"default"	0.229287687790028	0.00647720031337238	21.6156926895263	0.000619397402700051	0.166666666666667	0.833333333333333	0.833333333333333	"down"	6	TRUE	FALSE	-1.17599943591058	-0.920960995808503	0.144039604687403	TRUE	FALSE	FALSE	-1.11822044769045	9.77372405594884e-78	76.8686570825339	TRUE	TRUE	-1.10296794073408	0.0281822520083081	82.2492392084241	TRUE	TRUE	FALSE	FALSE	TRUE	TRUE	FALSE	FALSE	FALSE	FALSE	FALSE	FALSE	FALSE	FALSE	TRUE	FALSE	FALSE	TRUE	TRUE
"2646"	"GCKR"	"exploratory_only"	"I2_ge_75"	TRUE	6	167	-1.11481309899654	-1.68935198979616	-0.540274208196915	-2.35670140405335	0.12707520606028	0.0403714061893813	85.1920831374526	0.183446069255629	"default"	0.223505388093354	0.00414765452414928	18.3382743323351	0.00255100823443792	0.166666666666667	0.833333333333333	0.833333333333333	"down"	6	TRUE	FALSE	-1.24452250769245	-1.00813878644663	0.13509553439986	TRUE	FALSE	FALSE	-1.16510065600412	3.98052954291867e-64	72.7346209932974	TRUE	TRUE	-1.16155776090456	0.0302307189550561	82.6086607920145	TRUE	TRUE	FALSE	FALSE	TRUE	TRUE	FALSE	FALSE	FALSE	FALSE	FALSE	FALSE	FALSE	FALSE	TRUE	FALSE	FALSE	TRUE	TRUE
"26998"	"FETUB"	"high_confidence"	""	TRUE	6	167	-0.882625793854712	-1.27539655336128	-0.489855034348149	-1.33902028059489	-0.426231307114536	0.0311681642244962	11.5517533611059	0.00817614246640431	"default"	0.152794497363021	0.00218640339011924	10.8882233757602	0.0536417817490863	0.166666666666667	0.833333333333333	0.833333333333333	"down"	6	TRUE	FALSE	-0.952999264117008	-0.822726733877754	0.157995601681741	TRUE	FALSE	FALSE	-0.882337110296649	4.38640338164782e-19	54.0788260173724	TRUE	TRUE	-0.921407508191557	0.0396504389317718	49.6997463748346	TRUE	TRUE	TRUE	TRUE	FALSE	FALSE	FALSE	FALSE	FALSE	FALSE	FALSE	FALSE	FALSE	TRUE	FALSE	FALSE	FALSE	TRUE	TRUE
"27141"	"CIDEB"	"intermediate_confidence"	""	TRUE	6	167	-1.11397149852274	-1.57439431126807	-0.653548685777417	-1.89355203388345	-0.334390963162029	0.0273291652661832	56.1406433238712	0.0598915215447599	"default"	0.179112295264217	0.00157111695852594	13.4905648792242	0.0191906932518842	0.166666666666667	0.833333333333333	0.833333333333333	"down"	6	TRUE	FALSE	-1.24590594108338	-1.04790846160471	0.114193092808727	TRUE	FALSE	FALSE	-1.08609069433893	1.5420422460881e-38	62.9370597542573	TRUE	TRUE	-1.18900692554618	0.0163405084678936	36.9324950276851	TRUE	TRUE	TRUE	FALSE	TRUE	FALSE	FALSE	FALSE	FALSE	FALSE	FALSE	FALSE	FALSE	FALSE	FALSE	TRUE	FALSE	TRUE	TRUE
"27163"	"NAAA"	"high_confidence"	""	TRUE	5	144	-0.707102022513009	-0.811726858946319	-0.602477186079699	-0.836670194848469	-0.577533850177549	0.0115802536922153	7.68438894276342	0.000757792458745647	"default"	0.0376830200018871	4.74927541892035e-05	3.43072722942513	0.48848928500484	0	1	1	"down"	6	TRUE	FALSE	-0.747670697074577	-0.684336623349162	0.0617172421892558	FALSE	FALSE	FALSE	-0.706185746638041	7.40881029726749e-67	0	TRUE	TRUE	-0.689482977673651	0.00965568388752702	0	TRUE	TRUE	TRUE	TRUE	FALSE	FALSE	FALSE	FALSE	FALSE	FALSE	FALSE	FALSE	FALSE	TRUE	FALSE	FALSE	FALSE	TRUE	TRUE
"27289"	"RND1"	"intermediate_confidence"	""	TRUE	6	167	-0.638003132842401	-0.966788068828835	-0.309218196855967	-1.36732187171378	0.0913156060289789	0.0403714061893813	64.31862884743	0.0641363924471375	"default"	0.127902925099853	0.00414649956353295	14.5531362691985	0.0124525100949142	0	1	1	"down"	6	TRUE	FALSE	-0.733789467171832	-0.580359132637593	0.124830176954858	TRUE	FALSE	FALSE	-0.587305353886256	3.40112470520149e-14	65.6431444912501	TRUE	TRUE	-0.674465045479896	0.0437747732853642	75.4639933576306	TRUE	TRUE	FALSE	FALSE	TRUE	FALSE	FALSE	FALSE	FALSE	FALSE	FALSE	FALSE	FALSE	FALSE	FALSE	TRUE	FALSE	TRUE	TRUE
"2806"	"GOT2"	"intermediate_confidence"	""	TRUE	6	167	-0.946275158759096	-1.35794659982182	-0.534603717696368	-1.69499777749936	-0.197552540018827	0.0299635747926304	70.6401239535663	0.0591886558030521	"default"	0.160147183550305	0.00197692635922327	14.1953148158221	0.0144152114880482	0.166666666666667	0.833333333333333	0.833333333333333	"down"	6	TRUE	FALSE	-1.00694155097187	-0.876518289242228	0.125168489409518	TRUE	FALSE	FALSE	-0.971170837763242	9.17917205705824e-55	64.777110864586	TRUE	TRUE	-0.975651820649154	0.0325676964538044	83.2562477252614	TRUE	TRUE	TRUE	FALSE	TRUE	FALSE	FALSE	FALSE	FALSE	FALSE	FALSE	FALSE	FALSE	FALSE	FALSE	TRUE	FALSE	TRUE	TRUE
"282969"	"FUOM"	"high_confidence"	""	TRUE	5	144	-0.747916363366092	-0.938376603871243	-0.55745612286094	-0.9384014156877	-0.557431311044483	0.018117164584208	0.00447808854480389	1.22614826805638e-06	"default"	0.0685985975910672	0.000401816443571541	3.80342442703727	0.433262615594653	0	1	1	"down"	6	TRUE	FALSE	-0.778018797198288	-0.722450841761761	0.0826171561918641	FALSE	FALSE	FALSE	-0.747914498476322	2.18141223051666e-25	0	TRUE	TRUE	-0.775804296718992	0.0151743902484187	0.00874869738121228	TRUE	TRUE	TRUE	TRUE	FALSE	FALSE	FALSE	FALSE	FALSE	FALSE	FALSE	FALSE	FALSE	TRUE	FALSE	FALSE	FALSE	TRUE	TRUE
"283377"	"SPRYD4"	"high_confidence"	""	TRUE	5	144	-0.93828132567924	-1.16554489674026	-0.711017754618223	-1.34199781271399	-0.534564838644491	0.0173036601171592	43.2921420567231	0.0144432953116998	"default"	0.0818541561061502	0.000330569131836183	6.92542753561549	0.139881909107556	0	1	1	"down"	6	TRUE	FALSE	-1.00189327021915	-0.900774519107799	0.0664546634102035	FALSE	FALSE	FALSE	-0.90703252879389	3.17080571973591e-51	42.2418330214395	TRUE	TRUE	-0.973116276505463	0.0125914189673651	20.3310742664206	TRUE	TRUE	TRUE	TRUE	FALSE	FALSE	FALSE	FALSE	FALSE	FALSE	FALSE	FALSE	FALSE	TRUE	FALSE	FALSE	FALSE	TRUE	TRUE
"283537"	"SLC46A3"	"intermediate_confidence"	""	TRUE	5	144	-1.37062712997461	-1.97716641963473	-0.764087840314501	-2.66495717313842	-0.0762970868108035	0.0363612455553973	73.517142022401	0.169601783443074	"default"	0.218458952609799	0.00329428590675687	14.6752248595235	0.00542446753945434	0	1	1	"down"	6	TRUE	FALSE	-1.51082453689718	-1.21463627036639	0.109062161648848	TRUE	FALSE	FALSE	-1.25096836939802	9.65537327664987e-31	72.7431774416442	TRUE	TRUE	-1.33343835337333	0.0339765564809779	69.9781557074926	TRUE	TRUE	TRUE	FALSE	TRUE	FALSE	FALSE	FALSE	FALSE	FALSE	FALSE	FALSE	FALSE	FALSE	FALSE	TRUE	FALSE	TRUE	TRUE
"283600"	"SLC25A47"	"exploratory_only"	"I2_ge_75"	TRUE	5	144	-2.36726558158015	-3.29412618077124	-1.44040498238907	-4.02414250752135	-0.710388655638962	0.0305563824122931	79.7745511209882	0.244682429236187	"default"	0.333829974688101	0.00208821052265205	19.1735176276485	0.00072658523280612	0	1	1	"down"	6	TRUE	FALSE	-2.55234451578138	-2.03434031954253	0.111243091565336	TRUE	FALSE	FALSE	-2.22488988343278	2.63883184523375e-93	79.1378917646706	TRUE	TRUE	-2.46116280362231	0.0280840128515304	85.9881422847949	TRUE	TRUE	TRUE	FALSE	TRUE	TRUE	FALSE	FALSE	FALSE	FALSE	FALSE	FALSE	FALSE	FALSE	TRUE	FALSE	FALSE	TRUE	TRUE
"284013"	"VMO1"	"exploratory_only"	"I2_ge_75"	TRUE	5	144	-0.645958730229953	-0.922509454024271	-0.369408006435635	-1.27687419014817	-0.0150432703117348	0.0344372248974622	86.2595730069223	0.0417160102312539	"default"	0.099606047775476	0.00291465897875169	31.8464164061944	2.05646461307083e-06	0	1	1	"down"	6	TRUE	FALSE	-0.749013600911437	-0.570769222313937	0.111618681988534	TRUE	FALSE	FALSE	-0.631731577568209	4.64370579464293e-70	87.4397170815679	TRUE	TRUE	-0.656915110519169	0.0366758137938162	88.631018602387	TRUE	TRUE	TRUE	FALSE	TRUE	TRUE	FALSE	FALSE	FALSE	FALSE	FALSE	FALSE	FALSE	FALSE	TRUE	FALSE	FALSE	TRUE	TRUE
"284018"	"C17orf58"	"intermediate_confidence"	""	TRUE	5	144	0.585575810999466	0.32155415253882	0.849597469460112	0.0800747801277567	1.09107684187118	0.037290842144754	72.5141723023829	0.0241058963912994	"default"	0.0950934192670944	0.00352922671603325	10.1523661819045	0.0379378352535684	1	0	1	"up"	6	TRUE	FALSE	0.513849550546022	0.632416457807367	0.135586498109566	TRUE	FALSE	FALSE	0.54677415108878	4.28643614928376e-46	60.6003179127879	FALSE	TRUE	0.576746614511165	0.0217177047410402	46.5107037218326	FALSE	TRUE	TRUE	FALSE	TRUE	FALSE	FALSE	FALSE	FALSE	FALSE	FALSE	FALSE	FALSE	FALSE	FALSE	TRUE	FALSE	TRUE	TRUE
"284111"	"SLC13A5"	"high_confidence"	""	TRUE	5	144	-1.50488058125036	-2.01899613156594	-0.990765030934777	-2.03707816088305	-0.97268300161767	0.0247451903331154	2.29272144579262	0.00245431703571873	"default"	0.185170435876115	0.00124685920376506	7.28948369421299	0.12135853046621	0	1	1	"down"	6	TRUE	FALSE	-1.66008781076596	-1.43963014801807	0.126841924143491	FALSE	FALSE	FALSE	-1.50111575746138	1.69431922217883e-27	45.1264291437331	TRUE	TRUE	-1.56543049030904	0.0266673138914444	27.91957475467	TRUE	TRUE	TRUE	TRUE	FALSE	FALSE	FALSE	FALSE	FALSE	FALSE	FALSE	FALSE	FALSE	TRUE	FALSE	FALSE	FALSE	TRUE	TRUE
"284422"	"SMIM24"	"high_confidence"	""	TRUE	5	144	-1.81283727683259	-2.4095554043241	-1.21611914934108	-2.712911257097	-0.91276329656818	0.0239592378310418	45.4400412816456	0.0589027648308019	"default"	0.214921637159111	0.00108193110087918	9.54958784612277	0.0487382395028568	0	1	1	"down"	6	TRUE	FALSE	-1.96687564240715	-1.68504810348198	0.0976993315678681	FALSE	FALSE	FALSE	-1.74380425138894	3.69187972331257e-50	58.1133755251647	TRUE	TRUE	-1.73689065393357	0.0125914189673651	0.0095329900154786	TRUE	TRUE	TRUE	TRUE	FALSE	FALSE	FALSE	FALSE	FALSE	FALSE	FALSE	FALSE	FALSE	TRUE	FALSE	FALSE	FALSE	TRUE	TRUE
"284904"	"SEC14L4"	"high_confidence"	""	TRUE	5	144	-0.654835702087777	-0.975848845009712	-0.333822559165841	-1.12937742778124	-0.18029397639431	0.0427145952601135	32.4809637048337	0.0158445969579737	"default"	0.11562020164597	0.0047916707978943	7.17483403850941	0.126932491799803	0	1	1	"down"	6	TRUE	FALSE	-0.726741300429028	-0.595113471765308	0.141442416364272	TRUE	FALSE	FALSE	-0.648150963136975	6.97625308815074e-16	44.2495815438957	TRUE	TRUE	-0.656032241480619	0.0330363675912831	25.26354250386	TRUE	TRUE	TRUE	TRUE	FALSE	FALSE	FALSE	FALSE	FALSE	FALSE	FALSE	FALSE	FALSE	TRUE	FALSE	FALSE	FALSE	TRUE	TRUE
"285016"	"ALKAL2"	"exploratory_only"	"I2_ge_75"	TRUE	5	144	-0.880497748951084	-1.30350525152978	-0.45749024637239	-1.79228992820745	0.0312944303052801	0.0416629427462599	76.0977960589669	0.0846360710490208	"default"	0.152355795469098	0.00445249705148889	13.846723875913	0.007800664667901	0	1	1	"down"	6	TRUE	FALSE	-0.994970487797125	-0.782244885003254	0.122734422078789	TRUE	FALSE	FALSE	-0.757314243876908	4.28216952140303e-29	71.1123003834996	TRUE	TRUE	-0.894455378294306	0.03673108700475	78.6718717623339	TRUE	TRUE	FALSE	FALSE	TRUE	TRUE	FALSE	FALSE	FALSE	FALSE	FALSE	FALSE	FALSE	FALSE	TRUE	FALSE	FALSE	TRUE	TRUE
"286053"	"NSMCE2"	"high_confidence"	""	TRUE	5	144	1.01779324498236	0.872793648798796	1.16279284116592	0.872793648798796	1.16279284116592	0.0115802536922153	0	0	"default"	0.0522249101601565	4.08732287944303e-05	3.12345642028122	0.537381989594659	1	0	1	"up"	6	TRUE	FALSE	0.977404535308077	1.06280855412518	0.0617172421892558	FALSE	FALSE	FALSE	1.01779324498236	2.21757180233679e-64	0	TRUE	TRUE	1.02088162217105	0.00932974376051547	0	TRUE	TRUE	TRUE	TRUE	FALSE	FALSE	FALSE	FALSE	FALSE	FALSE	FALSE	FALSE	FALSE	TRUE	FALSE	FALSE	FALSE	TRUE	TRUE
"286410"	"ATP11C"	"high_confidence"	""	TRUE	5	144	-0.590052838254415	-0.735121521350842	-0.444984155157987	-0.834732975266188	-0.345372701242642	0.017723721358359	28.8365921528533	0.00503635002439962	"default"	0.0522497933868182	0.000350394642404269	4.88421407421544	0.299385498778404	0	1	1	"down"	6	TRUE	FALSE	-0.657988290051515	-0.565963091462581	0.0839531861087786	FALSE	FALSE	FALSE	-0.563080955875647	1.04412299404163e-35	18.1035077656269	FALSE	TRUE	-0.564256387751197	0.0156909038280113	23.2341355441039	FALSE	TRUE	TRUE	TRUE	FALSE	FALSE	FALSE	FALSE	FALSE	FALSE	FALSE	FALSE	FALSE	TRUE	FALSE	FALSE	FALSE	TRUE	TRUE
"286499"	"FAM133A"	"high_confidence"	""	TRUE	5	144	0.658836124287996	0.320604757484966	0.997067491091027	0.140126214943154	1.17754603363284	0.0455554636852857	32.4954934654266	0.0200631192598267	"default"	0.12182173750521	0.0056612356672488	6.18293794442811	0.185896557075156	1	0	1	"up"	6	TRUE	FALSE	0.56615541299909	0.743436030354988	0.151516096276439	TRUE	FALSE	FALSE	0.632280801539235	3.01287728889395e-13	35.3058362229779	TRUE	TRUE	0.688195960564254	0.040987853350194	40.951529281553	TRUE	TRUE	TRUE	TRUE	FALSE	FALSE	FALSE	FALSE	FALSE	FALSE	FALSE	FALSE	FALSE	TRUE	FALSE	FALSE	FALSE	TRUE	TRUE
"28968"	"SLC6A16"	"high_confidence"	""	TRUE	6	167	-0.694519309673792	-0.902385524224186	-0.486653095123398	-1.05394433933012	-0.335094280017458	0.017723721358359	41.4772912531295	0.0130114115281414	"default"	0.0808634884401334	0.000352815588363368	8.89355154259991	0.113386102027335	0	1	1	"down"	6	TRUE	FALSE	-0.754757948696767	-0.64905420351955	0.081392558490453	FALSE	FALSE	FALSE	-0.720130575746758	9.52092800574149e-41	43.779490386376	TRUE	TRUE	-0.697205803875702	0.0159383755169442	44.8619895470802	TRUE	TRUE	TRUE	TRUE	FALSE	FALSE	FALSE	FALSE	FALSE	FALSE	FALSE	FALSE	FALSE	TRUE	FALSE	FALSE	FALSE	TRUE	TRUE
"28970"	"C11orf54"	"high_confidence"	""	TRUE	5	144	-0.662489101516232	-0.846135085270805	-0.478843117761659	-0.846146733289117	-0.478831469743347	0.0192060376209246	0.00347313769924895	5.55007773139401e-07	"default"	0.0661442876759092	0.000558575067885082	5.85119651016929	0.210540026606214	0	1	1	"down"	6	TRUE	FALSE	-0.703882079105996	-0.639320148862784	0.0944745934901456	FALSE	FALSE	FALSE	-0.662487981410969	1.48310361712475e-32	31.6379138344088	TRUE	TRUE	-0.669513161338541	0.0177138050227713	0.00484082962902691	TRUE	TRUE	TRUE	TRUE	FALSE	FALSE	FALSE	FALSE	FALSE	FALSE	FALSE	FALSE	FALSE	TRUE	FALSE	FALSE	FALSE	TRUE	TRUE
"29081"	"METTL5"	"exploratory_only"	"I2_ge_75"	TRUE	5	144	0.670838664180426	0.323161991213999	1.01851533714685	-0.135423672112432	1.47710100047328	0.0463054557231985	85.8474188739225	0.0686475664300108	"default"	0.125223679847133	0.00585759964806784	31.8440448766744	2.05876028060978e-06	1	0	1	"up"	6	TRUE	FALSE	0.557636683788168	0.755897560328343	0.140804126215438	TRUE	FALSE	FALSE	0.60401799427036	5.37685373862175e-39	87.4387816764761	TRUE	TRUE	0.720603444520238	0.0462030070389054	91.50097985704	TRUE	TRUE	FALSE	FALSE	TRUE	TRUE	FALSE	FALSE	FALSE	FALSE	FALSE	FALSE	FALSE	FALSE	TRUE	FALSE	FALSE	TRUE	TRUE
"29085"	"PHPT1"	"exploratory_only"	"I2_ge_75"	TRUE	5	144	0.651247983212087	0.321774039889792	0.980721926534382	-0.0832336049744644	1.38572957139864	0.0444008343586313	79.6874192107953	0.0558995762106103	"default"	0.118667551793293	0.00537026851320876	23.3584705503721	0.000107365716773454	1	0	1	"up"	6	TRUE	FALSE	0.549534891571402	0.746663608323885	0.138529745094927	TRUE	FALSE	FALSE	0.587073425792812	4.29750218809901e-30	82.8755911420909	TRUE	TRUE	0.628676584773936	0.0299499482332912	70.4626023900432	TRUE	TRUE	FALSE	FALSE	TRUE	TRUE	FALSE	FALSE	FALSE	FALSE	FALSE	FALSE	FALSE	FALSE	TRUE	FALSE	FALSE	TRUE	TRUE
"29089"	"UBE2T"	"exploratory_only"	"I2_ge_75"	TRUE	5	144	1.56916673253117	1.113303451888	2.02503001317434	0.532727729180327	2.60560573588201	0.020133384569272	80.5053287547882	0.112392541723419	"default"	0.164189552960995	0.000669583388582496	26.0493422584561	3.09278610874374e-05	1	0	1	"up"	6	TRUE	FALSE	1.48763858880687	1.74018002630243	0.0937836732195085	FALSE	FALSE	FALSE	1.42247114657323	1.16795703010576e-93	84.6445259142714	TRUE	TRUE	1.61471047497057	0.0223553516897799	87.7513508783249	TRUE	TRUE	TRUE	FALSE	TRUE	TRUE	FALSE	FALSE	FALSE	FALSE	FALSE	FALSE	FALSE	FALSE	TRUE	FALSE	FALSE	TRUE	TRUE
"29097"	"CNIH4"	"exploratory_only"	"I2_ge_75"	TRUE	5	144	0.690686283735737	0.410652079049249	0.970720488422225	0.0543516573094378	1.32702091016204	0.0324207728300036	81.4583196028433	0.0423553683432709	"default"	0.100860702832638	0.00237993829601255	22.4061932688129	0.000166351607467344	1	0	1	"up"	6	TRUE	FALSE	0.581900722577102	0.760151888371814	0.114450176564441	TRUE	FALSE	FALSE	0.662364327584594	6.06708230372745e-53	82.1477930141414	TRUE	TRUE	0.751158762977692	0.0355404017426034	87.3699523082178	TRUE	TRUE	TRUE	FALSE	TRUE	TRUE	FALSE	FALSE	FALSE	FALSE	FALSE	FALSE	FALSE	FALSE	TRUE	FALSE	FALSE	TRUE	TRUE
"29899"	"GPSM2"	"intermediate_confidence"	""	TRUE	6	167	0.73273734938271	0.487932320580877	0.977542378184543	0.269589902172887	1.19588479659253	0.019391521939024	65.1298565130063	0.0233926462082164	"default"	0.0952333146558761	0.000591495585402632	15.6102011299863	0.00804973675650567	1	0	1	"up"	6	TRUE	FALSE	0.677752219198256	0.805069689755595	0.0834489230373151	FALSE	FALSE	FALSE	0.726686833383188	1.25612501182902e-60	67.9696631813713	TRUE	TRUE	0.730946609709748	0.0120407244932142	34.6225221639302	TRUE	TRUE	TRUE	FALSE	TRUE	FALSE	FALSE	FALSE	FALSE	FALSE	FALSE	FALSE	FALSE	FALSE	FALSE	TRUE	FALSE	TRUE	TRUE
"29901"	"SAC3D1"	"high_confidence"	""	TRUE	5	144	0.654563768463305	0.472937165455783	0.836190371470828	0.472889903915643	0.836237633010968	0.0192060376209246	0.0174936812504038	2.22738681509039e-06	"default"	0.0654169616634949	0.000560694524236108	7.69163489175468	0.103549916730687	1	0	1	"up"	6	TRUE	FALSE	0.623528286913444	0.728947903812992	0.105937323685888	FALSE	FALSE	FALSE	0.654555301513866	2.68916663395583e-42	47.9954514704279	TRUE	TRUE	0.694797018652927	0.0209302654344395	39.5454013061904	TRUE	TRUE	TRUE	TRUE	FALSE	FALSE	FALSE	FALSE	FALSE	FALSE	FALSE	FALSE	FALSE	TRUE	FALSE	FALSE	FALSE	TRUE	TRUE
"29902"	"FAM216A"	"intermediate_confidence"	""	TRUE	5	144	0.632799815655993	0.422067482684469	0.843532148627518	0.222756097343972	1.04284353396801	0.0243061667252363	50.7548974443482	0.0160505115867121	"default"	0.0759000538411553	0.00113111937888949	6.78676148988166	0.147595225798667	1	0	1	"up"	6	TRUE	FALSE	0.544675723530221	0.698722712576631	0.0946376906007375	FALSE	FALSE	FALSE	0.590034996296522	3.06202842319093e-30	41.0617272175605	TRUE	TRUE	0.685060436482325	0.0219251604715505	59.957916597315	TRUE	TRUE	TRUE	FALSE	TRUE	FALSE	FALSE	FALSE	FALSE	FALSE	FALSE	FALSE	FALSE	FALSE	FALSE	TRUE	FALSE	TRUE	TRUE
"2992"	"GYG1"	"high_confidence"	""	TRUE	5	144	0.599235823873143	0.468226757932996	0.730244889813291	0.468035505949914	0.730436141796373	0.0161863061638947	0.0425795304471153	6.50542979852963e-06	"default"	0.0471859017471245	0.000221445462244611	3.34300082062322	0.502148119369083	1	0	1	"up"	6	TRUE	FALSE	0.582022730443864	0.633783080159857	0.0823872329960473	FALSE	FALSE	FALSE	0.599235281571102	5.01458301879462e-30	0	TRUE	TRUE	0.636392944939265	0.0129099420676142	0.00788240618655089	TRUE	TRUE	TRUE	TRUE	FALSE	FALSE	FALSE	FALSE	FALSE	FALSE	FALSE	FALSE	FALSE	TRUE	FALSE	FALSE	FALSE	TRUE	TRUE
"29950"	"SERTAD1"	"exploratory_only"	"I2_ge_75"	TRUE	6	167	-0.721348762366709	-1.13937175441546	-0.303325770317956	-1.73904935790181	0.296351833168396	0.0492978583006779	82.6235196934944	0.130294413708916	"default"	0.16261804477634	0.00679103629723038	28.2142084064837	3.30519389214632e-05	0	1	1	"down"	6	TRUE	FALSE	-0.819193502963038	-0.604798273603698	0.138229185950505	TRUE	FALSE	FALSE	-0.769356753045703	2.34618667840642e-30	82.2784324551491	TRUE	TRUE	-0.734374857107158	0.0512826599309589	88.077627391317	FALSE	TRUE	FALSE	FALSE	TRUE	TRUE	FALSE	FALSE	FALSE	FALSE	FALSE	FALSE	FALSE	FALSE	TRUE	FALSE	FALSE	TRUE	TRUE
"29958"	"DMGDH"	"intermediate_confidence"	""	TRUE	6	167	-0.894292651948564	-1.3716449600577	-0.416940343839427	-1.67995570349666	-0.10862960040047	0.0427180675803318	62.1341339060055	0.0589297259988696	"default"	0.185698156538547	0.00481601694566893	14.4534767222458	0.0129715278926579	0.166666666666667	0.833333333333333	0.833333333333333	"down"	6	TRUE	FALSE	-0.947074133989116	-0.791479169769562	0.157229573044491	TRUE	FALSE	FALSE	-0.85708240945489	7.2173693318348e-32	65.4062472574206	TRUE	TRUE	-0.892242552941461	0.0349416522817232	57.345540328612	TRUE	TRUE	TRUE	FALSE	TRUE	FALSE	FALSE	FALSE	FALSE	FALSE	FALSE	FALSE	FALSE	FALSE	FALSE	TRUE	FALSE	TRUE	TRUE
"29968"	"PSAT1"	"intermediate_confidence"	""	TRUE	5	144	-0.692243644646195	-0.978264500850308	-0.406222788442082	-1.31064260969433	-0.0738446795980589	0.0329832488358709	64.481739142509	0.0389963807300432	"default"	0.10301693185601	0.00255389848528028	11.5088877784709	0.0214025919097564	0	1	1	"down"	6	TRUE	FALSE	-0.796719980676677	-0.636355313969252	0.119536449334862	TRUE	FALSE	FALSE	-0.616645474173807	1.51717019413234e-24	65.2442522944519	TRUE	TRUE	-0.680897527223688	0.0270386507581573	61.6311355230118	TRUE	TRUE	TRUE	FALSE	TRUE	FALSE	FALSE	FALSE	FALSE	FALSE	FALSE	FALSE	FALSE	FALSE	FALSE	TRUE	FALSE	TRUE	TRUE
"29974"	"A1CF"	"high_confidence"	""	TRUE	5	144	-0.588040212186681	-0.668291445113068	-0.507788979260294	-0.668291445113068	-0.507788979260294	0.0115802536922153	0	0	"default"	0.0289043110472986	3.44675616282923e-05	1.47577000583527	0.83092466456669	0	1	1	"down"	6	TRUE	FALSE	-0.611992602069899	-0.564958981059127	0.0622985093653561	FALSE	FALSE	FALSE	-0.588040212186681	8.08359845685101e-34	0	TRUE	TRUE	-0.653885255867155	0.005537973235936	0	TRUE	TRUE	TRUE	TRUE	FALSE	FALSE	FALSE	FALSE	FALSE	FALSE	FALSE	FALSE	FALSE	TRUE	FALSE	FALSE	FALSE	TRUE	TRUE
"3015"	"H2AZ1"	"high_confidence"	""	TRUE	5	144	1.07055431874681	0.799262011034682	1.34184662645894	0.568756881355797	1.57235175613783	0.0179567466726547	45.383493310868	0.0231170453373901	"default"	0.0977121093459556	0.000394245890634262	6.84265208408437	0.144440679034006	1	0	1	"up"	6	TRUE	FALSE	0.993447283032796	1.14948069794237	0.0789575163950624	FALSE	FALSE	FALSE	1.05243855044926	9.12085383101098e-48	41.5431334101609	TRUE	TRUE	1.16685377783958	0.0125914189673651	38.1119156064403	TRUE	TRUE	TRUE	TRUE	FALSE	FALSE	FALSE	FALSE	FALSE	FALSE	FALSE	FALSE	FALSE	TRUE	FALSE	FALSE	FALSE	TRUE	TRUE
"302"	"ANXA2"	"high_confidence"	""	TRUE	5	144	0.936268755396114	0.744665677323002	1.12787183346923	0.744637426527144	1.12790008426508	0.0156838604691839	0.00568718957233933	1.40448465255209e-06	"default"	0.0690102165947423	0.000170857697848651	4.26174459933398	0.371739981357096	1	0	1	"up"	6	TRUE	FALSE	0.892642661812609	0.96718649365354	0.0782033442437191	FALSE	FALSE	FALSE	0.936270091962751	4.77365948511265e-43	6.14172419846159	TRUE	TRUE	0.952894751264371	0.0130352695377189	0.00233440604939182	TRUE	TRUE	TRUE	TRUE	FALSE	FALSE	FALSE	FALSE	FALSE	FALSE	FALSE	FALSE	FALSE	TRUE	FALSE	FALSE	FALSE	TRUE	TRUE
"3020"	"H3-3A"	"intermediate_confidence"	""	TRUE	5	144	0.632215894089263	0.347197373954142	0.917234414224384	0.095094971328833	1.16933681684969	0.037290842144754	70.694601208546	0.0268871200738448	"default"	0.102655917670238	0.00352776874370609	13.9993649681036	0.00729708275972705	1	0	1	"up"	6	TRUE	FALSE	0.54498149566024	0.699798792414116	0.133823760192513	TRUE	FALSE	FALSE	0.632399550006749	2.50585613414289e-45	71.4272753863216	TRUE	TRUE	0.602669489579404	0.0462030070389054	83.282340257209	TRUE	TRUE	TRUE	FALSE	TRUE	FALSE	FALSE	FALSE	FALSE	FALSE	FALSE	FALSE	FALSE	FALSE	FALSE	TRUE	FALSE	TRUE	TRUE
"3033"	"HADH"	"high_confidence"	""	TRUE	5	144	-0.688243040524525	-0.866235890326164	-0.510250190722885	-0.866235890326164	-0.510250190722885	0.01826882088407	0	0	"default"	0.0641081826067507	0.000426702655320319	4.23161405629629	0.375566836074937	0	1	1	"down"	6	TRUE	FALSE	-0.726419489040682	-0.639964213517076	0.0879319414471576	FALSE	FALSE	FALSE	-0.688243040524525	2.77892832559436e-27	5.47342109216364	TRUE	TRUE	-0.707075618845167	0.0125914189673651	0	TRUE	TRUE	TRUE	TRUE	FALSE	FALSE	FALSE	FALSE	FALSE	FALSE	FALSE	FALSE	FALSE	TRUE	FALSE	FALSE	FALSE	TRUE	TRUE
"3043"	"HBB"	"exploratory_only"	"I2_ge_75"	TRUE	6	167	-1.2078660556363	-1.81397290806891	-0.601759203203687	-2.45637631016789	0.0406441988952961	0.0381589527724517	77.4725673558342	0.180301452285774	"default"	0.235785861406966	0.00369864171206781	16.4678224399946	0.00562791377747189	0.166666666666667	0.833333333333333	0.833333333333333	"down"	6	TRUE	FALSE	-1.34251827814053	-1.10046065577667	0.132537665985449	TRUE	FALSE	FALSE	-1.23829073489909	7.65709603342283e-43	69.6377586155121	TRUE	TRUE	-1.11478411462796	0.0376376534362938	69.7937362166422	TRUE	TRUE	FALSE	FALSE	TRUE	TRUE	FALSE	FALSE	FALSE	FALSE	FALSE	FALSE	FALSE	FALSE	TRUE	FALSE	FALSE	TRUE	TRUE
"3131"	"HLF"	"high_confidence"	""	TRUE	6	167	-0.751313094535617	-0.900681791268034	-0.601944397803201	-0.900681791268034	-0.601944397803201	0.0115802536922153	0	0	"default"	0.0581069603238064	4.93062506160367e-05	2.50682024319978	0.775467580460488	0	1	1	"down"	6	TRUE	FALSE	-0.774090378499473	-0.725839812619415	0.0622985093653561	FALSE	FALSE	FALSE	-0.751313094535617	3.75593227987328e-19	0	TRUE	TRUE	-0.718939863302202	0.0105305852270107	0	TRUE	TRUE	TRUE	TRUE	FALSE	FALSE	FALSE	FALSE	FALSE	FALSE	FALSE	FALSE	FALSE	TRUE	FALSE	FALSE	FALSE	TRUE	TRUE
"3155"	"HMGCL"	"exploratory_only"	"I2_ge_75"	TRUE	6	167	-0.865030891195144	-1.34216184601903	-0.387899936371257	-1.91909335121871	0.189031568828419	0.0450964332061268	84.6946169344057	0.133687696285442	"default"	0.185612046350502	0.00552998161382393	18.7713930065677	0.00211995410248751	0.166666666666667	0.833333333333333	0.833333333333333	"down"	6	TRUE	FALSE	-1.0311232992823	-0.779433579337696	0.140926400010941	TRUE	FALSE	FALSE	-0.993232884730212	7.60614661376921e-59	73.3637242678227	TRUE	TRUE	-0.926984614954956	0.0294186294229928	80.3060017854893	TRUE	TRUE	FALSE	FALSE	TRUE	TRUE	FALSE	FALSE	FALSE	FALSE	FALSE	FALSE	FALSE	FALSE	TRUE	FALSE	FALSE	TRUE	TRUE
"319"	"APOF"	"exploratory_only"	"I2_ge_75"	TRUE	6	167	-2.61108830659584	-4.05833472160421	-1.16384189158747	-6.10279137689817	0.880614763706494	0.0455525593600339	92.3408854769464	1.52809242549368	"default"	0.563003439511243	0.00564396198540851	31.6409660960419	6.99741870643362e-06	0.166666666666667	0.833333333333333	0.833333333333333	"down"	6	TRUE	FALSE	-3.1287467609041	-2.38024327682086	0.139199081610613	TRUE	FALSE	FALSE	-2.99446117258823	1.382429547293e-99	84.1977012180248	TRUE	TRUE	-2.68022600747801	0.0370264091747614	92.0068377095909	TRUE	TRUE	FALSE	FALSE	TRUE	TRUE	FALSE	FALSE	FALSE	FALSE	FALSE	FALSE	FALSE	FALSE	TRUE	FALSE	FALSE	TRUE	TRUE
"3294"	"HSD17B2"	"intermediate_confidence"	""	TRUE	6	167	-1.08881372069727	-1.61528141470727	-0.562346026687272	-2.33573569482053	0.158108253425982	0.0358204382963748	73.7695474210261	0.193351582494282	"default"	0.204804875966799	0.00314957280168433	18.3202337345588	0.00257071480178717	0	1	1	"down"	6	TRUE	FALSE	-1.3241994088551	-1.01349226710918	0.120793943915694	TRUE	FALSE	FALSE	-1.1290731117531	1.1307282333734e-26	72.7077717869497	TRUE	TRUE	-1.09791859370384	0.0294186294229928	72.0063070228093	TRUE	TRUE	FALSE	FALSE	TRUE	FALSE	FALSE	FALSE	FALSE	FALSE	FALSE	FALSE	FALSE	FALSE	FALSE	TRUE	FALSE	TRUE	TRUE
"3315"	"HSPB1"	"exploratory_only"	"I2_ge_75"	TRUE	6	167	0.875620019535034	0.421955524494498	1.32928451457557	-0.269634265879481	2.02087430494955	0.0408084414644576	92.2485250764454	0.167344756231683	"default"	0.176483194874921	0.00424271003158411	77.1407703208304	3.32366262400863e-15	1	0	1	"up"	6	TRUE	FALSE	0.817286871528925	0.997457173277622	0.122734422078789	TRUE	FALSE	FALSE	0.747434674865222	2.27794231487071e-58	93.518343180649	TRUE	TRUE	0.915268815510219	0.037023645266523	93.5762849706705	TRUE	TRUE	FALSE	FALSE	TRUE	TRUE	FALSE	FALSE	FALSE	FALSE	FALSE	FALSE	FALSE	FALSE	TRUE	FALSE	FALSE	TRUE	TRUE
"3326"	"HSP90AB1"	"high_confidence"	""	TRUE	5	144	1.02034167355242	0.904691323810292	1.13599202329455	0.892908619444574	1.14777472766027	0.0107256483335024	2.7456603753378	0.000371554142629075	"default"	0.0416541099716399	1.64812561825095e-05	2.90337049205777	0.574124158288439	1	0	1	"up"	6	TRUE	FALSE	0.997457596982184	1.07463835248527	0.0617172421892558	FALSE	FALSE	FALSE	1.01964131468488	4.87457611454382e-94	0	TRUE	TRUE	1.01678227196401	0.0123485202994229	33.3269117461615	TRUE	TRUE	TRUE	TRUE	FALSE	FALSE	FALSE	FALSE	FALSE	FALSE	FALSE	FALSE	FALSE	TRUE	FALSE	FALSE	FALSE	TRUE	TRUE
"339324"	"ZNF260"	"intermediate_confidence"	""	TRUE	5	144	0.594755296425619	0.290247757120204	0.899262835731034	0.0214229558070647	1.16808763704417	0.0454102396850823	71.8080406738119	0.0306130399253197	"default"	0.109675332220812	0.00560631577261875	12.4677205385652	0.014191849588946	1	0	1	"up"	6	TRUE	FALSE	0.518677632021397	0.665352524645234	0.144859554157401	TRUE	FALSE	FALSE	0.546586645815368	2.4027951878366e-33	67.9171506320888	FALSE	TRUE	0.631207564176171	0.0342884879164697	66.3616342677538	TRUE	TRUE	TRUE	FALSE	TRUE	FALSE	FALSE	FALSE	FALSE	FALSE	FALSE	FALSE	FALSE	FALSE	FALSE	TRUE	FALSE	TRUE	TRUE
"339390"	"CLEC4G"	"intermediate_confidence"	""	TRUE	5	144	-2.95763133143369	-3.46709206132062	-2.44817060154676	-4.11183864472045	-1.80342401814693	0.0127759792996141	71.9283802999865	0.139148183592086	"default"	0.183493896181549	8.66560322606118e-05	16.1455672723043	0.00282992657398797	0	1	1	"down"	6	TRUE	FALSE	-3.14809863293367	-2.83584813726322	0.0659667304156743	FALSE	FALSE	FALSE	-2.76661423298186	1.24857279100133e-192	75.2253982003996	TRUE	TRUE	-2.99292363703464	0.0120407244932142	79.3190588170321	TRUE	TRUE	TRUE	FALSE	TRUE	FALSE	FALSE	FALSE	FALSE	FALSE	FALSE	FALSE	FALSE	FALSE	FALSE	TRUE	FALSE	TRUE	TRUE
"3394"	"IRF8"	"exploratory_only"	"I2_ge_75"	TRUE	6	167	-0.766679693039561	-1.18693261572622	-0.346426770352905	-1.84129744688796	0.307938060808836	0.0444167791768675	86.5573760043437	0.148033737504491	"default"	0.163485525673851	0.00538708534038991	49.7226662547276	1.57921355816702e-09	0	1	1	"down"	6	TRUE	FALSE	-0.972215333867157	-0.705101149788112	0.134580849179762	TRUE	FALSE	FALSE	-0.712159529161375	3.4348428764555e-31	89.9442238789345	TRUE	TRUE	-0.767730227097295	0.0425625051703354	86.8978712429605	TRUE	TRUE	FALSE	FALSE	TRUE	TRUE	FALSE	FALSE	FALSE	FALSE	FALSE	FALSE	FALSE	FALSE	TRUE	FALSE	FALSE	TRUE	TRUE
"3397"	"ID1"	"exploratory_only"	"I2_ge_75"	TRUE	6	167	-1.23628067825098	-1.84549326052703	-0.627068095974932	-2.7202824654071	0.247721108905143	0.036851858112021	86.3532299112178	0.277111311485951	"default"	0.236994043072449	0.00341979984552487	27.3343793823705	4.90953110532918e-05	0	1	1	"down"	6	TRUE	FALSE	-1.41536592822997	-1.07155100859614	0.123641261417425	TRUE	FALSE	FALSE	-1.19777297335995	1.93631441010039e-51	81.7080171089424	TRUE	TRUE	-1.22974948689265	0.0297444180075499	86.1817508595986	TRUE	TRUE	FALSE	FALSE	TRUE	TRUE	FALSE	FALSE	FALSE	FALSE	FALSE	FALSE	FALSE	FALSE	TRUE	FALSE	FALSE	TRUE	TRUE
"3426"	"CFI"	"high_confidence"	""	TRUE	5	144	-1.08237328846576	-1.3294004203139	-0.835346156617624	-1.33865563265063	-0.82609094428089	0.0166669859421557	1.59543757857712	0.000604287083927924	"default"	0.0889724530788227	0.000262029727971891	4.66176936065353	0.323794332218147	0	1	1	"down"	6	TRUE	FALSE	-1.12791395659602	-1.02843570693533	0.0893405829471933	FALSE	FALSE	FALSE	-1.08232626656697	2.05120144826435e-38	14.195669271824	TRUE	TRUE	-0.991166304678796	0.0165846551207041	10.4412153558536	TRUE	TRUE	TRUE	TRUE	FALSE	FALSE	FALSE	FALSE	FALSE	FALSE	FALSE	FALSE	FALSE	TRUE	FALSE	FALSE	FALSE	TRUE	TRUE
"3486"	"IGFBP3"	"exploratory_only"	"I2_ge_75"	TRUE	6	167	-1.48298412936002	-2.27852724705221	-0.687441011667829	-3.37973256552895	0.413764306808908	0.0428923787597669	88.3085757802886	0.44867050467394	"default"	0.309479786507269	0.00491883505048041	25.2240671356244	0.000126116120734144	0.166666666666667	0.833333333333333	0.833333333333333	"down"	6	TRUE	FALSE	-1.82054973288105	-1.35364284710136	0.133853023555007	TRUE	FALSE	FALSE	-1.70947234032932	2.28414692810953e-68	80.1776613853902	TRUE	TRUE	-1.54499024637022	0.0330363675912831	87.3428110291726	TRUE	TRUE	FALSE	FALSE	TRUE	TRUE	FALSE	FALSE	FALSE	FALSE	FALSE	FALSE	FALSE	FALSE	TRUE	FALSE	FALSE	TRUE	TRUE
"3491"	"CCN1"	"high_confidence"	""	TRUE	5	144	-1.62439476749029	-1.90787264297023	-1.34091689201035	-2.04946579767527	-1.1993237373053	0.0127759792996141	17.7345442766672	0.0130146923735647	"default"	0.102101019375187	9.12331016792318e-05	3.79947072819183	0.433824204790035	0	1	1	"down"	6	TRUE	FALSE	-1.66472593996516	-1.489374807662	0.0617172421892558	FALSE	FALSE	FALSE	-1.64062898959011	4.42288638382657e-52	0	TRUE	TRUE	-1.61177576911862	0.0105305852270107	4.89517124371671	TRUE	TRUE	TRUE	TRUE	FALSE	FALSE	FALSE	FALSE	FALSE	FALSE	FALSE	FALSE	FALSE	TRUE	FALSE	FALSE	FALSE	TRUE	TRUE
"3654"	"IRAK1"	"exploratory_only"	"I2_ge_75"	TRUE	6	167	0.698023128913679	0.303396148456877	1.09265010937048	-0.265689473026421	1.66173573085378	0.047092487805484	89.6803806447386	0.116983093169964	"default"	0.153516598843902	0.00612991601043451	35.2172728109602	1.36164633546919e-06	0.833333333333333	0.166666666666667	0.833333333333333	"up"	6	TRUE	FALSE	0.601481410163497	0.832378253434476	0.133296926124449	TRUE	FALSE	FALSE	0.778468273170571	6.67214616899089e-64	85.8024213662453	TRUE	TRUE	0.687463678395309	0.0434291854080269	91.3520551174453	TRUE	TRUE	FALSE	FALSE	TRUE	TRUE	FALSE	FALSE	FALSE	FALSE	FALSE	FALSE	FALSE	FALSE	TRUE	FALSE	FALSE	TRUE	TRUE
"3697"	"ITIH1"	"intermediate_confidence"	""	TRUE	6	167	-0.837234776025658	-1.26908223025555	-0.40538732179577	-1.53243278610907	-0.142036765942247	0.0403853524769091	50.9450925116541	0.0449172134770792	"default"	0.167995995398057	0.00416262431954734	11.7607367813335	0.0382174642209483	0.166666666666667	0.833333333333333	0.833333333333333	"down"	6	TRUE	FALSE	-0.887455234303763	-0.753703104738407	0.160087743214958	TRUE	FALSE	FALSE	-0.82124102117733	3.34941568556734e-25	57.4856567835448	TRUE	TRUE	-0.902814147558716	0.0197052612523924	12.5926785129157	TRUE	TRUE	TRUE	FALSE	TRUE	FALSE	FALSE	FALSE	FALSE	FALSE	FALSE	FALSE	FALSE	FALSE	FALSE	TRUE	FALSE	TRUE	TRUE
"37"	"ACADVL"	"exploratory_only"	"I2_ge_75"	TRUE	6	167	-0.633278022992717	-0.992403833808922	-0.274152212176512	-1.47752728746621	0.210971241480774	0.0475135913773924	87.7801444644835	0.088346716810682	"default"	0.139706040802746	0.00620877146739825	24.1128357134527	0.000206536477064281	0.166666666666667	0.833333333333333	0.833333333333333	"down"	6	TRUE	FALSE	-0.722254534432629	-0.571485713220419	0.138229185950505	TRUE	FALSE	FALSE	-0.660489494659457	4.96155752128367e-54	79.2641559897061	TRUE	TRUE	-0.671308757277194	0.0375418723364749	87.6857685185465	TRUE	TRUE	FALSE	FALSE	TRUE	TRUE	FALSE	FALSE	FALSE	FALSE	FALSE	FALSE	FALSE	FALSE	TRUE	FALSE	FALSE	TRUE	TRUE
"3703"	"STT3A"	"high_confidence"	""	TRUE	5	144	0.710896517115349	0.559793138225201	0.861999896005497	0.483488737175165	0.938304297055532	0.0158964558365635	19.7539512720292	0.00374671011443762	"default"	0.0544233266515037	0.000198282785225585	4.12508490715982	0.389342050156657	1	0	1	"up"	6	TRUE	FALSE	0.659907342508236	0.753597462398884	0.0617172421892558	FALSE	FALSE	FALSE	0.711123654257288	4.32172877123783e-40	3.03229897020333	TRUE	TRUE	0.734582592151802	0.012891466441403	28.4840484012601	TRUE	TRUE	TRUE	TRUE	FALSE	FALSE	FALSE	FALSE	FALSE	FALSE	FALSE	FALSE	FALSE	TRUE	FALSE	FALSE	FALSE	TRUE	TRUE
"3712"	"IVD"	"exploratory_only"	"I2_ge_75"	TRUE	6	167	-0.749542133934207	-1.17532473642393	-0.323759531444482	-1.64168360416814	0.142599336299729	0.0476605195041904	86.5244991341285	0.0930138800373974	"default"	0.165636665048762	0.00625285448683233	22.1569596926899	0.000488818156836718	0	1	1	"down"	6	TRUE	FALSE	-0.829464966631796	-0.697880372542808	0.14661913513403	TRUE	FALSE	FALSE	-0.779229198410123	6.05268707671357e-59	77.4337270575547	TRUE	TRUE	-0.791711273219344	0.0377390128275688	86.3281294233438	TRUE	TRUE	FALSE	FALSE	TRUE	TRUE	FALSE	FALSE	FALSE	FALSE	FALSE	FALSE	FALSE	FALSE	TRUE	FALSE	FALSE	TRUE	TRUE
"3725"	"JUN"	"exploratory_only"	"I2_ge_75"	TRUE	6	167	-0.727570860525899	-1.12053877126113	-0.334602949790666	-1.69557878778863	0.240437066736834	0.0435614504396545	83.2276872483288	0.118436513479166	"default"	0.152871192539941	0.00506225022763633	32.2122007501433	5.39319497855119e-06	0	1	1	"down"	6	TRUE	FALSE	-0.920132443951361	-0.664802172793517	0.130166833370278	TRUE	FALSE	FALSE	-0.762990865461518	2.77790909915548e-33	84.4779310833712	TRUE	TRUE	-0.746234313840109	0.0430584711941706	84.6129945188232	TRUE	TRUE	FALSE	FALSE	TRUE	TRUE	FALSE	FALSE	FALSE	FALSE	FALSE	FALSE	FALSE	FALSE	TRUE	FALSE	FALSE	TRUE	TRUE
"387103"	"CENPW"	"exploratory_only"	"I2_ge_75"	TRUE	5	144	1.3861553221052	0.911303326225999	1.86100731798439	0.275414137207708	2.49689650700269	0.0248923394779784	83.9838490324212	0.130796170406806	"default"	0.17102877164408	0.00125991394229321	35.262289536043	4.10327531955749e-07	1	0	1	"up"	6	TRUE	FALSE	1.28693425803	1.57019509695555	0.102908179812276	TRUE	FALSE	FALSE	1.14022357645868	1.29605951437711e-78	88.65643708157	TRUE	TRUE	1.44085730200789	0.0274532469247696	89.4840365979591	TRUE	TRUE	TRUE	FALSE	TRUE	TRUE	FALSE	FALSE	FALSE	FALSE	FALSE	FALSE	FALSE	FALSE	TRUE	FALSE	FALSE	TRUE	TRUE
"388323"	"GLTPD2"	"high_confidence"	""	TRUE	5	144	-0.665519470000123	-0.911112141674475	-0.419926798325771	-1.07014290966566	-0.260896030334588	0.0281790446665833	39.0380184763482	0.013414074075971	"default"	0.0884557995454608	0.00167078941015304	6.69504329446612	0.152908480877273	0	1	1	"down"	6	TRUE	FALSE	-0.740735606911192	-0.611315960776455	0.11855045286443	TRUE	FALSE	FALSE	-0.672633745535261	5.11038425741287e-28	40.2543071931107	TRUE	TRUE	-0.680753948102737	0.0208487115059597	31.8331666790479	TRUE	TRUE	TRUE	TRUE	FALSE	FALSE	FALSE	FALSE	FALSE	FALSE	FALSE	FALSE	FALSE	TRUE	FALSE	FALSE	FALSE	TRUE	TRUE
"388753"	"COA6"	"intermediate_confidence"	""	TRUE	5	144	0.761109710648098	0.575176672251228	0.947042749044968	0.39096363926382	1.13125578203238	0.017723721358359	58.8945242910109	0.0132885853747864	"default"	0.0669680225439299	0.000341777433037919	9.75600975989655	0.044744467117114	1	0	1	"up"	6	TRUE	FALSE	0.720712212743786	0.815316826920462	0.0858221229673799	FALSE	FALSE	FALSE	0.721923709415708	2.85903021901133e-73	58.9996310126444	TRUE	TRUE	0.791580035042011	0.0176323532806141	68.0716926464574	TRUE	TRUE	TRUE	FALSE	TRUE	FALSE	FALSE	FALSE	FALSE	FALSE	FALSE	FALSE	FALSE	FALSE	FALSE	TRUE	FALSE	TRUE	TRUE
"389432"	"SAMD5"	"intermediate_confidence"	""	TRUE	5	144	-0.839367663536335	-1.22548896356177	-0.453246363510905	-1.56479573459288	-0.11393959247979	0.0385018662795669	65.0899240287752	0.0489263819303061	"default"	0.139070388714897	0.00379931227319213	12.357712009757	0.0148803167132706	0	1	1	"down"	6	TRUE	FALSE	-0.931356723609199	-0.788393751106801	0.138655974613457	TRUE	FALSE	FALSE	-0.777894531181345	2.68051676644429e-28	67.6315486487966	TRUE	TRUE	-0.841528025334054	0.0444901340485412	77.3483850393165	TRUE	TRUE	TRUE	FALSE	TRUE	FALSE	FALSE	FALSE	FALSE	FALSE	FALSE	FALSE	FALSE	FALSE	FALSE	TRUE	FALSE	TRUE	TRUE
"389434"	"IYD"	"high_confidence"	""	TRUE	5	144	-1.0996961499002	-1.31537811265189	-0.884014187148504	-1.31537811265189	-0.884014187148504	0.0144254850712544	0	0	"default"	0.0776827758445194	0.000144559997419082	2.7911886076632	0.593354672460963	0	1	1	"down"	6	TRUE	FALSE	-1.15178612749165	-1.03878584100833	0.0781152423236345	FALSE	FALSE	FALSE	-1.09969614990019	4.41133631984501e-31	0	TRUE	TRUE	-1.15331021802218	0.0142216024376729	10.1474285131938	TRUE	TRUE	TRUE	TRUE	FALSE	FALSE	FALSE	FALSE	FALSE	FALSE	FALSE	FALSE	FALSE	TRUE	FALSE	FALSE	FALSE	TRUE	TRUE
"390"	"RND3"	"high_confidence"	""	TRUE	5	144	-1.84002679379805	-1.96253951934223	-1.71751406825387	-1.96253951934223	-1.71751406825387	0.0107256483335024	0	0	"default"	0.044125751060168	1.97678701770551e-06	0.822185126580791	0.935449336464352	0	1	1	"down"	6	TRUE	FALSE	-1.89327505540927	-1.82546824852087	0.0617172421892558	FALSE	FALSE	FALSE	-1.84002679379805	2.55753152328242e-77	0	TRUE	TRUE	-1.79758289678846	0.00347951313763492	0	TRUE	TRUE	TRUE	TRUE	FALSE	FALSE	FALSE	FALSE	FALSE	FALSE	FALSE	FALSE	FALSE	TRUE	FALSE	FALSE	FALSE	TRUE	TRUE
"3915"	"LAMC1"	"exploratory_only"	"I2_ge_75"	TRUE	6	167	0.842704856131873	0.369478974525339	1.31593073773841	-0.268899963495989	1.95430967575974	0.0465036340733059	83.8822381899195	0.153108237412488	"default"	0.184092906534288	0.00596044720887343	22.1064324479716	0.000499757927651998	0.833333333333333	0.166666666666667	0.833333333333333	"up"	6	TRUE	FALSE	0.793489185948794	1.01223402640354	0.140665345307086	TRUE	FALSE	FALSE	0.911911656991221	3.31321254139411e-40	77.3821487851205	TRUE	TRUE	0.889068131365599	0.0381436135646077	85.8200860498004	TRUE	TRUE	FALSE	FALSE	TRUE	TRUE	FALSE	FALSE	FALSE	FALSE	FALSE	FALSE	FALSE	FALSE	TRUE	FALSE	FALSE	TRUE	TRUE
"3950"	"LECT2"	"high_confidence"	""	TRUE	6	167	-1.72700380434014	-2.18808017876696	-1.26592742991332	-2.18809356573189	-1.26591404294838	0.0158964558365635	0.00119393305048188	1.86822176312638e-06	"default"	0.179366541860235	0.000204935585172884	6.77763382746894	0.237710165560933	0	1	1	"down"	6	TRUE	FALSE	-1.81962228280739	-1.66562961592	0.072493445647355	FALSE	FALSE	FALSE	-1.72700414367772	4.4581040586144e-28	26.2279413836789	TRUE	TRUE	-1.75405338289498	0.0130352695377189	0.0035933919520803	TRUE	TRUE	TRUE	TRUE	FALSE	FALSE	FALSE	FALSE	FALSE	FALSE	FALSE	FALSE	FALSE	TRUE	FALSE	FALSE	FALSE	TRUE	TRUE
"3990"	"LIPC"	"high_confidence"	""	TRUE	6	167	-1.09559789953326	-1.36736494310476	-0.823830855961772	-1.36740563464152	-0.823790164425004	0.0144254850712544	0.00548959913508562	3.34734534524555e-06	"default"	0.105721996399395	0.00014404350763625	6.14402600815403	0.292455806237147	0	1	1	"down"	6	TRUE	FALSE	-1.1373083970383	-1.05335096000255	0.0752583275615324	FALSE	FALSE	FALSE	-1.09560255559973	2.04824131476674e-29	18.6201361556044	TRUE	TRUE	-1.14468664887805	0.0105305852270107	0.0106323884171769	TRUE	TRUE	TRUE	TRUE	FALSE	FALSE	FALSE	FALSE	FALSE	FALSE	FALSE	FALSE	FALSE	TRUE	FALSE	FALSE	FALSE	TRUE	TRUE
"401466"	"RBIS"	"high_confidence"	""	TRUE	5	144	0.687770943977611	0.566897034049959	0.808644853905264	0.566897034049959	0.808644853905264	0.0127759792996141	0	0	"default"	0.043535494255357	9.38074047249219e-05	3.03830984366306	0.551434935253712	1	0	1	"up"	6	TRUE	FALSE	0.653981149744997	0.703310967853116	0.0708191577865635	FALSE	FALSE	FALSE	0.687770943977611	1.17259426620335e-41	0	TRUE	TRUE	0.751036361470183	0.0208084299200535	63.2458879414302	TRUE	TRUE	TRUE	TRUE	FALSE	FALSE	FALSE	FALSE	FALSE	FALSE	FALSE	FALSE	FALSE	TRUE	FALSE	FALSE	FALSE	TRUE	TRUE
"401546"	"C9orf152"	"high_confidence"	""	TRUE	5	144	0.622433749392112	0.315822850156333	0.929044648627891	0.0492999268619388	1.19556757192229	0.0428123433710504	45.1532751273974	0.0304167673207272	"default"	0.110432905250592	0.00487661112193659	6.62973905713182	0.156797135268393	1	0	1	"up"	6	TRUE	FALSE	0.524568420375536	0.70147910892009	0.131643147853032	TRUE	FALSE	FALSE	0.610964633978507	2.68292336153511e-13	39.6658003349758	TRUE	TRUE	0.658218662501561	0.0250423488074301	6.84076370494944	TRUE	TRUE	TRUE	TRUE	FALSE	FALSE	FALSE	FALSE	FALSE	FALSE	FALSE	FALSE	FALSE	TRUE	FALSE	FALSE	FALSE	TRUE	TRUE
"4060"	"LUM"	"intermediate_confidence"	""	TRUE	6	167	-0.72401345968857	-1.0955164410824	-0.352510478294738	-1.46544805879637	0.0174211394192336	0.0398601464367114	53.7062090744084	0.0623059310766597	"default"	0.144520970405858	0.00407062374806733	10.3397280817048	0.0661619678886307	0	1	1	"down"	6	TRUE	FALSE	-0.819365962034906	-0.617583746676277	0.129285381608572	TRUE	FALSE	FALSE	-0.617909784415212	6.15366304064789e-13	51.6428288975315	TRUE	TRUE	-0.612742070484862	0.0326711894865202	29.9353888720362	TRUE	TRUE	FALSE	FALSE	TRUE	FALSE	FALSE	FALSE	FALSE	FALSE	FALSE	FALSE	FALSE	FALSE	FALSE	TRUE	FALSE	TRUE	TRUE
"4061"	"LY6E"	"exploratory_only"	"I2_ge_75"	TRUE	6	167	-1.48197052487203	-2.26388631295588	-0.700054736788177	-3.45497785821209	0.491036808468033	0.041934629311689	89.3640977111718	0.496582896239863	"default"	0.304178523805019	0.00458469662362991	42.8582028141644	3.94784646755809e-08	0	1	1	"down"	6	TRUE	FALSE	-1.76294563758931	-1.29985052254521	0.121908088700828	TRUE	FALSE	FALSE	-1.47164252444052	3.95083118871305e-51	88.3336218700531	TRUE	TRUE	-1.50539302348155	0.0366417460757109	88.9469667841855	TRUE	TRUE	FALSE	FALSE	TRUE	TRUE	FALSE	FALSE	FALSE	FALSE	FALSE	FALSE	FALSE	FALSE	TRUE	FALSE	FALSE	TRUE	TRUE
"4153"	"MBL2"	"intermediate_confidence"	""	TRUE	6	167	-1.50680659050837	-2.19664429205027	-0.81696888896647	-2.87833870594275	-0.135274475073985	0.03284577080165	67.7654010020356	0.212658516127386	"default"	0.268358584028949	0.00247899318958242	12.1703705219463	0.0325264324631855	0.166666666666667	0.833333333333333	0.833333333333333	"down"	6	TRUE	FALSE	-1.71458632478891	-1.37745810351413	0.122534100459234	TRUE	FALSE	FALSE	-1.61946897395593	2.24562338875754e-37	58.9166164581128	TRUE	TRUE	-1.5952160270971	0.0223553516897799	48.7659210210611	TRUE	TRUE	TRUE	FALSE	TRUE	FALSE	FALSE	FALSE	FALSE	FALSE	FALSE	FALSE	FALSE	FALSE	FALSE	TRUE	FALSE	TRUE	TRUE
"4171"	"MCM2"	"exploratory_only"	"I2_ge_75"	TRUE	6	167	1.16819353142687	0.543647153735813	1.79273990911793	-0.204421709797548	2.54080877265129	0.0427623746011218	84.0415005981113	0.226095501348327	"default"	0.242959149960873	0.00484854908203482	18.9008714837515	0.0020055840905911	0.833333333333333	0.166666666666667	0.833333333333333	"up"	6	TRUE	FALSE	1.07646338864638	1.32154124047008	0.135586498109566	TRUE	FALSE	FALSE	1.23792629395509	2.94599228583678e-51	73.5461933366493	TRUE	TRUE	1.22693012683368	0.0125914189673651	0.00526326483325983	TRUE	TRUE	FALSE	FALSE	TRUE	TRUE	FALSE	FALSE	FALSE	FALSE	FALSE	FALSE	FALSE	FALSE	TRUE	FALSE	FALSE	TRUE	TRUE
"4172"	"MCM3"	"exploratory_only"	"I2_ge_75"	TRUE	6	167	0.939850045842014	0.401323132335269	1.47837695934876	-0.385389843655792	2.26508993533982	0.0483778280333531	90.9483042161076	0.221893722820203	"default"	0.209496117198478	0.00648124743463911	36.9969385020191	5.99795028623222e-07	0.833333333333333	0.166666666666667	0.833333333333333	"up"	6	TRUE	FALSE	0.837929439214949	1.1024461975069	0.140833185663637	TRUE	FALSE	FALSE	0.970083360875992	1.25765063713357e-59	86.4853682427611	TRUE	TRUE	0.942101347053393	0.0402763911595619	90.1831666457664	TRUE	TRUE	FALSE	FALSE	TRUE	TRUE	FALSE	FALSE	FALSE	FALSE	FALSE	FALSE	FALSE	FALSE	TRUE	FALSE	FALSE	TRUE	TRUE
"4201"	"MEA1"	"intermediate_confidence"	""	TRUE	5	144	0.652883221846822	0.425822994228938	0.879943449464706	0.232891745392424	1.07287469830122	0.0255721745479553	63.7379942868884	0.0161943446744394	"default"	0.0817809173294309	0.00133444738886785	10.5943472244789	0.0315219007608011	1	0	1	"up"	6	TRUE	FALSE	0.597084562989831	0.706922772713268	0.0998000301210596	FALSE	FALSE	FALSE	0.602071628095839	8.05250675715841e-48	62.2440164056757	TRUE	TRUE	0.632825128095877	0.027195029017482	70.6022762807036	TRUE	TRUE	TRUE	FALSE	TRUE	FALSE	FALSE	FALSE	FALSE	FALSE	FALSE	FALSE	FALSE	FALSE	FALSE	TRUE	FALSE	TRUE	TRUE
"4255"	"MGMT"	"exploratory_only"	"I2_ge_75"	TRUE	6	167	-0.762634645975592	-1.19032813748436	-0.334941154466825	-1.7412520326885	0.215982740737316	0.0464577354369775	86.6316937754467	0.117249250930607	"default"	0.166380033337043	0.0059275264735346	22.5207426472591	0.000416733324380245	0.166666666666667	0.833333333333333	0.833333333333333	"down"	6	TRUE	FALSE	-0.903838554688625	-0.675740285537937	0.142857982112412	TRUE	FALSE	FALSE	-0.877403169892041	2.59079672295251e-61	77.7982454738962	TRUE	TRUE	-0.784737082369786	0.0355404017426034	84.6608062983005	TRUE	TRUE	FALSE	FALSE	TRUE	TRUE	FALSE	FALSE	FALSE	FALSE	FALSE	FALSE	FALSE	FALSE	TRUE	FALSE	FALSE	TRUE	TRUE
"432"	"ASGR1"	"high_confidence"	""	TRUE	6	167	-0.622313697795153	-0.838312410942488	-0.406314984647818	-0.838328440720061	-0.406298954870245	0.0202639460887176	0.00465383693383589	1.04800149346975e-06	"default"	0.084027168539401	0.000706407953036861	12.0771562657749	0.0337457202205267	0.166666666666667	0.833333333333333	0.833333333333333	"down"	6	TRUE	FALSE	-0.673393865596981	-0.604577257512524	0.19487037320663	TRUE	FALSE	FALSE	-0.622312808907704	1.58132646163945e-29	58.5995255011365	TRUE	TRUE	-0.660237703207979	0.0166649358789524	0	TRUE	TRUE	TRUE	TRUE	FALSE	FALSE	FALSE	FALSE	FALSE	FALSE	FALSE	FALSE	FALSE	TRUE	FALSE	FALSE	FALSE	TRUE	TRUE
"435"	"ASL"	"exploratory_only"	"I2_ge_75"	TRUE	6	167	-0.734171753409324	-1.15231201257675	-0.316031494241901	-1.60018148759555	0.131837980776897	0.0478856240792214	83.3728190205085	0.0870370872730002	"default"	0.162663663677495	0.00632090606064964	18.887091359344	0.00201746232339022	0	1	1	"down"	6	TRUE	FALSE	-0.811849077720632	-0.606481304498999	0.138386732855024	TRUE	FALSE	FALSE	-0.595826612981915	4.99988722060768e-39	73.5268924956708	TRUE	TRUE	-0.750497557925768	0.0387805029969595	82.0521753161355	TRUE	TRUE	FALSE	FALSE	TRUE	TRUE	FALSE	FALSE	FALSE	FALSE	FALSE	FALSE	FALSE	FALSE	TRUE	FALSE	FALSE	TRUE	TRUE
"445"	"ASS1"	"exploratory_only"	"I2_ge_75"	TRUE	5	144	-1.31712864693411	-1.85960490409885	-0.774652389769378	-2.46572186752761	-0.168535426340613	0.0328980491115953	85.238230664078	0.132965725460103	"default"	0.195385190994471	0.00252368487120166	21.619051428137	0.000238624530282264	0	1	1	"down"	6	TRUE	FALSE	-1.44782184544655	-1.22622729187465	0.102122508370398	TRUE	FALSE	FALSE	-1.12055839988415	7.22938392170759e-69	81.4978006167557	TRUE	TRUE	-1.33977409391452	0.0274532469247696	84.4265542442882	TRUE	TRUE	TRUE	FALSE	TRUE	TRUE	FALSE	FALSE	FALSE	FALSE	FALSE	FALSE	FALSE	FALSE	TRUE	FALSE	FALSE	TRUE	TRUE
"4493"	"MT1E"	"exploratory_only"	"I2_ge_75"	TRUE	6	167	-1.96433762736185	-3.10060591934998	-0.828069335373721	-4.61886499139974	0.690189736676037	0.0491047427774947	92.5522645788971	0.870990444296437	"default"	0.442027667135857	0.00674024318459802	32.7342757045478	4.24941045008611e-06	0.166666666666667	0.833333333333333	0.833333333333333	"down"	6	TRUE	FALSE	-2.24444615346046	-1.81095002118692	0.144039604687403	TRUE	FALSE	FALSE	-2.12649911137745	3.68121259592278e-90	84.7254906596106	TRUE	TRUE	-1.90601478634596	0.0447620368589478	91.6417451356585	TRUE	TRUE	FALSE	FALSE	TRUE	TRUE	FALSE	FALSE	FALSE	FALSE	FALSE	FALSE	FALSE	FALSE	TRUE	FALSE	FALSE	TRUE	TRUE
"4494"	"MT1F"	"exploratory_only"	"I2_ge_75"	TRUE	5	144	-3.20439781048559	-4.21069098589953	-2.19810463507165	-5.32385868517274	-1.08493693579843	0.0225884394824362	82.1428112377232	0.451374703483638	"default"	0.362439427860487	0.000903537579297449	19.8248798431847	0.000540759185918535	0	1	1	"down"	6	TRUE	FALSE	-3.4460795943056	-2.9587443436406	0.094147989575098	FALSE	FALSE	FALSE	-3.0487222104896	1.21296983431132e-112	79.8233329450665	TRUE	TRUE	-3.10213764346241	0.0217177047410402	79.1418048305822	TRUE	TRUE	TRUE	FALSE	TRUE	TRUE	FALSE	FALSE	FALSE	FALSE	FALSE	FALSE	FALSE	FALSE	TRUE	FALSE	FALSE	TRUE	TRUE
"4499"	"MT1M"	"high_confidence"	""	TRUE	5	144	-3.45840215453283	-3.9684481718155	-2.94835613725017	-4.36569292425942	-2.55111138480624	0.0115802536922153	33.8495656369347	0.0730387018954052	"default"	0.183704700780075	4.68818730030124e-05	5.26651362356388	0.261028058811136	0	1	1	"down"	6	TRUE	FALSE	-3.54814037524942	-3.23464300529329	0.0629178810209432	FALSE	FALSE	FALSE	-3.50270808506701	1.44089009357752e-102	24.0484258484996	TRUE	TRUE	-3.15704725643942	0.0123786712920906	2.96292676950181	TRUE	TRUE	TRUE	TRUE	FALSE	FALSE	FALSE	FALSE	FALSE	FALSE	FALSE	FALSE	FALSE	TRUE	FALSE	FALSE	FALSE	TRUE	TRUE
"4501"	"MT1X"	"exploratory_only"	"I2_ge_75"	TRUE	5	144	-2.62935018532037	-3.55001342967725	-1.70868694096348	-4.66056882598583	-0.598131544654905	0.0256649368834354	82.9272483709722	0.425266350520334	"default"	0.331597856061807	0.00136931515539315	24.3190268401738	6.893348739725e-05	0	1	1	"down"	6	TRUE	FALSE	-2.87532934686439	-2.48322631119007	0.101887661329994	TRUE	FALSE	FALSE	-2.50627686447642	4.04752538230158e-84	83.5519734145274	TRUE	TRUE	-2.58198141508907	0.0239766094436956	80.5738245621888	TRUE	TRUE	TRUE	FALSE	TRUE	TRUE	FALSE	FALSE	FALSE	FALSE	FALSE	FALSE	FALSE	FALSE	TRUE	FALSE	FALSE	TRUE	TRUE
"4547"	"MTTP"	"high_confidence"	""	TRUE	5	144	-1.19685429835727	-1.51710722872492	-0.87660136798962	-1.77363610081631	-0.620072495898234	0.0189508407128152	33.7181049778432	0.029851580392277	"default"	0.115346393763776	0.000487054870243814	4.99494218146585	0.287816852802175	0	1	1	"down"	6	TRUE	FALSE	-1.30346716568338	-1.06078932068929	0.0697459314230042	FALSE	FALSE	FALSE	-1.17323168248991	2.21519286497755e-30	19.918992959673	TRUE	TRUE	-1.14372622529946	0.015781834942266	26.6566825964998	TRUE	TRUE	TRUE	TRUE	FALSE	FALSE	FALSE	FALSE	FALSE	FALSE	FALSE	FALSE	FALSE	TRUE	FALSE	FALSE	FALSE	TRUE	TRUE
"4616"	"GADD45B"	"exploratory_only"	"I2_ge_75"	TRUE	6	167	-1.09306222278845	-1.7062773091756	-0.479847136401305	-2.58826589805063	0.402141452473724	0.0464818596675499	85.6961959535859	0.281421303067069	"default"	0.238551085161369	0.00593617492737537	29.4280394722498	1.91083655733616e-05	0	1	1	"down"	6	TRUE	FALSE	-1.27802383734259	-0.939306062965001	0.139235025459141	TRUE	FALSE	FALSE	-1.20139428052292	5.38615247473903e-43	83.0094016126528	TRUE	TRUE	-1.07943361181816	0.0468680762900595	87.8481951982027	TRUE	TRUE	FALSE	FALSE	TRUE	TRUE	FALSE	FALSE	FALSE	FALSE	FALSE	FALSE	FALSE	FALSE	TRUE	FALSE	FALSE	TRUE	TRUE
"4703"	"NEB"	"high_confidence"	""	TRUE	6	167	0.706974242623122	0.522782067926081	0.891166417320164	0.5209400043444	0.893008480901845	0.0158016047388783	0.276873719932216	0.000103206998274197	"default"	0.0716538847912021	0.000182320445832393	4.57464386418446	0.469958885804408	1	0	1	"up"	6	TRUE	FALSE	0.66448501592233	0.768953263632076	0.0651645160379729	FALSE	FALSE	FALSE	0.706991008739743	2.64104486488121e-20	0	TRUE	TRUE	0.735806134504275	0.00932974376051547	0	TRUE	TRUE	TRUE	TRUE	FALSE	FALSE	FALSE	FALSE	FALSE	FALSE	FALSE	FALSE	FALSE	TRUE	FALSE	FALSE	FALSE	TRUE	TRUE
"4758"	"NEU1"	"high_confidence"	""	TRUE	5	144	0.978595181235468	0.812468148996105	1.14472221347483	0.812468148996105	1.14472221347483	0.0127759792996141	0	0	"default"	0.0598344379034742	8.1808153621841e-05	3.80605832993233	0.432888784161719	1	0	1	"up"	6	TRUE	FALSE	0.943451279211774	1.03237575404945	0.0622985093653561	FALSE	FALSE	FALSE	0.978595181235467	1.91692123283524e-55	0	TRUE	TRUE	0.967394212608431	0.0114403861926839	0	TRUE	TRUE	TRUE	TRUE	FALSE	FALSE	FALSE	FALSE	FALSE	FALSE	FALSE	FALSE	FALSE	TRUE	FALSE	FALSE	FALSE	TRUE	TRUE
"4783"	"NFIL3"	"high_confidence"	""	TRUE	6	167	-0.610172365931913	-0.853927985201647	-0.36641674666218	-1.09366211543012	-0.126682616433711	0.025622457923278	49.1923964824653	0.0263844449973653	"default"	0.0948250765217887	0.00134700143392998	9.11427747353135	0.104591915025344	0	1	1	"down"	6	TRUE	FALSE	-0.710179527412787	-0.545024463637367	0.103256819264561	TRUE	FALSE	FALSE	-0.65119898765848	5.27839586366723e-23	45.1410162295318	TRUE	TRUE	-0.604843076340511	0.0173981511000153	11.4126935457977	TRUE	TRUE	TRUE	TRUE	FALSE	FALSE	FALSE	FALSE	FALSE	FALSE	FALSE	FALSE	FALSE	TRUE	FALSE	FALSE	FALSE	TRUE	TRUE
"4860"	"PNP"	"intermediate_confidence"	""	TRUE	5	144	-0.743831389724769	-0.986387518921489	-0.501275260528048	-1.21638270765683	-0.271280071792704	0.0235541760066957	54.110776584097	0.021335944331203	"default"	0.0873621195472694	0.00104382292730392	8.12567189460919	0.0870816445651765	0	1	1	"down"	6	TRUE	FALSE	-0.78199253012531	-0.656273751032276	0.0963417657254812	FALSE	FALSE	FALSE	-0.73638877627646	2.35577886898984e-36	50.7733015573313	TRUE	TRUE	-0.656115228633	0.00941659797568599	0	TRUE	TRUE	TRUE	FALSE	TRUE	FALSE	FALSE	FALSE	FALSE	FALSE	FALSE	FALSE	FALSE	FALSE	FALSE	TRUE	FALSE	TRUE	TRUE
"4897"	"NRCAM"	"high_confidence"	""	TRUE	6	167	0.647553948623051	0.504801183421493	0.790306713824609	0.504801183421493	0.790306713824609	0.0127759792996141	0	0	"default"	0.0555332505748533	8.14821967485701e-05	2.50454963096055	0.775809732305943	1	0	1	"up"	6	TRUE	FALSE	0.606107671446416	0.668671059914667	0.0639313101161539	FALSE	FALSE	FALSE	0.647553948623051	8.55419929437617e-16	0	TRUE	TRUE	0.65070681542638	0.0130352695377189	0	TRUE	TRUE	TRUE	TRUE	FALSE	FALSE	FALSE	FALSE	FALSE	FALSE	FALSE	FALSE	FALSE	TRUE	FALSE	FALSE	FALSE	TRUE	TRUE
"5050"	"PAFAH1B3"	"intermediate_confidence"	""	TRUE	6	167	0.816991557246348	0.388940603009632	1.24504251148306	0.0827451856462433	1.55123792884645	0.0416629427462599	59.3907341665831	0.0538583515075005	"default"	0.16651909241036	0.00445007707316441	12.635132458248	0.0270487549514185	0.833333333333333	0.166666666666667	0.833333333333333	"up"	6	TRUE	FALSE	0.756497911505336	0.873309105316002	0.151499098123401	TRUE	FALSE	FALSE	0.808855194219722	5.3214412146172e-27	60.4277991028418	TRUE	TRUE	0.832018619082375	0.0414802378982806	70.3170014383631	TRUE	TRUE	TRUE	FALSE	TRUE	FALSE	FALSE	FALSE	FALSE	FALSE	FALSE	FALSE	FALSE	FALSE	FALSE	TRUE	FALSE	TRUE	TRUE
"50808"	"AK3"	"intermediate_confidence"	""	TRUE	6	167	-0.592692876044834	-0.91185653731618	-0.273529214773488	-1.27077327574947	0.0853875236598003	0.043171032547501	72.3838581161284	0.0541666905843132	"default"	0.124160085801097	0.00499877089229441	16.1217582968138	0.00650491086329868	0.166666666666667	0.833333333333333	0.833333333333333	"down"	6	TRUE	FALSE	-0.684093627973503	-0.522934341689301	0.132993412058786	TRUE	FALSE	FALSE	-0.655131992229973	1.18924976966744e-30	68.9860131386029	TRUE	TRUE	-0.579916397373981	0.0347272050126573	63.9688726584727	FALSE	TRUE	FALSE	FALSE	TRUE	FALSE	FALSE	FALSE	FALSE	FALSE	FALSE	FALSE	FALSE	FALSE	FALSE	TRUE	FALSE	TRUE	TRUE
"51001"	"MTERF3"	"high_confidence"	""	TRUE	5	144	0.609931400781456	0.476475395760611	0.743387405802301	0.464470478984325	0.755392322578587	0.0161863061638947	3.02129046013641	0.000434366019168866	"default"	0.0480672226405634	0.000222153109540813	3.61984206485446	0.459891516128531	1	0	1	"up"	6	TRUE	FALSE	0.558657951774059	0.636561665174216	0.0661837836750769	FALSE	FALSE	FALSE	0.610296819625436	1.04525593152937e-32	0	TRUE	TRUE	0.652045298980835	0.01629980212437	38.5196422537365	TRUE	TRUE	TRUE	TRUE	FALSE	FALSE	FALSE	FALSE	FALSE	FALSE	FALSE	FALSE	FALSE	TRUE	FALSE	FALSE	FALSE	TRUE	TRUE
"51018"	"RRP15"	"high_confidence"	""	TRUE	5	144	0.701964701697754	0.569731549849476	0.834197853546032	0.502209650171422	0.901719753224086	0.0138847891656687	19.7115824199095	0.00290796464475317	"default"	0.047626784192752	0.000123334160745325	4.06397360334869	0.397417192671197	1	0	1	"up"	6	TRUE	FALSE	0.652143343443085	0.732677791550873	0.0711465460526496	FALSE	FALSE	FALSE	0.697478474148568	7.19933687241799e-51	1.57416385027598	TRUE	TRUE	0.757661850587566	0.0125914189673651	30.2406221442128	TRUE	TRUE	TRUE	TRUE	FALSE	FALSE	FALSE	FALSE	FALSE	FALSE	FALSE	FALSE	FALSE	TRUE	FALSE	FALSE	FALSE	TRUE	TRUE
"51026"	"GOLT1B"	"high_confidence"	""	TRUE	5	144	0.736618286908892	0.62690396949856	0.846332604319223	0.62690396949856	0.846332604319223	0.0115802536922153	0	0	"default"	0.0395161126020228	4.875190599396e-05	2.78344501470556	0.594693764986108	1	0	1	"up"	6	TRUE	FALSE	0.704246126511798	0.758803837569785	0.0622985093653561	FALSE	FALSE	FALSE	0.736618286908891	9.56121640541422e-53	0	TRUE	TRUE	0.771357527967847	0.0114403861926839	0	TRUE	TRUE	TRUE	TRUE	FALSE	FALSE	FALSE	FALSE	FALSE	FALSE	FALSE	FALSE	FALSE	TRUE	FALSE	FALSE	FALSE	TRUE	TRUE
"5105"	"PCK1"	"high_confidence"	""	TRUE	6	167	-1.80518776938388	-2.50466163644093	-1.10571390232682	-2.84264241600982	-0.767733122757932	0.0244309271408705	45.5394622068535	0.0888405174126226	"default"	0.27210721610188	0.00117241153150881	13.5812541161756	0.0184999579633046	0	1	1	"down"	6	TRUE	FALSE	-1.88264647626767	-1.68811594683751	0.121837165163884	TRUE	FALSE	FALSE	-1.8049146195591	7.55214567987208e-47	63.1845486636987	TRUE	TRUE	-1.86743723955448	0.0370802976014306	71.3383604820716	TRUE	TRUE	TRUE	TRUE	FALSE	FALSE	FALSE	FALSE	FALSE	FALSE	FALSE	FALSE	FALSE	TRUE	FALSE	FALSE	FALSE	TRUE	TRUE
"51066"	"SSUH2"	"intermediate_confidence"	""	TRUE	5	144	0.738657692805928	0.338377536898897	1.13893784871296	-0.130645712495631	1.60796109810749	0.0493877979346011	71.4609776489488	0.0772462631437592	"default"	0.144170023443887	0.00686933243121205	12.7791516507603	0.0124068630149942	1	0	1	"up"	6	TRUE	FALSE	0.53195893541555	0.846954273126971	0.125994584362726	TRUE	FALSE	FALSE	0.633306668360668	2.01168083517568e-17	68.6990176710044	TRUE	TRUE	0.744842630697238	0.03914783452065	63.7118062243994	TRUE	TRUE	FALSE	FALSE	TRUE	FALSE	FALSE	FALSE	FALSE	FALSE	FALSE	FALSE	FALSE	FALSE	FALSE	TRUE	FALSE	TRUE	TRUE
"51126"	"NAA20"	"exploratory_only"	"I2_ge_75"	TRUE	5	144	0.645394781643035	0.382578268143479	0.90821129514259	0.0882137069724558	1.20257585631361	0.0326050821527862	84.158645028548	0.0313126566806759	"default"	0.0946593588353451	0.00241909435556818	15.7606447868459	0.0033577487934358	1	0	1	"up"	6	TRUE	FALSE	0.547816850138762	0.70245922711731	0.114816454000732	TRUE	FALSE	FALSE	0.583317980990599	3.64554583737834e-71	74.6203276953589	FALSE	TRUE	0.637678282698622	0.0282137191244791	83.2777855681646	TRUE	TRUE	TRUE	FALSE	TRUE	TRUE	FALSE	FALSE	FALSE	FALSE	FALSE	FALSE	FALSE	FALSE	TRUE	FALSE	FALSE	TRUE	TRUE
"51155"	"JPT1"	"high_confidence"	""	TRUE	5	144	0.790376954442073	0.69814875455484	0.882605154329305	0.69804902641764	0.882704882466506	0.0107256483335024	0.0233501008054106	2.38763531882974e-06	"default"	0.0332180887403722	1.85018782945631e-05	2.54434560640488	0.636713017127705	1	0	1	"up"	6	TRUE	FALSE	0.780625775234888	0.810723947917714	0.0617172421892558	FALSE	FALSE	FALSE	0.790371532975884	6.42689091701122e-78	0	TRUE	TRUE	0.824857843863465	0.0168232584683488	58.5990319563825	TRUE	TRUE	TRUE	TRUE	FALSE	FALSE	FALSE	FALSE	FALSE	FALSE	FALSE	FALSE	FALSE	TRUE	FALSE	FALSE	FALSE	TRUE	TRUE
"51175"	"TUBE1"	"exploratory_only"	"I2_ge_75"	TRUE	6	167	-0.679201927597444	-1.03510246201112	-0.323301393183772	-1.39535430479693	0.0369504496020395	0.0416629427462599	82.7500237898568	0.058446641827095	"default"	0.138451353495063	0.00445233916352377	25.248175551007	0.000124770138641974	0.166666666666667	0.833333333333333	0.833333333333333	"down"	6	TRUE	FALSE	-0.743349384419239	-0.624676589796342	0.140582673799686	TRUE	FALSE	FALSE	-0.637519707033609	6.69046161678778e-55	80.1965888984775	TRUE	TRUE	-0.678545544199426	0.0271740363227829	76.1903381645129	TRUE	TRUE	FALSE	FALSE	TRUE	TRUE	FALSE	FALSE	FALSE	FALSE	FALSE	FALSE	FALSE	FALSE	TRUE	FALSE	FALSE	TRUE	TRUE
"5118"	"PCOLCE"	"intermediate_confidence"	""	TRUE	6	167	-0.972999630717017	-1.40833174015256	-0.53766752128147	-1.75103769195228	-0.194961569481749	0.031543962323982	54.6371747940859	0.0629291828330639	"default"	0.16935158546617	0.00223942078417474	11.536016868776	0.0417292774823824	0.166666666666667	0.833333333333333	0.833333333333333	"down"	6	TRUE	FALSE	-1.06481939974087	-0.890017650186576	0.112522569961047	TRUE	FALSE	FALSE	-1.00950096637084	7.32641363301884e-28	56.657483628225	TRUE	TRUE	-0.950980565978102	0.0238699728682066	41.6543572813152	TRUE	TRUE	TRUE	FALSE	TRUE	FALSE	FALSE	FALSE	FALSE	FALSE	FALSE	FALSE	FALSE	FALSE	FALSE	TRUE	FALSE	TRUE	TRUE
"51192"	"CKLF"	"intermediate_confidence"	""	TRUE	5	144	0.785899215155587	0.547197794416086	1.02460063589509	0.328154615082039	1.24364381522914	0.0211488790393999	50.8567621532609	0.0197896910156461	"default"	0.0859737584195804	0.00079482070188155	7.64621318355136	0.105432077326823	1	0	1	"up"	6	TRUE	FALSE	0.720718317022811	0.852434663197575	0.0931703119767473	FALSE	FALSE	FALSE	0.797042348777153	2.55817576404653e-40	47.6865226749766	TRUE	TRUE	0.844289638349694	0.0247560410301806	70.6703284299396	TRUE	TRUE	TRUE	FALSE	TRUE	FALSE	FALSE	FALSE	FALSE	FALSE	FALSE	FALSE	FALSE	FALSE	FALSE	TRUE	FALSE	TRUE	TRUE
"51266"	"CLEC1B"	"high_confidence"	""	TRUE	5	144	-3.09195834918372	-3.26980319895278	-2.91411349941465	-3.26980319895278	-2.91411349941465	0.0107256483335024	0	0	"default"	0.0640548770210228	1.10200595527691e-06	1.49499683509061	0.827527344161154	0	1	1	"down"	6	TRUE	FALSE	-3.17595124587534	-3.05849664830073	0.0617172421892558	FALSE	FALSE	FALSE	-3.09195834918372	1.90857778145834e-187	0	TRUE	TRUE	-3.15606177850116	0.00347951313763492	0	TRUE	TRUE	TRUE	TRUE	FALSE	FALSE	FALSE	FALSE	FALSE	FALSE	FALSE	FALSE	FALSE	TRUE	FALSE	FALSE	FALSE	TRUE	TRUE
"51302"	"CYP39A1"	"exploratory_only"	"I2_ge_75"	TRUE	6	167	-1.46231464165522	-2.27059468046371	-0.654034602846726	-3.36075084467684	0.436121561366402	0.0453390502007312	91.0677347759437	0.446548438457839	"default"	0.314434665180933	0.00557903242538863	26.961301182896	5.80408383303871e-05	0.166666666666667	0.833333333333333	0.833333333333333	"down"	6	TRUE	FALSE	-1.69679650544166	-1.29921814950311	0.139710909081529	TRUE	FALSE	FALSE	-1.48948013556133	6.91329353802314e-93	81.4549009853724	TRUE	TRUE	-1.50136752745328	0.0342955829258471	90.4326864678114	TRUE	TRUE	FALSE	FALSE	TRUE	TRUE	FALSE	FALSE	FALSE	FALSE	FALSE	FALSE	FALSE	FALSE	TRUE	FALSE	FALSE	TRUE	TRUE
"51312"	"SLC25A37"	"high_confidence"	""	TRUE	5	144	-0.661389062134244	-0.830306069979555	-0.492472054288933	-0.943024301173016	-0.379753823095472	0.0181252972389415	37.6942739861053	0.00658811456117584	"default"	0.060839311221778	0.000406396687715424	6.56862404495108	0.160517543327479	0	1	1	"down"	6	TRUE	FALSE	-0.71716903355312	-0.63100624876101	0.081392558490453	FALSE	FALSE	FALSE	-0.648905586750057	1.87626926614394e-45	39.104446035779	TRUE	TRUE	-0.683319583278255	0.0249515934384998	69.06167434519	TRUE	TRUE	TRUE	TRUE	FALSE	FALSE	FALSE	FALSE	FALSE	FALSE	FALSE	FALSE	FALSE	TRUE	FALSE	FALSE	FALSE	TRUE	TRUE
"51504"	"TRMT112"	"exploratory_only"	"I2_ge_75"	TRUE	5	144	0.669759646284521	0.307472370440021	1.03204692212902	-0.135449010328607	1.47496830289765	0.0493404530146433	84.4355286525838	0.0670816658390984	"default"	0.130486021555499	0.00682520795985666	21.0633226981102	0.000307644723501333	1	0	1	"up"	6	TRUE	FALSE	0.5695065777224	0.762380651515906	0.148584735112864	TRUE	FALSE	FALSE	0.661012076494647	1.5746106710174e-42	81.0096438376324	TRUE	TRUE	0.652243464264836	0.0385757795044878	82.3974914135703	TRUE	TRUE	FALSE	FALSE	TRUE	TRUE	FALSE	FALSE	FALSE	FALSE	FALSE	FALSE	FALSE	FALSE	TRUE	FALSE	FALSE	TRUE	TRUE
"51506"	"UFC1"	"intermediate_confidence"	""	TRUE	5	144	0.78469618345431	0.522352186555476	1.04704018035314	0.231560039957187	1.33783232695143	0.0243463972657534	71.0762299364332	0.0307622346109392	"default"	0.0944891712095078	0.00114819695448472	15.1531275967867	0.00439393343233178	1	0	1	"up"	6	TRUE	FALSE	0.712427304380182	0.874077458522746	0.0937836732195085	TRUE	FALSE	FALSE	0.766936550125835	2.80932511480644e-56	73.6028092256795	TRUE	TRUE	0.794353424570969	0.023343124264898	77.0146640467122	TRUE	TRUE	TRUE	FALSE	TRUE	FALSE	FALSE	FALSE	FALSE	FALSE	FALSE	FALSE	FALSE	FALSE	FALSE	TRUE	FALSE	TRUE	TRUE
"51520"	"LARS1"	"high_confidence"	""	TRUE	5	144	0.612226053782501	0.565580642373269	0.658871465191733	0.565580642373269	0.658871465191733	0.0107256483335024	0	0	"default"	0.0168004083069774	3.38537080019631e-06	0.829646428267559	0.934429937773876	1	0	1	"up"	6	TRUE	FALSE	0.603924474349646	0.626942460820939	0.0617172421892558	FALSE	FALSE	FALSE	0.612226053782501	6.95875063463943e-60	0	TRUE	TRUE	0.593167708216358	0.00411592698910574	0	TRUE	TRUE	TRUE	TRUE	FALSE	FALSE	FALSE	FALSE	FALSE	FALSE	FALSE	FALSE	FALSE	TRUE	FALSE	FALSE	FALSE	TRUE	TRUE
"51629"	"SLC25A39"	"high_confidence"	""	TRUE	5	144	0.687888339264492	0.609733556468233	0.766043122060752	0.609733556468233	0.766043122060752	0.0107256483335024	0	0	"default"	0.0281492267395979	1.66384368747038e-05	1.78613116146343	0.775018743085381	1	0	1	"up"	6	TRUE	FALSE	0.671509451447902	0.696741536944031	0.0617172421892558	FALSE	FALSE	FALSE	0.687888339264492	5.14806267738097e-58	0	TRUE	TRUE	0.669777712552719	0.0114403861926839	0	TRUE	TRUE	TRUE	TRUE	FALSE	FALSE	FALSE	FALSE	FALSE	FALSE	FALSE	FALSE	FALSE	TRUE	FALSE	FALSE	FALSE	TRUE	TRUE
"51660"	"MPC1"	"high_confidence"	""	TRUE	5	144	-0.930131739390454	-1.03930781249858	-0.820955666282325	-1.03930781249858	-0.820955666282325	0.0107256483335024	0	0	"default"	0.0393222516460851	1.89395606747923e-05	1.95930592890766	0.743243616637434	0	1	1	"down"	6	TRUE	FALSE	-0.956703138070846	-0.904533587479898	0.0617172421892558	FALSE	FALSE	FALSE	-0.930131739390454	1.35420623944266e-59	0	TRUE	TRUE	-0.931357305442263	0.005537973235936	0	TRUE	TRUE	TRUE	TRUE	FALSE	FALSE	FALSE	FALSE	FALSE	FALSE	FALSE	FALSE	FALSE	TRUE	FALSE	FALSE	FALSE	TRUE	TRUE
"51678"	"PALS2"	"exploratory_only"	"I2_ge_75"	TRUE	5	144	0.635007502060884	0.305752778618395	0.964262225503372	-0.0713950144532367	1.341410018575	0.0463054557231985	78.4360007771312	0.0506698284454674	"default"	0.118588594755967	0.005867082322917	17.6700678767311	0.00143142756459725	1	0	1	"up"	6	TRUE	FALSE	0.576032118841444	0.719407524000597	0.145826064075197	TRUE	FALSE	FALSE	0.618137512153722	9.19891471234132e-32	77.3628487003866	TRUE	TRUE	0.679360834708598	0.0278230072810125	61.1415363417875	TRUE	TRUE	FALSE	FALSE	TRUE	TRUE	FALSE	FALSE	FALSE	FALSE	FALSE	FALSE	FALSE	FALSE	TRUE	FALSE	FALSE	TRUE	TRUE
"5174"	"PDZK1"	"intermediate_confidence"	""	TRUE	6	167	0.808034263842932	0.513236442378559	1.10283208530731	0.181041571902349	1.43502695578352	0.0223641102667666	54.106033686745	0.0463406677600104	"default"	0.114681360218746	0.000889566844130603	10.4035830210672	0.0645749298436004	1	0	1	"up"	6	TRUE	FALSE	0.718398498946441	0.898865283410038	0.0858648517217771	TRUE	FALSE	FALSE	0.853530476341129	3.45615965644737e-27	51.9396347405025	TRUE	TRUE	0.802273861008452	0.0268253731128096	68.7294121007583	TRUE	TRUE	TRUE	FALSE	TRUE	FALSE	FALSE	FALSE	FALSE	FALSE	FALSE	FALSE	FALSE	FALSE	FALSE	TRUE	FALSE	TRUE	TRUE
"5342"	"PLGLB2"	"intermediate_confidence"	""	TRUE	4	139	-0.854252149275789	-1.18706770758096	-0.521436590970621	-1.49640140022967	-0.212102898321911	0.0386378144641048	68.6398026560432	0.0297778951601896	"default"	0.104578530595349	0.00383787900095968	9.76022288660104	0.0207182457802543	0	1	1	"down"	6	TRUE	FALSE	-0.933370997260707	-0.805563902416842	0.151595648017037	TRUE	FALSE	FALSE	-0.77867846967043	6.30154827170154e-49	69.2629970149715	TRUE	TRUE	-0.903688315713049	0.0443356691730885	80.8376627311143	TRUE	TRUE	TRUE	FALSE	TRUE	FALSE	FALSE	FALSE	FALSE	FALSE	FALSE	FALSE	FALSE	FALSE	FALSE	TRUE	FALSE	TRUE	TRUE
"5345"	"SERPINF2"	"high_confidence"	""	TRUE	6	167	-1.10609646378763	-1.45799133653481	-0.754201591040456	-1.62350091317755	-0.588692014397713	0.018880247642639	37.4276879571021	0.0217735678986389	"default"	0.136893083063457	0.000470424639721644	11.3425796125191	0.044995158218353	0.166666666666667	0.833333333333333	0.833333333333333	"down"	6	TRUE	FALSE	-1.17421922971578	-1.0251601292505	0.104640177488468	TRUE	FALSE	FALSE	-1.13849858373835	1.14104776626725e-51	55.9183169013741	TRUE	TRUE	-1.11272424833952	0.0253269636695592	69.6652623890096	TRUE	TRUE	TRUE	TRUE	FALSE	FALSE	FALSE	FALSE	FALSE	FALSE	FALSE	FALSE	FALSE	TRUE	FALSE	FALSE	FALSE	TRUE	TRUE
"5346"	"PLIN1"	"exploratory_only"	"I2_ge_75"	TRUE	5	144	-0.879829110239442	-1.33342421853054	-0.426234001948346	-1.83328894247653	0.0736307219976464	0.0459107749677009	80.0782606199589	0.0912400179829934	"default"	0.163372618980263	0.00574782383813507	19.7130927803973	0.000568915786048287	0	1	1	"down"	6	TRUE	FALSE	-0.991200151255067	-0.704253303496362	0.141838410724045	TRUE	FALSE	FALSE	-0.758853073733412	1.27286171145391e-35	79.7089170909924	TRUE	TRUE	-0.895245022452702	0.0452250795219492	86.0964473520021	TRUE	TRUE	FALSE	FALSE	TRUE	TRUE	FALSE	FALSE	FALSE	FALSE	FALSE	FALSE	FALSE	FALSE	TRUE	FALSE	FALSE	TRUE	TRUE
"54102"	"CLIC6"	"intermediate_confidence"	""	TRUE	5	144	-0.718345305908593	-0.990612564540173	-0.446078047277013	-1.25428561550281	-0.182404996314374	0.0293205572719323	53.000196005671	0.0276446104814864	"default"	0.0980632601458128	0.00184810123565293	8.29576533614219	0.0813253770460027	0	1	1	"down"	6	TRUE	FALSE	-0.770101056721759	-0.614978994828852	0.0899611483938634	TRUE	FALSE	FALSE	-0.716296817787011	1.00182574884651e-25	51.782628390257	TRUE	TRUE	-0.723883328269904	0.0269237136567271	59.6322865719036	TRUE	TRUE	TRUE	FALSE	TRUE	FALSE	FALSE	FALSE	FALSE	FALSE	FALSE	FALSE	FALSE	FALSE	FALSE	TRUE	FALSE	TRUE	TRUE
"54206"	"ERRFI1"	"intermediate_confidence"	""	TRUE	5	144	-1.12146140416682	-1.52739851953009	-0.715524288803548	-1.98956185195038	-0.253360956383262	0.0273100173143949	74.0469657162727	0.0763834968140608	"default"	0.146207506355273	0.0015531618785505	14.8153215812968	0.00509998591239733	0	1	1	"down"	6	TRUE	FALSE	-1.22622847735765	-1.04239058669628	0.103698517233887	TRUE	FALSE	FALSE	-1.06857832497384	1.1642353027331e-49	73.000923550322	TRUE	TRUE	-1.09019362900299	0.0210745169134045	58.3128784226502	TRUE	TRUE	TRUE	FALSE	TRUE	FALSE	FALSE	FALSE	FALSE	FALSE	FALSE	FALSE	FALSE	FALSE	FALSE	TRUE	FALSE	TRUE	TRUE
"54463"	"RETREG1"	"high_confidence"	""	TRUE	5	144	-1.08421507028959	-1.36972658137131	-0.798703559207873	-1.36973165714206	-0.798698483437128	0.018706817206495	0.00140748563122227	3.75994328845405e-07	"default"	0.102833479598502	0.000457742231086303	9.24223157591772	0.0553219454842003	0	1	1	"down"	6	TRUE	FALSE	-1.24469258769572	-1.05544588174567	0.12044967411795	TRUE	FALSE	FALSE	-1.08421378138993	6.20693319214469e-56	56.7204092740687	TRUE	TRUE	-1.11318266122107	0.0125663523137871	0.0100769701661868	TRUE	TRUE	TRUE	TRUE	FALSE	FALSE	FALSE	FALSE	FALSE	FALSE	FALSE	FALSE	FALSE	TRUE	FALSE	FALSE	FALSE	TRUE	TRUE
"54499"	"TMCO1"	"high_confidence"	""	TRUE	5	144	0.645041987810784	0.467440506803598	0.82264346881797	0.350477457294391	0.939606518327176	0.0192060376209246	41.5769479973744	0.00716415910053413	"default"	0.0639672222132892	0.000544101117470453	7.15295167381618	0.128022838794308	1	0	1	"up"	6	TRUE	FALSE	0.592808378886155	0.675181868408133	0.0871231334168898	FALSE	FALSE	FALSE	0.650202574364734	3.02826451664726e-52	44.079029435607	TRUE	TRUE	0.67546628469898	0.0199784347748407	58.946675656902	TRUE	TRUE	TRUE	TRUE	FALSE	FALSE	FALSE	FALSE	FALSE	FALSE	FALSE	FALSE	FALSE	TRUE	FALSE	FALSE	FALSE	TRUE	TRUE
"54566"	"EPB41L4B"	"high_confidence"	""	TRUE	5	144	-0.623040729203138	-0.795021989907489	-0.451059468498788	-0.881063007926963	-0.365018450479313	0.0192060376209246	36.2718672705236	0.00479953748798255	"default"	0.0619429717455546	0.000549495162785103	7.46337432205307	0.113335217128101	0	1	1	"down"	6	TRUE	FALSE	-0.653465392772084	-0.580788146165013	0.0962347351642341	FALSE	FALSE	FALSE	-0.617801632646888	1.24242580680762e-54	46.4049392755144	TRUE	TRUE	-0.653553943784332	0.0259174143240101	74.8742475955341	TRUE	TRUE	TRUE	TRUE	FALSE	FALSE	FALSE	FALSE	FALSE	FALSE	FALSE	FALSE	FALSE	TRUE	FALSE	FALSE	FALSE	TRUE	TRUE
"5476"	"CTSA"	"high_confidence"	""	TRUE	5	144	0.70055492538819	0.492524872279093	0.908584978497286	0.318182085716588	1.08292776505979	0.0205243490286644	38.3763222463742	0.0133528594427379	"default"	0.0749267661441037	0.000728645260668918	5.6552738784275	0.226414177400553	1	0	1	"up"	6	TRUE	FALSE	0.644898896984399	0.784635870505707	0.0822794681309869	FALSE	FALSE	FALSE	0.712899325362498	6.01426917299877e-29	29.2695617225842	TRUE	TRUE	0.647685126508709	0.0283246008293972	66.1485465885236	TRUE	TRUE	TRUE	TRUE	FALSE	FALSE	FALSE	FALSE	FALSE	FALSE	FALSE	FALSE	FALSE	TRUE	FALSE	FALSE	FALSE	TRUE	TRUE
"54825"	"CDHR2"	"exploratory_only"	"I2_ge_75"	TRUE	5	144	-2.0016848017123	-2.65122204316903	-1.35214756025558	-3.4987821095641	-0.504587493860509	0.023449081276361	84.8035966039866	0.236020876490432	"default"	0.233945645185176	0.00102442355073264	25.6727396746666	3.68347370465561e-05	0	1	1	"down"	6	TRUE	FALSE	-2.18514708922527	-1.82905646559884	0.0971796518837971	TRUE	FALSE	FALSE	-2.01255024472425	8.36648924760053e-112	84.4192709828039	TRUE	TRUE	-1.97002710483012	0.0204417252796782	87.8089512834404	TRUE	TRUE	TRUE	FALSE	TRUE	TRUE	FALSE	FALSE	FALSE	FALSE	FALSE	FALSE	FALSE	FALSE	TRUE	FALSE	FALSE	TRUE	TRUE
"54855"	"TENT5C"	"high_confidence"	""	TRUE	5	144	-0.725037938634136	-1.06408073217932	-0.385995145088952	-1.24170058052377	-0.2083752967445	0.0396847148496947	36.798536804795	0.019716853209838	"default"	0.122113991344709	0.00403459063743056	7.50673637403566	0.111412613782394	0	1	1	"down"	6	TRUE	FALSE	-0.789657768624246	-0.632132007043324	0.12189445784188	TRUE	FALSE	FALSE	-0.716447582922627	5.41003006178671e-19	46.7145267837668	TRUE	TRUE	-0.716919864901367	0.0236342820407359	0.010068171450236	TRUE	TRUE	TRUE	TRUE	FALSE	FALSE	FALSE	FALSE	FALSE	FALSE	FALSE	FALSE	FALSE	TRUE	FALSE	FALSE	FALSE	TRUE	TRUE
"54908"	"SPDL1"	"exploratory_only"	"I2_ge_75"	TRUE	5	144	0.666309622222655	0.4144606985712	0.918158545874111	0.0825149497816512	1.25010429466366	0.0292349644738128	85.1844998385478	0.0359840480481818	"default"	0.0907091313204673	0.00182898586711903	28.8346026688256	8.44605582081434e-06	1	0	1	"up"	6	TRUE	FALSE	0.598484270372308	0.744438422480328	0.106733949668033	TRUE	FALSE	FALSE	0.63897992065472	4.50784867660395e-76	86.127778329595	TRUE	TRUE	0.691172903069437	0.0228522105758209	83.6074037465493	TRUE	TRUE	TRUE	FALSE	TRUE	TRUE	FALSE	FALSE	FALSE	FALSE	FALSE	FALSE	FALSE	FALSE	TRUE	FALSE	FALSE	TRUE	TRUE
"54923"	"LIME1"	"high_confidence"	""	TRUE	5	144	-0.788276754796344	-0.964032411199127	-0.612521098393561	-0.964032411199127	-0.612521098393561	0.0162013228557696	0	0	"default"	0.0633024064022553	0.000239151356280307	2.51782750007997	0.641446373515319	0	1	1	"down"	6	TRUE	FALSE	-0.833278940605614	-0.732411560164786	0.081392558490453	FALSE	FALSE	FALSE	-0.788276754796344	4.25690840868718e-22	0	TRUE	TRUE	-0.801930985346199	0.0125914189673651	0	TRUE	TRUE	TRUE	TRUE	FALSE	FALSE	FALSE	FALSE	FALSE	FALSE	FALSE	FALSE	FALSE	TRUE	FALSE	FALSE	FALSE	TRUE	TRUE
"54981"	"NMRK1"	"exploratory_only"	"I2_ge_75"	TRUE	5	144	-0.706113457244554	-0.947167321177811	-0.465059593311296	-1.25841891995281	-0.153807994536297	0.0247419494648715	76.644260005393	0.0320334223757373	"default"	0.0868210444650893	0.00124337430531088	17.9323179189667	0.00127225583063708	0	1	1	"down"	6	TRUE	FALSE	-0.794859269757194	-0.624830848952413	0.100006407082852	TRUE	FALSE	FALSE	-0.687543888911035	8.91955020377414e-60	77.693904278993	TRUE	TRUE	-0.686197051311806	0.0180025785725078	65.407774542805	TRUE	TRUE	TRUE	FALSE	TRUE	TRUE	FALSE	FALSE	FALSE	FALSE	FALSE	FALSE	FALSE	FALSE	TRUE	FALSE	FALSE	TRUE	TRUE
"55093"	"NTAQ1"	"exploratory_only"	"I2_ge_75"	TRUE	5	144	0.77601403897194	0.450006741028471	1.10202133691541	0.0474849394796766	1.5045431384642	0.0336226816607828	81.8040810586581	0.0550646393910104	"default"	0.117418960430066	0.00271696569396255	19.8023208555749	0.000546327916429395	1	0	1	"up"	6	TRUE	FALSE	0.654766755238442	0.864327360142496	0.114831682654051	TRUE	FALSE	FALSE	0.655925695864942	1.07773025657878e-45	79.8003474987938	TRUE	TRUE	0.776816431469233	0.0304902136801757	80.9086256455169	TRUE	TRUE	TRUE	FALSE	TRUE	TRUE	FALSE	FALSE	FALSE	FALSE	FALSE	FALSE	FALSE	FALSE	TRUE	FALSE	FALSE	TRUE	TRUE
"55107"	"ANO1"	"high_confidence"	""	TRUE	5	144	-0.986429810976533	-1.19533901975062	-0.77752060220245	-1.19533901975062	-0.77752060220245	0.0158964558365635	0	0	"default"	0.0752434140991962	0.000195478721187626	3.53979600706301	0.471853130581697	0	1	1	"down"	6	TRUE	FALSE	-1.02265205376283	-0.921483421533975	0.0812254368536005	FALSE	FALSE	FALSE	-0.986429810976535	1.08690771994888e-33	0	TRUE	TRUE	-0.987624111644736	0.0123786712920906	0	TRUE	TRUE	TRUE	TRUE	FALSE	FALSE	FALSE	FALSE	FALSE	FALSE	FALSE	FALSE	FALSE	TRUE	FALSE	FALSE	FALSE	TRUE	TRUE
"55143"	"CDCA8"	"exploratory_only"	"I2_ge_75"	TRUE	6	167	0.685001641633629	0.304341267974088	1.06566201529317	-0.055331788243164	1.42533507151042	0.0456540390504246	79.4351264672163	0.0610166343426439	"default"	0.148083351551931	0.00570547962881563	18.5621705801453	0.00231842513546685	1	0	1	"up"	6	TRUE	FALSE	0.643757755202323	0.757292760729177	0.146495470928375	TRUE	FALSE	FALSE	0.707849321957226	6.53087253591936e-46	73.0634950346369	TRUE	TRUE	0.660457585617053	0.0434291854080269	82.6665673762683	TRUE	TRUE	FALSE	FALSE	TRUE	TRUE	FALSE	FALSE	FALSE	FALSE	FALSE	FALSE	FALSE	FALSE	TRUE	FALSE	FALSE	TRUE	TRUE
"55157"	"DARS2"	"high_confidence"	""	TRUE	5	144	0.689609587872744	0.564881776561384	0.814337399184105	0.564881776561384	0.814337399184105	0.0127759792996141	0	0	"default"	0.0449235646971219	0.000105062342207663	3.56159137102559	0.468575245432477	1	0	1	"up"	6	TRUE	FALSE	0.668247505844254	0.730079591204704	0.0781152423236345	FALSE	FALSE	FALSE	0.689609587872744	5.87035458709642e-46	0	TRUE	TRUE	0.693727791067462	0.0130352695377189	23.9514942770379	TRUE	TRUE	TRUE	TRUE	FALSE	FALSE	FALSE	FALSE	FALSE	FALSE	FALSE	FALSE	FALSE	TRUE	FALSE	FALSE	FALSE	TRUE	TRUE
"55165"	"CEP55"	"high_confidence"	""	TRUE	5	144	0.996357167773312	0.794757964785064	1.19795637076156	0.794757964785064	1.19795637076156	0.015234192590746	0	0	"default"	0.0726105488672669	0.000163405864660515	4.57773064237419	0.333429875842606	1	0	1	"up"	6	TRUE	FALSE	0.964027762036299	1.08720020706003	0.0752738526567286	FALSE	FALSE	FALSE	0.996357167773311	3.66249349806594e-47	12.6204595138546	TRUE	TRUE	1.10370255031322	0.023219901209632	72.5879494341115	TRUE	TRUE	TRUE	TRUE	FALSE	FALSE	FALSE	FALSE	FALSE	FALSE	FALSE	FALSE	FALSE	TRUE	FALSE	FALSE	FALSE	TRUE	TRUE
"55166"	"CENPQ"	"exploratory_only"	"I2_ge_75"	TRUE	5	144	0.60438804915192	0.34038924866373	0.868386849640109	0.017913676485416	1.19086242181842	0.0357497053944241	80.500126653257	0.0355778138647727	"default"	0.0950851864472148	0.00313958306592372	18.323305539296	0.00106686411565367	1	0	1	"up"	6	TRUE	FALSE	0.509177929198809	0.677880450064566	0.126981471369419	TRUE	FALSE	FALSE	0.524231715499423	2.26533090348087e-42	78.1698777471038	FALSE	TRUE	0.634671258795842	0.0376376534362938	84.9498420338991	TRUE	TRUE	TRUE	FALSE	TRUE	TRUE	FALSE	FALSE	FALSE	FALSE	FALSE	FALSE	FALSE	FALSE	TRUE	FALSE	FALSE	TRUE	TRUE
"55204"	"GOLPH3L"	"exploratory_only"	"I2_ge_75"	TRUE	6	167	0.696178197940218	0.313284912334828	1.07907148354561	-0.217693283139529	1.61004967901996	0.0447931034539627	89.6704543550491	0.104201751891693	"default"	0.148951992228876	0.00546369183519528	38.3837753649617	3.15930413729544e-07	1	0	1	"up"	6	TRUE	FALSE	0.639355329282199	0.798965876980839	0.138386732855024	TRUE	FALSE	FALSE	0.68730595498447	1.12158007819833e-60	86.9736628237872	TRUE	TRUE	0.684812427082437	0.0430125472156317	90.8551117098387	TRUE	TRUE	FALSE	FALSE	TRUE	TRUE	FALSE	FALSE	FALSE	FALSE	FALSE	FALSE	FALSE	FALSE	TRUE	FALSE	FALSE	TRUE	TRUE
"55214"	"P3H2"	"exploratory_only"	"I2_ge_75"	TRUE	5	144	-0.800037393037997	-1.18158574657464	-0.418489039501353	-1.70226888770764	0.102194101631642	0.041123919423221	91.072879987693	0.0867133346849233	"default"	0.137423337786274	0.00433524223193397	38.0733506675777	1.08218774078761e-07	0	1	1	"down"	6	TRUE	FALSE	-0.881176171603828	-0.64648423719314	0.130719328314653	TRUE	FALSE	FALSE	-0.72361627592382	1.57813362290109e-72	89.4939638096883	TRUE	TRUE	-0.812925516499682	0.0384730900440663	93.6534772095447	TRUE	TRUE	FALSE	FALSE	TRUE	TRUE	FALSE	FALSE	FALSE	FALSE	FALSE	FALSE	FALSE	FALSE	TRUE	FALSE	FALSE	TRUE	TRUE
"55215"	"FANCI"	"intermediate_confidence"	""	TRUE	5	144	0.724559160223221	0.518372400296629	0.930745920149812	0.281624370694927	1.16749394975151	0.0196395017563344	63.6511057169066	0.019935825234831	"default"	0.074262862082376	0.000618192289112952	10.8183997614056	0.0286825762131276	1	0	1	"up"	6	TRUE	FALSE	0.654614625131416	0.793724270569577	0.0927328397949656	FALSE	FALSE	FALSE	0.681162386324734	2.91043891659218e-50	63.0259549635989	TRUE	TRUE	0.773096720464486	0.0204797524507517	75.4498739096532	TRUE	TRUE	TRUE	FALSE	TRUE	FALSE	FALSE	FALSE	FALSE	FALSE	FALSE	FALSE	FALSE	FALSE	FALSE	TRUE	FALSE	TRUE	TRUE
"55244"	"SLC47A1"	"high_confidence"	""	TRUE	5	144	-0.659228076105214	-1.01209197903148	-0.306364173178952	-1.26970906424673	-0.048747087963702	0.0485895324677512	44.559328748953	0.0321942474862604	"default"	0.127091978971838	0.00657451662775941	7.36415341082237	0.11785090699679	0	1	1	"down"	6	TRUE	FALSE	-0.75047473405917	-0.532556115625923	0.138779723285342	TRUE	FALSE	FALSE	-0.635377869977527	3.03172672033922e-13	45.6828262958023	TRUE	TRUE	-0.673824424224884	0.0425632677074496	45.2437909074946	TRUE	TRUE	TRUE	TRUE	FALSE	FALSE	FALSE	FALSE	FALSE	FALSE	FALSE	FALSE	FALSE	TRUE	FALSE	FALSE	FALSE	TRUE	TRUE
"55246"	"CCDC25"	"high_confidence"	""	TRUE	5	144	-0.594829067747415	-0.754699523724166	-0.434958611770664	-0.816367915535714	-0.373290219959116	0.0189508407128152	16.1255299140829	0.00305123546284994	"default"	0.0575809893296494	0.000495499935265963	4.36884505811098	0.35838352539467	0	1	1	"down"	6	TRUE	FALSE	-0.634364984629535	-0.549431087607068	0.0836516482262498	FALSE	FALSE	FALSE	-0.591605489828013	9.05968940463735e-28	8.44262163580728	TRUE	TRUE	-0.518008254552375	0.0180501383099886	0	FALSE	TRUE	TRUE	TRUE	FALSE	FALSE	FALSE	FALSE	FALSE	FALSE	FALSE	FALSE	FALSE	TRUE	FALSE	FALSE	FALSE	TRUE	TRUE
"55256"	"ADI1"	"intermediate_confidence"	""	TRUE	5	144	-0.597318446868208	-0.890858011214948	-0.303778882521469	-1.17522912984388	-0.0194077638925377	0.0427424242886628	59.7496135766782	0.0321476996013074	"default"	0.105724965999581	0.00483470098780872	9.3509093660775	0.0529025359596324	0	1	1	"down"	6	TRUE	FALSE	-0.676795266852608	-0.531295325416839	0.141790623577251	TRUE	FALSE	FALSE	-0.575492015924654	7.25192489607014e-19	57.2234117196035	FALSE	TRUE	-0.62567043172454	0.0197905053399066	3.3217639541915	TRUE	TRUE	TRUE	FALSE	TRUE	FALSE	FALSE	FALSE	FALSE	FALSE	FALSE	FALSE	FALSE	FALSE	FALSE	TRUE	FALSE	TRUE	TRUE
"55299"	"BRIX1"	"high_confidence"	""	TRUE	5	144	0.587729375364791	0.529967657507763	0.645491093221818	0.529967657507763	0.645491093221818	0.0107256483335024	0	0	"default"	0.0208041994955677	9.34171486634758e-06	0.922762583659911	0.921272683667128	1	0	1	"up"	6	TRUE	FALSE	0.575822901865641	0.598307553883582	0.0617172421892558	FALSE	FALSE	FALSE	0.587729375364791	1.7123476361737e-40	0	TRUE	TRUE	0.598264520228306	0.00932974376051547	0	TRUE	TRUE	TRUE	TRUE	FALSE	FALSE	FALSE	FALSE	FALSE	FALSE	FALSE	FALSE	FALSE	TRUE	FALSE	FALSE	FALSE	TRUE	TRUE
"55337"	"SHFL"	"intermediate_confidence"	""	TRUE	5	144	-0.843427298991881	-1.17388511638688	-0.512969481596886	-1.53141442959584	-0.15544016838792	0.0305679559760907	71.3269271942113	0.0472357733928353	"default"	0.119021916470217	0.00209364882830655	11.360328495788	0.022799386012979	0	1	1	"down"	6	TRUE	FALSE	-0.914326460216436	-0.732012607796329	0.105937323685888	TRUE	FALSE	FALSE	-0.806658456808714	3.53356803797491e-43	64.7897505650201	TRUE	TRUE	-0.837188318413672	0.040207106268436	82.8483057235317	TRUE	TRUE	TRUE	FALSE	TRUE	FALSE	FALSE	FALSE	FALSE	FALSE	FALSE	FALSE	FALSE	FALSE	FALSE	TRUE	FALSE	TRUE	TRUE
"55353"	"LAPTM4B"	"intermediate_confidence"	""	TRUE	5	144	1.39267473645742	0.968754190927314	1.81659528198753	0.548342977583331	2.23700649533151	0.0211921626739346	54.2742366102113	0.0691674506460055	"default"	0.152684648702935	0.000801513638561659	8.06126498707335	0.089359584578202	1	0	1	"up"	6	TRUE	FALSE	1.27978593492128	1.51916160224505	0.0944745934901456	FALSE	FALSE	FALSE	1.379560945555	4.09252561811291e-38	50.3799961120969	TRUE	TRUE	1.38920427959105	0.0211534635321947	58.684186218232	TRUE	TRUE	TRUE	FALSE	TRUE	FALSE	FALSE	FALSE	FALSE	FALSE	FALSE	FALSE	FALSE	FALSE	FALSE	TRUE	FALSE	TRUE	TRUE
"55355"	"HJURP"	"intermediate_confidence"	""	TRUE	5	144	1.01441989888514	0.731701283449722	1.29713851432056	0.509213871489085	1.51962592628119	0.0193055366359518	58.5035746861878	0.0227411249993428	"default"	0.101827554561096	0.00057031787903816	8.86153464365791	0.0646551907932027	1	0	1	"up"	6	TRUE	FALSE	0.951135487794989	1.07566920030845	0.0954562007335422	FALSE	FALSE	FALSE	0.987715910039076	2.44417504570841e-75	54.8610916635898	TRUE	TRUE	0.966783392246086	0.0123786712920906	0.00763716558684137	TRUE	TRUE	TRUE	FALSE	TRUE	FALSE	FALSE	FALSE	FALSE	FALSE	FALSE	FALSE	FALSE	FALSE	FALSE	TRUE	FALSE	TRUE	TRUE
"55502"	"HES6"	"intermediate_confidence"	""	TRUE	6	167	0.637139837490428	0.38785585401944	0.886423820961416	0.117421397924197	1.15685827705666	0.0245956291512756	61.0515688435164	0.0314721827036201	"default"	0.0969757041052462	0.0012253753043241	12.5308788036946	0.0281948440580803	1	0	1	"up"	6	TRUE	FALSE	0.582559070843018	0.733564264575788	0.0946376906007375	TRUE	FALSE	FALSE	0.674106624142672	5.61088530660928e-31	60.098568677196	TRUE	TRUE	0.634777630952693	0.0328684763609967	79.9581960649602	TRUE	TRUE	TRUE	FALSE	TRUE	FALSE	FALSE	FALSE	FALSE	FALSE	FALSE	FALSE	FALSE	FALSE	FALSE	TRUE	FALSE	TRUE	TRUE
"55526"	"DHTKD1"	"intermediate_confidence"	""	TRUE	5	144	-0.683853366313665	-1.01964572127736	-0.348061011349967	-1.25671614625993	-0.110990586367402	0.0427180675803318	54.0440302827856	0.027944624679029	"default"	0.120943271788468	0.00482047193463361	8.93025871414345	0.062866517787449	0	1	1	"down"	6	TRUE	FALSE	-0.76514168447054	-0.570889995551967	0.131345660612722	TRUE	FALSE	FALSE	-0.632517747585617	1.93214993078251e-21	55.2084645244948	TRUE	TRUE	-0.714218821909737	0.0249797582588493	21.4717784870758	TRUE	TRUE	TRUE	FALSE	TRUE	FALSE	FALSE	FALSE	FALSE	FALSE	FALSE	FALSE	FALSE	FALSE	FALSE	TRUE	FALSE	TRUE	TRUE
"55536"	"CDCA7L"	"high_confidence"	""	TRUE	5	144	0.585872498656682	0.385716378774071	0.786028618539293	0.222785834004795	0.948959163308569	0.0247451903331154	46.7909339263663	0.0119047413502868	"default"	0.0720907895884192	0.00124693640673017	6.8022434036814	0.146715159684973	1	0	1	"up"	6	TRUE	FALSE	0.536149230124865	0.648827478853025	0.100317150324662	FALSE	FALSE	FALSE	0.539145070160192	3.58774054722109e-29	41.1958707941091	FALSE	TRUE	0.576942914565032	0.0354728474814651	71.6296876316088	FALSE	TRUE	TRUE	TRUE	FALSE	FALSE	FALSE	FALSE	FALSE	FALSE	FALSE	FALSE	FALSE	TRUE	FALSE	FALSE	FALSE	TRUE	TRUE
"55576"	"STAB2"	"exploratory_only"	"I2_ge_75"	TRUE	6	167	-1.3895747478662	-2.14818662487082	-0.630962870861584	-3.07285674375044	0.293707248018035	0.0441632097174627	94.9968888574502	0.341704532765633	"default"	0.295112906536522	0.00529614216321413	47.5772179557391	4.33253463244824e-09	0	1	1	"down"	6	TRUE	FALSE	-1.53667902077062	-1.28216444978113	0.13784660625247	TRUE	FALSE	FALSE	-1.4163498657536	8.67313346543842e-165	89.4907684500353	TRUE	TRUE	-1.40429964679743	0.0380179527568615	96.1071673025338	TRUE	TRUE	FALSE	FALSE	TRUE	TRUE	FALSE	FALSE	FALSE	FALSE	FALSE	FALSE	FALSE	FALSE	TRUE	FALSE	FALSE	TRUE	TRUE
"55638"	"SYBU"	"high_confidence"	""	TRUE	5	144	-0.699552930707679	-1.00911599562558	-0.389989865789781	-1.26006364269344	-0.13904221872192	0.0363612455553973	41.0755201225037	0.028324419983365	"default"	0.111496195022319	0.00329397633098549	6.18588613267424	0.185689606976018	0	1	1	"down"	6	TRUE	FALSE	-0.783775956371939	-0.624653235389792	0.120708068300105	TRUE	FALSE	FALSE	-0.690025293576547	7.59206307548967e-15	35.3366694082553	TRUE	TRUE	-0.744568845256593	0.0123786712920906	0	TRUE	TRUE	TRUE	TRUE	FALSE	FALSE	FALSE	FALSE	FALSE	FALSE	FALSE	FALSE	FALSE	TRUE	FALSE	FALSE	FALSE	TRUE	TRUE
"55651"	"NHP2"	"high_confidence"	""	TRUE	5	144	0.774181886892765	0.601935363803416	0.946428409982115	0.490452930231568	1.05791084355396	0.0162013228557696	39.9051479344058	0.0065943158828929	"default"	0.0620385120407697	0.000237168833470833	6.9797469760453	0.136962383609076	1	0	1	"up"	6	TRUE	FALSE	0.718650911338687	0.807154780866315	0.0651511785644395	FALSE	FALSE	FALSE	0.763865040946266	5.92215916843568e-67	42.6913323114991	TRUE	TRUE	0.786494263170538	0.0163405084678936	65.5980485031143	TRUE	TRUE	TRUE	TRUE	FALSE	FALSE	FALSE	FALSE	FALSE	FALSE	FALSE	FALSE	FALSE	TRUE	FALSE	FALSE	FALSE	TRUE	TRUE
"55656"	"INTS8"	"exploratory_only"	"I2_ge_75"	TRUE	5	144	0.721719036128967	0.412775357146896	1.03066271511104	0.0234265680119886	1.42001150424595	0.0344372248974622	79.2103382837182	0.0508735388672353	"default"	0.111273109057225	0.00291319368632984	21.8263871244993	0.00021701435086783	1	0	1	"up"	6	TRUE	FALSE	0.667457046643151	0.808356146251411	0.1154869017945	TRUE	FALSE	FALSE	0.620570004783554	7.44937410490156e-36	81.6735588112511	TRUE	TRUE	0.768224107590705	0.0165846551207041	46.110911837486	TRUE	TRUE	TRUE	FALSE	TRUE	TRUE	FALSE	FALSE	FALSE	FALSE	FALSE	FALSE	FALSE	FALSE	TRUE	FALSE	FALSE	TRUE	TRUE
"55732"	"FIRRM"	"exploratory_only"	"I2_ge_75"	TRUE	5	144	0.710514150160129	0.341355061982936	1.07967323833732	-0.0918851148617471	1.512913415182	0.0464577354369775	77.8406139351815	0.0658437363036773	"default"	0.132961061425665	0.0059102791084509	14.4473412390119	0.00599605238138356	1	0	1	"up"	6	TRUE	FALSE	0.582657681391998	0.779292954452999	0.141790623577251	TRUE	FALSE	FALSE	0.656720176726338	7.1135202491998e-30	72.3132448121403	TRUE	TRUE	0.746934520245275	0.049491125189644	87.1332385058896	TRUE	TRUE	FALSE	FALSE	TRUE	TRUE	FALSE	FALSE	FALSE	FALSE	FALSE	FALSE	FALSE	FALSE	TRUE	FALSE	FALSE	TRUE	TRUE
"558"	"AXL"	"high_confidence"	""	TRUE	6	167	-0.663996336227251	-0.845914021348839	-0.482078651105662	-0.921163643241125	-0.406829029213376	0.0162013228557696	21.6106605835271	0.00500023074960836	"default"	0.0707690697100709	0.000231866018245767	7.68966230805872	0.174188706960033	0	1	1	"down"	6	TRUE	FALSE	-0.689255915972955	-0.627014632752949	0.0708256474632459	FALSE	FALSE	FALSE	-0.666213866299401	4.60861805177062e-35	34.9776388130852	TRUE	TRUE	-0.639801436070041	0.0143466117630752	46.6505178580833	TRUE	TRUE	TRUE	TRUE	FALSE	FALSE	FALSE	FALSE	FALSE	FALSE	FALSE	FALSE	FALSE	TRUE	FALSE	FALSE	FALSE	TRUE	TRUE
"55872"	"PBK"	"exploratory_only"	"I2_ge_75"	TRUE	5	144	1.59494432765231	0.805524878520997	2.38436377678362	-0.20046700203943	3.39035565734404	0.0430029439408911	89.6375930923852	0.337324907173453	"default"	0.284327411211349	0.00496148292942404	32.3295823343481	1.63816981370135e-06	1	0	1	"up"	6	TRUE	FALSE	1.40836682290707	1.75000518062152	0.132314554827615	TRUE	FALSE	FALSE	1.37723266483266	1.12984554426977e-63	87.6274306341711	TRUE	TRUE	1.70242777347668	0.0486729887662663	93.9429743118496	TRUE	TRUE	FALSE	FALSE	TRUE	TRUE	FALSE	FALSE	FALSE	FALSE	FALSE	FALSE	FALSE	FALSE	TRUE	FALSE	FALSE	TRUE	TRUE
"55971"	"BAIAP2L1"	"high_confidence"	""	TRUE	5	144	0.636107911824326	0.398991974119779	0.873223849528872	0.219357621805636	1.05285820184302	0.0285543725463636	35.3593595560856	0.0152370227725356	"default"	0.0854027105598596	0.00173559538158903	5.68726147118009	0.223752821547638	1	0	1	"up"	6	TRUE	FALSE	0.546580527242156	0.713463364897305	0.107951364090599	TRUE	FALSE	FALSE	0.643385914532361	5.01036948567622e-18	29.667379981212	TRUE	TRUE	0.654808170272633	0.0270663743480253	46.0042870711798	TRUE	TRUE	TRUE	TRUE	FALSE	FALSE	FALSE	FALSE	FALSE	FALSE	FALSE	FALSE	FALSE	TRUE	FALSE	FALSE	FALSE	TRUE	TRUE
"55974"	"SLC50A1"	"high_confidence"	""	TRUE	5	144	0.730725258807967	0.62668571894696	0.834764798668973	0.62668571894696	0.834764798668973	0.0115802536922153	0	0	"default"	0.0374722120982091	4.0775225962204e-05	1.7186370880617	0.78732945437108	1	0	1	"up"	6	TRUE	FALSE	0.697439630285478	0.745594715458572	0.0617172421892558	FALSE	FALSE	FALSE	0.730725258807966	4.34438897114582e-36	0	TRUE	TRUE	0.711734741746262	0.00932974376051547	0	TRUE	TRUE	TRUE	TRUE	FALSE	FALSE	FALSE	FALSE	FALSE	FALSE	FALSE	FALSE	FALSE	TRUE	FALSE	FALSE	FALSE	TRUE	TRUE
"56521"	"DNAJC12"	"intermediate_confidence"	""	TRUE	6	167	-0.977458029504112	-1.30757634597758	-0.647339713030642	-1.6517920507746	-0.303124008233626	0.0196395017563344	59.3649245208688	0.0523235432829445	"default"	0.128421632759166	0.000622100418762101	10.7325998759526	0.0569472108043786	0	1	1	"down"	6	TRUE	FALSE	-1.12371889703132	-0.896317807285697	0.0887615171820374	FALSE	FALSE	FALSE	-1.06613741582717	5.04170429069391e-47	53.4129655648212	TRUE	TRUE	-1.06956060548571	0.00941659797568599	0	TRUE	TRUE	TRUE	FALSE	TRUE	FALSE	FALSE	FALSE	FALSE	FALSE	FALSE	FALSE	FALSE	FALSE	FALSE	TRUE	FALSE	TRUE	TRUE
"56892"	"TCIM"	"high_confidence"	""	TRUE	5	144	-1.9050010725229	-2.10032613764805	-1.70967600739776	-2.10032613764805	-1.70967600739776	0.0107256483335024	0	0	"default"	0.0703507750826672	1.10587899309217e-05	1.77198875493985	0.777602994838672	0	1	1	"down"	6	TRUE	FALSE	-1.94480068751083	-1.85707486457805	0.0617172421892558	FALSE	FALSE	FALSE	-1.9050010725229	2.21345942685715e-70	0	TRUE	TRUE	-1.83737233168119	0.00965568388752702	0	TRUE	TRUE	TRUE	TRUE	FALSE	FALSE	FALSE	FALSE	FALSE	FALSE	FALSE	FALSE	FALSE	TRUE	FALSE	FALSE	FALSE	TRUE	TRUE
"5710"	"PSMD4"	"exploratory_only"	"I2_ge_75"	TRUE	6	167	0.762516971094027	0.391536597618522	1.13349734456953	-0.123675551082606	1.64870949327066	0.0361588269628663	87.1379072433379	0.0980207983811134	"default"	0.144317667048197	0.00323534936759436	26.5867623944705	6.8644212130306e-05	1	0	1	"up"	6	TRUE	FALSE	0.690832161007737	0.900250027217297	0.117433908761826	TRUE	FALSE	FALSE	0.846964754086494	8.97220861906847e-71	81.1936484562711	TRUE	TRUE	0.741261737510306	0.0306703372582775	87.5849464270492	TRUE	TRUE	FALSE	FALSE	TRUE	TRUE	FALSE	FALSE	FALSE	FALSE	FALSE	FALSE	FALSE	FALSE	TRUE	FALSE	FALSE	TRUE	TRUE
"57149"	"LYRM1"	"intermediate_confidence"	""	TRUE	5	144	-0.699371459872506	-1.01865668946618	-0.380086230278836	-1.26151576044574	-0.137227159299268	0.0381589527724517	63.059492726938	0.0277692239775372	"default"	0.114997854269092	0.0036947784225511	11.8613411045304	0.0184127120071202	0.2	0.8	0.8	"down"	6	TRUE	FALSE	-0.757133085542954	-0.628987902511516	0.133631025633884	TRUE	FALSE	FALSE	-0.724475256607134	4.32172877123783e-40	66.2770005115846	TRUE	TRUE	-0.693676050524763	0.0193677537519536	32.5674094122913	TRUE	TRUE	TRUE	FALSE	TRUE	FALSE	FALSE	FALSE	FALSE	FALSE	FALSE	FALSE	FALSE	FALSE	FALSE	TRUE	FALSE	TRUE	TRUE
"57211"	"ADGRG6"	"high_confidence"	""	TRUE	5	144	-0.766968385447535	-0.854928125877182	-0.679008645017887	-0.854928125877182	-0.679008645017887	0.0107256483335024	0	0	"default"	0.031680705757509	1.72701800292872e-05	0.941478781225183	0.918536047112002	0	1	1	"down"	6	TRUE	FALSE	-0.794666137747381	-0.747546525333995	0.0617172421892558	FALSE	FALSE	FALSE	-0.766968385447535	1.10663358606274e-30	0	TRUE	TRUE	-0.774309304285576	0.005537973235936	0	TRUE	TRUE	TRUE	TRUE	FALSE	FALSE	FALSE	FALSE	FALSE	FALSE	FALSE	FALSE	FALSE	TRUE	FALSE	FALSE	FALSE	TRUE	TRUE
"57393"	"CLTRN"	"exploratory_only"	"I2_ge_75"	TRUE	5	144	-2.22703058847909	-3.39255322301388	-1.0615079539443	-4.98568733523304	0.531626158274865	0.0468643619209187	93.7510776390531	0.811004018268201	"default"	0.419789547559508	0.00606618584194238	50.6323771824507	2.66404761048574e-10	0	1	1	"down"	6	TRUE	FALSE	-2.47573280214277	-1.85618497680114	0.127108677411811	TRUE	FALSE	FALSE	-1.72418503603512	3.30567033285021e-73	92.0999166490124	TRUE	TRUE	-2.16977838660436	0.0354728474814651	93.1044770693904	TRUE	TRUE	FALSE	FALSE	TRUE	TRUE	FALSE	FALSE	FALSE	FALSE	FALSE	FALSE	FALSE	FALSE	TRUE	FALSE	FALSE	TRUE	TRUE
"57406"	"ABHD6"	"intermediate_confidence"	""	TRUE	5	144	-0.744159262239815	-1.08812023086916	-0.400198293610468	-1.41184656521173	-0.0764719592678977	0.0387552161541325	69.6892787798394	0.0424843904090498	"default"	0.123885384222226	0.00386636407237042	14.079488707283	0.00704563454259094	0	1	1	"down"	6	TRUE	FALSE	-0.83295549124015	-0.647455289989735	0.127093058703581	TRUE	FALSE	FALSE	-0.706062525927648	1.40164633276578e-32	71.589877422673	TRUE	TRUE	-0.764560798132101	0.0322509649018026	72.3777868299601	TRUE	TRUE	TRUE	FALSE	TRUE	FALSE	FALSE	FALSE	FALSE	FALSE	FALSE	FALSE	FALSE	FALSE	FALSE	TRUE	FALSE	TRUE	TRUE
"5743"	"PTGS2"	"exploratory_only"	"I2_ge_75"	TRUE	6	167	-0.822569129807872	-1.29436096785375	-0.350777291762	-1.93311127378272	0.287973014166971	0.0484164484289692	85.3669958190791	0.152955961156103	"default"	0.183535039229392	0.00650781982793855	22.751685209234	0.000376527793884894	0	1	1	"down"	6	TRUE	FALSE	-0.944242002053315	-0.725515498621989	0.141790623577251	TRUE	FALSE	FALSE	-0.862766451673576	5.83769122718462e-43	78.0236059262515	TRUE	TRUE	-0.797053969830877	0.0404322755593837	78.5843746401068	TRUE	TRUE	FALSE	FALSE	TRUE	TRUE	FALSE	FALSE	FALSE	FALSE	FALSE	FALSE	FALSE	FALSE	TRUE	FALSE	FALSE	TRUE	TRUE
"5745"	"PTH1R"	"high_confidence"	""	TRUE	5	144	-1.25856254756091	-1.4770935246981	-1.04003157042371	-1.56671276292336	-0.950412332198449	0.0127759792996141	27.4555677869138	0.00612309328399192	"default"	0.0787089133252016	8.9435090759998e-05	6.89545198578692	0.141517337888188	0	1	1	"down"	6	TRUE	FALSE	-1.30515118504962	-1.22023417337875	0.0661837836750769	FALSE	FALSE	FALSE	-1.26281724170182	1.53162526108277e-119	41.9907497254009	TRUE	TRUE	-1.28731308316569	0.0123786712920906	53.0555712145748	TRUE	TRUE	TRUE	TRUE	FALSE	FALSE	FALSE	FALSE	FALSE	FALSE	FALSE	FALSE	FALSE	TRUE	FALSE	FALSE	FALSE	TRUE	TRUE
"57510"	"XPO5"	"exploratory_only"	"I2_ge_75"	TRUE	5	144	0.661320435274325	0.39569039399359	0.92695047655506	0.115132768130299	1.20750810241835	0.0319850876572599	76.1035603337089	0.0295462532446597	"default"	0.0956727150064835	0.00229807974487673	16.2303329057272	0.00272516368855242	1	0	1	"up"	6	TRUE	FALSE	0.605319987223013	0.724498876545964	0.113135103323221	TRUE	FALSE	FALSE	0.646907369088706	1.998909720529e-53	75.3547877099396	TRUE	TRUE	0.645941958253953	0.0303307199510929	79.3107207210183	TRUE	TRUE	TRUE	FALSE	TRUE	TRUE	FALSE	FALSE	FALSE	FALSE	FALSE	FALSE	FALSE	FALSE	TRUE	FALSE	FALSE	TRUE	TRUE
"57600"	"FNIP2"	"intermediate_confidence"	""	TRUE	5	144	-0.69264250154225	-1.01147903054312	-0.373805972541384	-1.20450003484071	-0.180784968243786	0.0385143951760701	59.3593814602423	0.0208001992292171	"default"	0.114836244521446	0.00380854744299089	10.0030250447859	0.0403767563333913	0	1	1	"down"	6	TRUE	FALSE	-0.782764074283716	-0.610708714781138	0.137179766486541	TRUE	FALSE	FALSE	-0.633674371309681	4.76766075346679e-38	60.0120965198919	TRUE	TRUE	-0.726809905316741	0.0501421381305552	83.5543888097588	FALSE	TRUE	TRUE	FALSE	TRUE	FALSE	FALSE	FALSE	FALSE	FALSE	FALSE	FALSE	FALSE	FALSE	FALSE	TRUE	FALSE	TRUE	TRUE
"57643"	"ZSWIM5"	"exploratory_only"	"I2_ge_75"	TRUE	6	167	0.61192020480788	0.325706903473971	0.89813350614179	-0.0701693356549108	1.29400974527067	0.0336511556390817	78.5919332000106	0.0580106555743385	"default"	0.111341836064543	0.00272405164921952	20.2515099764185	0.00112092842133318	1	0	1	"up"	6	TRUE	FALSE	0.548353399122472	0.693162982583743	0.117958268336055	TRUE	FALSE	FALSE	0.571402427524343	4.79338490232011e-31	75.310482992023	FALSE	TRUE	0.623233344950079	0.0309305126856074	80.7839796429046	TRUE	TRUE	FALSE	FALSE	TRUE	TRUE	FALSE	FALSE	FALSE	FALSE	FALSE	FALSE	FALSE	FALSE	TRUE	FALSE	FALSE	TRUE	TRUE
"57648"	"NHSL3"	"high_confidence"	""	TRUE	5	144	0.587046190386111	0.481803421005101	0.692288959767121	0.481803421005101	0.692288959767121	0.0127759792996141	0	0	"default"	0.0379055826401842	0.000101460958696505	2.73533535869563	0.603045692227371	1	0	1	"up"	6	TRUE	FALSE	0.554838688459408	0.62431839325561	0.0622985093653561	FALSE	FALSE	FALSE	0.587046190386111	3.18856698951492e-36	0	TRUE	TRUE	0.59690522102747	0.0135724751681941	29.471667283606	TRUE	TRUE	TRUE	TRUE	FALSE	FALSE	FALSE	FALSE	FALSE	FALSE	FALSE	FALSE	FALSE	TRUE	FALSE	FALSE	FALSE	TRUE	TRUE
"57688"	"ZSWIM6"	"intermediate_confidence"	""	TRUE	5	144	-0.688546932983465	-0.882492927336561	-0.494600938630368	-1.10692580416507	-0.270168061801859	0.0194456570264658	51.865352624654	0.0178274895191375	"default"	0.069854071305069	0.000594233206339484	7.93028324088264	0.09416565131698	0	1	1	"down"	6	TRUE	FALSE	-0.761828598524239	-0.581372149016737	0.0677673909012324	FALSE	FALSE	FALSE	-0.66819476945805	3.23886258275409e-37	49.5604396652696	TRUE	TRUE	-0.623235130878503	0.0273486897387501	67.8558469521513	TRUE	TRUE	TRUE	FALSE	TRUE	FALSE	FALSE	FALSE	FALSE	FALSE	FALSE	FALSE	FALSE	FALSE	FALSE	TRUE	FALSE	TRUE	TRUE
"57819"	"LSM2"	"exploratory_only"	"I2_ge_75"	TRUE	6	167	0.661336903184431	0.410828259187793	0.911845547181068	0.0801001732942383	1.24257363307462	0.023679601394082	79.4765832541784	0.0416292515344335	"default"	0.097452117852777	0.00105698332479729	19.5383877969013	0.00152509140709844	1	0	1	"up"	6	TRUE	FALSE	0.611221717445179	0.731099152216324	0.0928371201910144	TRUE	FALSE	FALSE	0.66249484377892	2.90398146041263e-57	74.4093522353315	TRUE	TRUE	0.671907464859951	0.0237794614792206	83.0440596632776	TRUE	TRUE	TRUE	FALSE	TRUE	TRUE	FALSE	FALSE	FALSE	FALSE	FALSE	FALSE	FALSE	FALSE	TRUE	FALSE	FALSE	TRUE	TRUE
"58478"	"ENOPH1"	"high_confidence"	""	TRUE	5	144	0.604299239537235	0.519146121425234	0.689452357649236	0.519146121425234	0.689452357649236	0.0115802536922153	0	0	"default"	0.0306698367464876	3.91352101225693e-05	1.6916411909579	0.792235447089249	1	0	1	"up"	6	TRUE	FALSE	0.586778694302952	0.622335387139425	0.0622985093653561	FALSE	FALSE	FALSE	0.604299239537236	2.94288362864907e-36	0	TRUE	TRUE	0.608763921590001	0.0100630273549545	0	TRUE	TRUE	TRUE	TRUE	FALSE	FALSE	FALSE	FALSE	FALSE	FALSE	FALSE	FALSE	FALSE	TRUE	FALSE	FALSE	FALSE	TRUE	TRUE
"58528"	"RRAGD"	"high_confidence"	""	TRUE	5	144	0.962006594554004	0.837237835767007	1.086775353341	0.837237835767007	1.086775353341	0.0115185784804488	0	0	"default"	0.0449383128639629	2.81588240870251e-05	1.21055454736323	0.87635784216752	1	0	1	"up"	6	TRUE	FALSE	0.946539004154737	0.987782355680986	0.0620454196030051	FALSE	FALSE	FALSE	0.962006594554005	7.70346737026151e-31	0	TRUE	TRUE	0.97931971741612	0.00932974376051547	0	TRUE	TRUE	TRUE	TRUE	FALSE	FALSE	FALSE	FALSE	FALSE	FALSE	FALSE	FALSE	FALSE	TRUE	FALSE	FALSE	FALSE	TRUE	TRUE
"5860"	"QDPR"	"high_confidence"	""	TRUE	6	167	-0.667815668334347	-0.884772596270419	-0.450858740398275	-0.918375952161629	-0.417255384507065	0.0192060376209246	9.08387155002267	0.00237748281784158	"default"	0.0843999303692142	0.000518967442011657	8.94995733514427	0.111076916587423	0.166666666666667	0.833333333333333	0.833333333333333	"down"	6	TRUE	FALSE	-0.7005317415463	-0.627380824614379	0.101826146385207	FALSE	FALSE	FALSE	-0.668178863865323	3.22773215386754e-27	44.1338118968876	TRUE	TRUE	-0.73857842877253	0.0111201587657379	0.0298910332963719	TRUE	TRUE	TRUE	TRUE	FALSE	FALSE	FALSE	FALSE	FALSE	FALSE	FALSE	FALSE	FALSE	TRUE	FALSE	FALSE	FALSE	TRUE	TRUE
"5931"	"RBBP7"	"exploratory_only"	"I2_ge_75"	TRUE	6	167	0.586457946810898	0.265624554469894	0.907291339151903	-0.13518358705415	1.30809948067595	0.0443577079863043	81.5824657806159	0.063232344392615	"default"	0.124809639550567	0.00534274963231687	19.1984556926998	0.00176518906432626	0.833333333333333	0.166666666666667	0.833333333333333	"up"	6	TRUE	FALSE	0.526127441466751	0.667868284102192	0.132393436422991	TRUE	FALSE	FALSE	0.607926036962453	1.77183382601878e-37	73.956238564015	TRUE	TRUE	0.615188743601429	0.0369945420428861	82.6193144048493	TRUE	TRUE	FALSE	FALSE	TRUE	TRUE	FALSE	FALSE	FALSE	FALSE	FALSE	FALSE	FALSE	FALSE	TRUE	FALSE	FALSE	TRUE	TRUE
"59349"	"KLHL12"	"exploratory_only"	"I2_ge_75"	TRUE	5	144	0.621507465947563	0.327759441916281	0.915255489978846	-0.0175336673019735	1.2605485991971	0.040507193582482	81.4683512821289	0.0417823842138596	"default"	0.10580004750728	0.00419509669546133	21.3289465759986	0.000272485396332145	1	0	1	"up"	6	TRUE	FALSE	0.56255226920247	0.671054421740753	0.129566934960774	TRUE	FALSE	FALSE	0.673008780500903	5.96083326588682e-57	81.2461436585847	TRUE	TRUE	0.608953538532427	0.0317205945501379	81.2923090360135	TRUE	TRUE	FALSE	FALSE	TRUE	TRUE	FALSE	FALSE	FALSE	FALSE	FALSE	FALSE	FALSE	FALSE	TRUE	FALSE	FALSE	TRUE	TRUE
"5993"	"RFX5"	"intermediate_confidence"	""	TRUE	6	167	0.636224316933827	0.374315467344911	0.898133166522744	0.121335640069637	1.15111299379802	0.027263654433374	74.1274837803629	0.0297393078747834	"default"	0.101886991481088	0.00154294184537323	16.9057648102098	0.00468202786057995	1	0	1	"up"	6	TRUE	FALSE	0.585399252154885	0.687962413673681	0.108434773918042	TRUE	FALSE	FALSE	0.644954112674011	4.58553159541225e-68	70.4242898435428	TRUE	TRUE	0.663875148995198	0.0176323532806141	69.3553491098182	TRUE	TRUE	TRUE	FALSE	TRUE	FALSE	FALSE	FALSE	FALSE	FALSE	FALSE	FALSE	FALSE	FALSE	FALSE	TRUE	FALSE	TRUE	TRUE
"6132"	"RPL8"	"exploratory_only"	"I2_ge_75"	TRUE	6	167	0.652959788951495	0.305190177219471	1.00072940068352	-0.156910710717621	1.46283028862061	0.0426826714619783	86.2993768009087	0.0809557127257279	"default"	0.135288286453614	0.00477139807795635	23.7337896354261	0.000244234771102215	1	0	1	"up"	6	TRUE	FALSE	0.608747948225284	0.735864412331512	0.132201489383308	TRUE	FALSE	FALSE	0.671697673157014	4.92973801684522e-50	78.9329893084718	TRUE	TRUE	0.653725171900887	0.0404651838559648	86.9651194567311	TRUE	TRUE	FALSE	FALSE	TRUE	TRUE	FALSE	FALSE	FALSE	FALSE	FALSE	FALSE	FALSE	FALSE	TRUE	FALSE	FALSE	TRUE	TRUE
"6156"	"RPL30"	"exploratory_only"	"I2_ge_75"	TRUE	5	144	0.717638530283282	0.338689176906125	1.09658788366044	-0.085085420413018	1.52036248097958	0.0476676150152322	87.931156590569	0.0649612183787106	"default"	0.136487248628732	0.00626336483328637	27.0086873091847	1.97986760702153e-05	1	0	1	"up"	6	TRUE	FALSE	0.593002099209209	0.802431085888813	0.143896022790787	TRUE	FALSE	FALSE	0.603428119295026	8.00477123669577e-50	85.1899503511238	TRUE	TRUE	0.744318440673555	0.0477519460969027	91.0085587435704	TRUE	TRUE	FALSE	FALSE	TRUE	TRUE	FALSE	FALSE	FALSE	FALSE	FALSE	FALSE	FALSE	FALSE	TRUE	FALSE	FALSE	TRUE	TRUE
"6175"	"RPLP0"	"exploratory_only"	"I2_ge_75"	TRUE	6	167	0.641886999703667	0.375895441477088	0.907878557930245	0.0342007871731406	1.24957321223419	0.0274914546197221	82.2652524308447	0.0451779584499685	"default"	0.103475234493258	0.00158958969449231	27.3202929249209	4.94067920841494e-05	1	0	1	"up"	6	TRUE	FALSE	0.550849856376454	0.697240703419448	0.0940494210614328	TRUE	FALSE	FALSE	0.609773761853741	1.85530401692182e-54	81.6985856859569	TRUE	TRUE	0.654159788036329	0.0271557574666117	84.0452720437266	TRUE	TRUE	TRUE	FALSE	TRUE	TRUE	FALSE	FALSE	FALSE	FALSE	FALSE	FALSE	FALSE	FALSE	TRUE	FALSE	FALSE	TRUE	TRUE
"6227"	"RPS21"	"high_confidence"	""	TRUE	5	144	0.858512021526757	0.736222149227106	0.980801893826407	0.736222149227106	0.980801893826407	0.0115802536922153	0	0	"default"	0.0440454853837055	4.08496808514826e-05	2.64675677424899	0.618563107424167	1	0	1	"up"	6	TRUE	FALSE	0.815367021949391	0.886249323145921	0.0617172421892558	FALSE	FALSE	FALSE	0.858512021526757	8.94268269091486e-55	0	TRUE	TRUE	0.853039223565348	0.0151767508876589	52.5163114911317	TRUE	TRUE	TRUE	TRUE	FALSE	FALSE	FALSE	FALSE	FALSE	FALSE	FALSE	FALSE	FALSE	TRUE	FALSE	FALSE	FALSE	TRUE	TRUE
"6296"	"ACSM3"	"intermediate_confidence"	""	TRUE	5	144	-1.39935184662258	-1.92509172202042	-0.873611971224735	-2.43197238432658	-0.366731308918575	0.0289092504517092	73.7909174305991	0.1024696960497	"default"	0.189357201557344	0.00178785141061687	12.0121242059314	0.017261333893147	0	1	1	"down"	6	TRUE	FALSE	-1.49688707380498	-1.28200172463363	0.10792206870307	FALSE	FALSE	FALSE	-1.28316857424054	3.313102460781e-60	66.7003110238833	TRUE	TRUE	-1.39145426713196	0.0280840128515304	80.7324647857704	TRUE	TRUE	TRUE	FALSE	TRUE	FALSE	FALSE	FALSE	FALSE	FALSE	FALSE	FALSE	FALSE	FALSE	FALSE	TRUE	FALSE	TRUE	TRUE
"6303"	"SAT1"	"high_confidence"	""	TRUE	5	144	-0.589452475647762	-0.720664616511786	-0.458240334783738	-0.720664616511786	-0.458240334783738	0.0162013228557696	0	0	"default"	0.047259043810512	0.000237635041047043	3.03613744368271	0.551796205196047	0	1	1	"down"	6	TRUE	FALSE	-0.602878900442053	-0.556333262446889	0.0823872329960473	FALSE	FALSE	FALSE	-0.589452475647762	1.83121256321036e-26	0	TRUE	TRUE	-0.516495507934749	0.0199784347748407	0	FALSE	TRUE	TRUE	TRUE	FALSE	FALSE	FALSE	FALSE	FALSE	FALSE	FALSE	FALSE	FALSE	TRUE	FALSE	FALSE	FALSE	TRUE	TRUE
"6309"	"SC5D"	"intermediate_confidence"	""	TRUE	5	144	-0.703332375281895	-1.01877503438562	-0.387889716178167	-1.33981575384124	-0.0668489967225474	0.0371188005555073	63.1306491148401	0.0396447007189224	"default"	0.11361386490703	0.00346117177664953	11.4159466715827	0.0222663999198985	0	1	1	"down"	6	TRUE	FALSE	-0.796994203689551	-0.608402296191568	0.118384218065274	TRUE	FALSE	FALSE	-0.636142580685557	8.59737939270288e-23	64.9612939244274	TRUE	TRUE	-0.63270917633889	0.0259174143240101	27.1434206342126	TRUE	TRUE	TRUE	FALSE	TRUE	FALSE	FALSE	FALSE	FALSE	FALSE	FALSE	FALSE	FALSE	FALSE	FALSE	TRUE	FALSE	TRUE	TRUE
"6347"	"CCL2"	"intermediate_confidence"	""	TRUE	6	167	-1.13490660492001	-1.66448517378043	-0.605328036059594	-2.25176986576465	-0.0180433440753773	0.0335358574938648	64.4075976356847	0.146329606023501	"default"	0.206015059127394	0.00269598318065203	12.8102872924013	0.0252229476783337	0	1	1	"down"	6	TRUE	FALSE	-1.26208228599538	-1.02984226834329	0.118999689499615	TRUE	FALSE	FALSE	-1.14874936590213	4.70906904602906e-24	60.9688691137641	TRUE	TRUE	-1.08477473652928	0.0159042287160367	3.03302921351143	TRUE	TRUE	TRUE	FALSE	TRUE	FALSE	FALSE	FALSE	FALSE	FALSE	FALSE	FALSE	FALSE	FALSE	FALSE	TRUE	FALSE	TRUE	TRUE
"6387"	"CXCL12"	"exploratory_only"	"I2_ge_75"	TRUE	6	167	-1.68873938762702	-2.51854868983533	-0.85893008541871	-3.63493704063107	0.257458265377028	0.036600572588331	88.663666409259	0.469000145259682	"default"	0.322809914356568	0.00337788524669959	26.1374439977582	8.39221331175041e-05	0	1	1	"down"	6	TRUE	FALSE	-1.89886731450894	-1.49809480458449	0.122061801556474	TRUE	FALSE	FALSE	-1.64774918812042	3.90302665538068e-71	80.870355952063	TRUE	TRUE	-1.6439455231578	0.0301169584098513	88.0107433857334	TRUE	TRUE	FALSE	FALSE	TRUE	TRUE	FALSE	FALSE	FALSE	FALSE	FALSE	FALSE	FALSE	FALSE	TRUE	FALSE	FALSE	TRUE	TRUE
"64151"	"NCAPG"	"intermediate_confidence"	""	TRUE	5	144	1.57330440894971	1.03513249375477	2.11147632414466	0.583734266353595	2.56287455154583	0.024804943569186	68.780679416422	0.0894605783667264	"default"	0.193834884106813	0.00125288352637629	10.4925192316881	0.0329001917582275	1	0	1	"up"	6	TRUE	FALSE	1.49569839337218	1.68015863698639	0.111891520687492	TRUE	FALSE	FALSE	1.61521303591447	3.47460279023908e-78	61.8776014446584	TRUE	TRUE	1.60899457259764	0.0309220305882051	86.6760820356161	TRUE	TRUE	TRUE	FALSE	TRUE	FALSE	FALSE	FALSE	FALSE	FALSE	FALSE	FALSE	FALSE	FALSE	FALSE	TRUE	FALSE	TRUE	TRUE
"6425"	"SFRP5"	"exploratory_only"	"I2_ge_75"	TRUE	6	167	-0.587605163798635	-0.926345862163241	-0.248864465434028	-1.34459122309323	0.169380895495965	0.0488545063281813	82.4406830275778	0.0693538430130881	"default"	0.131775885781421	0.00664585044185036	19.90405568548	0.00130261041800147	0.166666666666667	0.833333333333333	0.833333333333333	"down"	6	TRUE	FALSE	-0.682715294615558	-0.513062959868168	0.139988298009531	TRUE	FALSE	FALSE	-0.622929797324148	7.76710440959359e-41	74.8794915015863	TRUE	TRUE	-0.586961014505603	0.0491079497673223	85.5552139128831	TRUE	TRUE	FALSE	FALSE	TRUE	TRUE	FALSE	FALSE	FALSE	FALSE	FALSE	FALSE	FALSE	FALSE	TRUE	FALSE	FALSE	TRUE	TRUE
"642946"	"FLVCR1-DT"	"intermediate_confidence"	""	TRUE	5	144	0.753657650113627	0.467239120097292	1.04007618012996	0.165251287072071	1.34206401315518	0.02933888309067	66.6227743000329	0.0342714433885045	"default"	0.103160163145358	0.00186687082906554	11.554534934035	0.0209903289239189	1	0	1	"up"	6	TRUE	FALSE	0.6870231702661	0.833729214738763	0.108066884947506	TRUE	FALSE	FALSE	0.749058238341244	3.56879497901159e-40	65.381557779382	TRUE	TRUE	0.802984201883837	0.0167805725827144	49.4238900995691	TRUE	TRUE	TRUE	FALSE	TRUE	FALSE	FALSE	FALSE	FALSE	FALSE	FALSE	FALSE	FALSE	FALSE	FALSE	TRUE	FALSE	TRUE	TRUE
"6447"	"SCG5"	"high_confidence"	""	TRUE	5	144	-0.703696929747633	-0.970919910196524	-0.436473949298743	-1.12801613794238	-0.279377721552884	0.02933888309067	28.6894730277442	0.0140930909423217	"default"	0.0962464483625558	0.00186139176989736	5.37974858982575	0.250503620902775	0	1	1	"down"	6	TRUE	FALSE	-0.804578890466593	-0.675271663779669	0.121757058733165	TRUE	FALSE	FALSE	-0.676979357084463	3.55690568535344e-17	25.6470830706688	TRUE	TRUE	-0.538805218590318	0.0346493233437029	0.00123903111702906	FALSE	TRUE	TRUE	TRUE	FALSE	FALSE	FALSE	FALSE	FALSE	FALSE	FALSE	FALSE	FALSE	TRUE	FALSE	FALSE	FALSE	TRUE	TRUE
"64651"	"CSRNP1"	"intermediate_confidence"	""	TRUE	5	144	-1.51764279278949	-2.03958273674177	-0.995702848837214	-2.48406340067997	-0.551222184899007	0.0250186030384493	69.7071930728243	0.0858188797634354	"default"	0.187988569619169	0.00127888389833414	12.4638215485391	0.0142157114074014	0	1	1	"down"	6	TRUE	FALSE	-1.60322834874035	-1.42164333846293	0.103274177216625	TRUE	FALSE	FALSE	-1.54850327157052	1.03499988538602e-73	67.9071143274768	TRUE	TRUE	-1.56255856656017	0.0255344293463059	78.7037882200897	TRUE	TRUE	TRUE	FALSE	TRUE	FALSE	FALSE	FALSE	FALSE	FALSE	FALSE	FALSE	FALSE	FALSE	FALSE	TRUE	FALSE	TRUE	TRUE
"646962"	"HRCT1"	"intermediate_confidence"	""	TRUE	5	144	0.762991524599011	0.379880680038986	1.14610236915904	-0.0267995202327507	1.55278256943077	0.0440444050785244	66.2656778852887	0.061878037631439	"default"	0.137986104548871	0.00522627465847966	10.0038552279991	0.0403627912378948	1	0	1	"up"	6	TRUE	FALSE	0.685787939955179	0.869660911607634	0.145466543245975	TRUE	FALSE	FALSE	0.780711649028889	1.06091500200579e-24	60.0154149691737	TRUE	TRUE	0.746592103632976	0.0303307199510929	48.2229621102139	TRUE	TRUE	FALSE	FALSE	TRUE	FALSE	FALSE	FALSE	FALSE	FALSE	FALSE	FALSE	FALSE	FALSE	FALSE	TRUE	FALSE	TRUE	TRUE
"64757"	"MTARC1"	"high_confidence"	""	TRUE	5	144	-0.671208034205752	-1.0294397760368	-0.312976292374706	-1.24045685966822	-0.101959208743289	0.0484164484289692	43.1325505728312	0.0253889215210497	"default"	0.129025328525459	0.00650657923183713	7.97533916662991	0.0924857407861536	0	1	1	"down"	6	TRUE	FALSE	-0.735584915748628	-0.613157907477257	0.15282917853252	TRUE	FALSE	FALSE	-0.678514033530083	4.32374011405583e-17	49.8453931998698	TRUE	TRUE	-0.682969287848446	0.0380364532250642	30.7345501947834	TRUE	TRUE	TRUE	TRUE	FALSE	FALSE	FALSE	FALSE	FALSE	FALSE	FALSE	FALSE	FALSE	TRUE	FALSE	FALSE	FALSE	TRUE	TRUE
"64785"	"GINS3"	"intermediate_confidence"	""	TRUE	5	144	0.608118450406104	0.414551287600407	0.801685613211802	0.241818318431455	0.974418582380753	0.0229797701361633	53.1274374773929	0.0125453318684394	"default"	0.0697176264869489	0.000951572050566814	8.86550582162919	0.0645505317704303	1	0	1	"up"	6	TRUE	FALSE	0.534723275337709	0.669106863979112	0.100719595610685	FALSE	FALSE	FALSE	0.610268611850248	4.77951181234574e-40	54.8813109992982	TRUE	TRUE	0.617334423343924	0.0176323532806141	46.3775715713783	TRUE	TRUE	TRUE	FALSE	TRUE	FALSE	FALSE	FALSE	FALSE	FALSE	FALSE	FALSE	FALSE	FALSE	FALSE	TRUE	FALSE	TRUE	TRUE
"64838"	"FNDC4"	"exploratory_only"	"I2_ge_75"	TRUE	6	167	-0.730863721103537	-1.09733287978754	-0.364394562419532	-1.59588573578944	0.134158293582366	0.0381222320264405	79.3153634537031	0.0929136760984728	"default"	0.142562727863239	0.00368656891831109	20.9776195927886	0.000817984230207241	0	1	1	"down"	6	TRUE	FALSE	-0.843810940248635	-0.641981708035336	0.1154869017945	TRUE	FALSE	FALSE	-0.750532249300465	2.58778266797846e-32	76.1650745076965	TRUE	TRUE	-0.720735187384953	0.039594405855754	84.5399640098628	TRUE	TRUE	FALSE	FALSE	TRUE	TRUE	FALSE	FALSE	FALSE	FALSE	FALSE	FALSE	FALSE	FALSE	TRUE	FALSE	FALSE	TRUE	TRUE
"6491"	"STIL"	"exploratory_only"	"I2_ge_75"	TRUE	5	144	0.769678739400276	0.430887575583807	1.10846990321674	0.0635853777262679	1.47577210107428	0.0361584317261305	82.8315485307023	0.0497867345204911	"default"	0.122023361161442	0.0032300185659264	17.9906130025005	0.00123932194396277	1	0	1	"up"	6	TRUE	FALSE	0.695062458831458	0.818849114092346	0.129687900513872	TRUE	FALSE	FALSE	0.72979188623856	5.74284730316692e-71	77.76618284522	TRUE	TRUE	0.775772717964991	0.0402763911595619	88.9393639619842	TRUE	TRUE	TRUE	FALSE	TRUE	TRUE	FALSE	FALSE	FALSE	FALSE	FALSE	FALSE	FALSE	FALSE	TRUE	FALSE	FALSE	TRUE	TRUE
"65062"	"TMEM237"	"intermediate_confidence"	""	TRUE	5	144	0.748977946075405	0.50488904831094	0.99306684383987	0.289542299741818	1.20841359240899	0.0235541760066957	60.5205985643628	0.0196534767791089	"default"	0.0879141810898783	0.00104144655659673	9.3163596639027	0.0536605289865436	1	0	1	"up"	6	TRUE	FALSE	0.697127605549307	0.816082769781159	0.100658857690405	FALSE	FALSE	FALSE	0.774028564754239	1.32514988058604e-55	57.0647748229553	TRUE	TRUE	0.756828122837926	0.023048671822157	69.3212049909363	TRUE	TRUE	TRUE	FALSE	TRUE	FALSE	FALSE	FALSE	FALSE	FALSE	FALSE	FALSE	FALSE	FALSE	FALSE	TRUE	FALSE	TRUE	TRUE
"65265"	"C8orf33"	"high_confidence"	""	TRUE	5	144	0.910760759971173	0.696736856133563	1.12478466380878	0.538925108170669	1.28259641177168	0.0167986338784165	39.5752386002209	0.0119937409862634	"default"	0.0770855881273991	0.00029374147508069	6.43891390973718	0.168680224567582	1	0	1	"up"	6	TRUE	FALSE	0.851228610917701	0.964679747059575	0.0781152423236345	FALSE	FALSE	FALSE	0.921344856275741	1.01615753992564e-54	37.8777219873825	TRUE	TRUE	0.907989175634446	0.0146947841570571	48.8882115736885	TRUE	TRUE	TRUE	TRUE	FALSE	FALSE	FALSE	FALSE	FALSE	FALSE	FALSE	FALSE	FALSE	TRUE	FALSE	FALSE	FALSE	TRUE	TRUE
"6631"	"SNRPC"	"intermediate_confidence"	""	TRUE	6	167	0.598008536718803	0.389617622539521	0.806399450898085	0.221037202175153	0.974979871262453	0.0204871019546206	61.6993675493755	0.0149337533485118	"default"	0.081067605508734	0.00071958198160114	13.1736653308425	0.0218045662191691	1	0	1	"up"	6	TRUE	FALSE	0.56168220689693	0.650785132696963	0.0936387398995457	TRUE	FALSE	FALSE	0.631505582746275	2.76139059512701e-60	62.0454909516042	TRUE	TRUE	0.588949628308738	0.0273215145034098	82.2726260229898	TRUE	TRUE	TRUE	FALSE	TRUE	FALSE	FALSE	FALSE	FALSE	FALSE	FALSE	FALSE	FALSE	FALSE	FALSE	TRUE	FALSE	TRUE	TRUE
"6694"	"SPP2"	"intermediate_confidence"	""	TRUE	6	167	-1.71692805258778	-2.67696445211967	-0.756891653055898	-3.51618556057219	0.0823294553966201	0.0463054557231985	68.7791841763828	0.350438241312916	"default"	0.373470467355979	0.00585505065957289	13.5499348400428	0.0187357504197523	0.166666666666667	0.833333333333333	0.833333333333333	"down"	6	TRUE	FALSE	-1.8981423005811	-1.6111337263744	0.149031149792568	TRUE	FALSE	FALSE	-1.75776471719116	7.91206810217025e-28	63.099453547009	TRUE	TRUE	-1.77191919488114	0.0342955829258471	65.2867902648278	TRUE	TRUE	FALSE	FALSE	TRUE	FALSE	FALSE	FALSE	FALSE	FALSE	FALSE	FALSE	FALSE	FALSE	FALSE	TRUE	FALSE	TRUE	TRUE
"6716"	"SRD5A2"	"exploratory_only"	"I2_ge_75"	TRUE	6	167	-1.66295981527771	-2.5044996449432	-0.821419985612216	-3.39338644357672	0.0674668130212968	0.0386345738477152	86.4107713724809	0.345978321995763	"default"	0.327373288801436	0.00383539875572011	17.5571291284026	0.00355585839066072	0.166666666666667	0.833333333333333	0.833333333333333	"down"	6	TRUE	FALSE	-1.8070528516138	-1.55569786126622	0.130962576551882	TRUE	FALSE	FALSE	-1.72428517155443	2.26209697192861e-83	71.5215399771062	TRUE	TRUE	-1.80601647366319	0.0137388729817185	44.131108871191	TRUE	TRUE	FALSE	FALSE	TRUE	TRUE	FALSE	FALSE	FALSE	FALSE	FALSE	FALSE	FALSE	FALSE	TRUE	FALSE	FALSE	TRUE	TRUE
"6781"	"STC1"	"intermediate_confidence"	""	TRUE	6	167	0.590796914280522	0.274011052328042	0.907582776233002	-0.13023364894795	1.31182747750899	0.0428873301537611	72.8869671053078	0.0634895146494021	"default"	0.123235081474877	0.00490928153547802	15.9024471411635	0.00712818161470341	1	0	1	"up"	6	TRUE	FALSE	0.514948067730879	0.67683713733492	0.126451625271748	TRUE	FALSE	FALSE	0.5793843536123	1.14867820636077e-20	68.5582982567665	FALSE	TRUE	0.587040192625315	0.0405126710867752	75.8764323489175	TRUE	TRUE	FALSE	FALSE	TRUE	FALSE	FALSE	FALSE	FALSE	FALSE	FALSE	FALSE	FALSE	FALSE	FALSE	TRUE	FALSE	TRUE	TRUE
"6790"	"AURKA"	"exploratory_only"	"I2_ge_75"	TRUE	5	144	1.25889195207095	0.735012889040979	1.78277101510092	0.182075472848007	2.33570843129389	0.0331473260826734	82.920727834167	0.114817089013393	"default"	0.188686987561618	0.00262282039498072	21.4301465517455	0.000260164366184402	1	0	1	"up"	6	TRUE	FALSE	1.15320455692988	1.45831316430209	0.118655301595918	TRUE	FALSE	FALSE	1.31693740426526	1.00455607921789e-83	81.3347053397812	TRUE	TRUE	1.26847857276123	0.0236342820407359	74.2621131555876	TRUE	TRUE	TRUE	FALSE	TRUE	TRUE	FALSE	FALSE	FALSE	FALSE	FALSE	FALSE	FALSE	FALSE	TRUE	FALSE	FALSE	TRUE	TRUE
"6799"	"SULT1A2"	"exploratory_only"	"I2_ge_75"	TRUE	6	167	-0.817484540689917	-1.1625711041446	-0.472397977235237	-1.58854786093795	-0.0464212204418839	0.0285465565587813	78.6749158524445	0.0719524443498034	"default"	0.134244535097346	0.00172757778317843	17.7986323800518	0.0032096553519179	0	1	1	"down"	6	TRUE	FALSE	-0.871682837290755	-0.691770983479512	0.0944745934901456	TRUE	FALSE	FALSE	-0.746725194417093	1.33645778605271e-45	71.9079539751386	TRUE	TRUE	-0.818472079657914	0.025633101674177	78.424705475164	TRUE	TRUE	TRUE	FALSE	TRUE	TRUE	FALSE	FALSE	FALSE	FALSE	FALSE	FALSE	FALSE	FALSE	TRUE	FALSE	FALSE	TRUE	TRUE
"6894"	"TARBP1"	"exploratory_only"	"I2_ge_75"	TRUE	6	167	0.724594009570682	0.377782805391692	1.07140521374967	-0.0602862723451338	1.5094742914865	0.0349840707460782	82.9819301609937	0.0750253064962909	"default"	0.134915449635215	0.00301293842162261	19.0154437458113	0.00190944678229229	1	0	1	"up"	6	TRUE	FALSE	0.659031002781959	0.847717359894993	0.122534100459234	TRUE	FALSE	FALSE	0.798502736679333	2.36179623466014e-60	73.7055833834991	TRUE	TRUE	0.72551425284788	0.0286007017588733	79.5929039053075	TRUE	TRUE	FALSE	FALSE	TRUE	TRUE	FALSE	FALSE	FALSE	FALSE	FALSE	FALSE	FALSE	FALSE	TRUE	FALSE	FALSE	TRUE	TRUE
"6898"	"TAT"	"exploratory_only"	"I2_ge_75"	TRUE	6	167	-1.66731446442575	-2.53855027408618	-0.796078654765323	-3.47805999906974	0.143431070218244	0.0415815036139529	76.32147090231	0.381324020814817	"default"	0.338925529458883	0.00439974122038138	16.6274971326194	0.00526322206982322	0.166666666666667	0.833333333333333	0.833333333333333	"down"	6	TRUE	FALSE	-1.86618517161473	-1.49899006708308	0.13784660625247	TRUE	FALSE	FALSE	-1.76945965132796	2.0782121337501e-38	69.9293287491166	TRUE	TRUE	-1.74351618465983	0.0394205347217873	80.9620539352167	TRUE	TRUE	FALSE	FALSE	TRUE	TRUE	FALSE	FALSE	FALSE	FALSE	FALSE	FALSE	FALSE	FALSE	TRUE	FALSE	FALSE	TRUE	TRUE
"6905"	"TBCE"	"exploratory_only"	"I2_ge_75"	TRUE	6	167	0.850644513700247	0.432298667211961	1.26899036018853	-0.109303696400124	1.81059272380062	0.0366921601815725	86.6437024441317	0.112969073153841	"default"	0.162743640637579	0.00339043759443134	24.6813773770956	0.000160521030087492	1	0	1	"up"	6	TRUE	FALSE	0.784501235154007	0.956435022452102	0.124602290565583	TRUE	FALSE	FALSE	0.871970041142007	5.00072469221387e-65	79.7418113113899	TRUE	TRUE	0.809850339696924	0.0349416522817232	88.0342240169541	TRUE	TRUE	FALSE	FALSE	TRUE	TRUE	FALSE	FALSE	FALSE	FALSE	FALSE	FALSE	FALSE	FALSE	TRUE	FALSE	FALSE	TRUE	TRUE
"6913"	"TBX15"	"intermediate_confidence"	""	TRUE	5	144	-1.02648636651222	-1.45029896304082	-0.60267376998363	-1.85891987643622	-0.194052856588227	0.0329584701409357	60.4517978999938	0.0665912453060567	"default"	0.152645768409097	0.00254693552436422	9.54035955258299	0.0489245218344717	0	1	1	"down"	6	TRUE	FALSE	-1.11785801536842	-0.889974546225005	0.11717248841443	TRUE	FALSE	FALSE	-0.99336341151528	1.03619413038929e-26	58.0728590159163	TRUE	TRUE	-1.05003695502625	0.0278822316026716	63.5588324539585	TRUE	TRUE	TRUE	FALSE	TRUE	FALSE	FALSE	FALSE	FALSE	FALSE	FALSE	FALSE	FALSE	FALSE	FALSE	TRUE	FALSE	TRUE	TRUE
"6921"	"ELOC"	"high_confidence"	""	TRUE	5	144	0.784950688503773	0.689475217651092	0.880426159356455	0.689475217651092	0.880426159356455	0.0110207519530077	0	0	"default"	0.034387667407485	2.18200781210919e-05	1.51930973830651	0.823215573492279	1	0	1	"up"	6	TRUE	FALSE	0.766808500043418	0.805797182947047	0.0617172421892558	FALSE	FALSE	FALSE	0.784950688503773	1.97968433503287e-43	0	TRUE	TRUE	0.846102345498621	0.0125914189673651	27.7705609753864	TRUE	TRUE	TRUE	TRUE	FALSE	FALSE	FALSE	FALSE	FALSE	FALSE	FALSE	FALSE	FALSE	TRUE	FALSE	FALSE	FALSE	TRUE	TRUE
"6944"	"VPS72"	"exploratory_only"	"I2_ge_75"	TRUE	5	144	0.826854428790854	0.532524311348141	1.12118454623357	0.215462226375204	1.4382466312065	0.0265892017403729	76.2961938641536	0.0372529954236415	"default"	0.106009701719546	0.00145768670713232	14.7832703633504	0.00517249671372258	1	0	1	"up"	6	TRUE	FALSE	0.735394761321015	0.901785505233829	0.0961992306866439	TRUE	FALSE	FALSE	0.721939815584583	8.7348255114277e-61	72.9423875659038	TRUE	TRUE	0.834661123611669	0.0318469513726514	85.0149383507145	TRUE	TRUE	TRUE	FALSE	TRUE	TRUE	FALSE	FALSE	FALSE	FALSE	FALSE	FALSE	FALSE	FALSE	TRUE	FALSE	FALSE	TRUE	TRUE
"7010"	"TEK"	"exploratory_only"	"I2_ge_75"	TRUE	6	167	-0.587537377739463	-0.911095394064609	-0.263979361414317	-1.36686855321464	0.191793797735709	0.044910438205593	84.5319454066991	0.0760707604195733	"default"	0.125869564563018	0.0054932949915011	26.1368080020434	8.39459851258091e-05	0	1	1	"down"	6	TRUE	FALSE	-0.686007562098305	-0.52081859891739	0.135493662026496	TRUE	FALSE	FALSE	-0.595051666872175	8.46579543235951e-36	80.8698904640188	TRUE	TRUE	-0.598501145764526	0.0289431958389184	78.1810918047175	TRUE	TRUE	FALSE	FALSE	TRUE	TRUE	FALSE	FALSE	FALSE	FALSE	FALSE	FALSE	FALSE	FALSE	TRUE	FALSE	FALSE	TRUE	TRUE
"7057"	"THBS1"	"intermediate_confidence"	""	TRUE	6	167	-0.791375180107484	-1.20115649846576	-0.381593861749213	-1.69932944096602	0.116579080751046	0.0407522433763736	67.2145251892011	0.0993448913652107	"default"	0.159411893711151	0.00423231399087589	14.703052737197	0.0117094382247241	0	1	1	"down"	6	TRUE	FALSE	-0.887652416654214	-0.695424295082414	0.120185824088649	TRUE	FALSE	FALSE	-0.868611418971926	5.62790558366355e-22	65.9934566693716	TRUE	TRUE	-0.786440707685602	0.0328684763609967	56.1957443131797	TRUE	TRUE	FALSE	FALSE	TRUE	FALSE	FALSE	FALSE	FALSE	FALSE	FALSE	FALSE	FALSE	FALSE	FALSE	TRUE	FALSE	TRUE	TRUE
"714"	"C1QC"	"high_confidence"	""	TRUE	5	144	-0.702156886487835	-1.0261710327955	-0.378142740180168	-1.2555499952716	-0.148763777704069	0.0386690957685092	36.4953744812023	0.0261081814771914	"default"	0.11670108143002	0.00384314644537307	6.10756654396882	0.1912578644768	0	1	1	"down"	6	TRUE	FALSE	-0.782392186839044	-0.598238490326857	0.114896811138292	TRUE	FALSE	FALSE	-0.701712358445471	2.15935239837733e-13	34.5074675616922	TRUE	TRUE	-0.68487843963512	0.0518506380630296	57.005958964568	FALSE	TRUE	TRUE	TRUE	FALSE	FALSE	FALSE	FALSE	FALSE	FALSE	FALSE	FALSE	FALSE	TRUE	FALSE	FALSE	FALSE	TRUE	TRUE
"730"	"C7"	"exploratory_only"	"I2_ge_75"	TRUE	6	167	-2.18664894795179	-3.25512459764883	-1.11817329825474	-4.67771358430702	0.304415688403445	0.0363612455553973	87.9465470678932	0.766320574697093	"default"	0.415655177705151	0.00329688835398938	26.8564506906041	6.08337249329322e-05	0	1	1	"down"	6	TRUE	FALSE	-2.47439508412085	-1.96878146046372	0.122489341697782	TRUE	FALSE	FALSE	-2.30459743798393	1.66641205430961e-68	81.3824989102179	TRUE	TRUE	-2.06877535062093	0.0324387670061255	86.2784998104216	TRUE	TRUE	FALSE	FALSE	TRUE	TRUE	FALSE	FALSE	FALSE	FALSE	FALSE	FALSE	FALSE	FALSE	TRUE	FALSE	FALSE	TRUE	TRUE
"7429"	"VIL1"	"high_confidence"	""	TRUE	6	167	0.613510247032336	0.405124532640187	0.821895961424485	0.405124532640187	0.821895961424485	0.0197605699195567	0	0	"default"	0.0810655827032115	0.000638828503649981	4.12893903685301	0.531005326167345	1	0	1	"up"	6	TRUE	FALSE	0.547909291272576	0.660538197963556	0.0839531861087786	FALSE	FALSE	FALSE	0.613510247032336	2.47599303781111e-11	0	TRUE	TRUE	0.600145968586721	0.0383695281615749	45.3811827202722	TRUE	TRUE	TRUE	TRUE	FALSE	FALSE	FALSE	FALSE	FALSE	FALSE	FALSE	FALSE	FALSE	TRUE	FALSE	FALSE	FALSE	TRUE	TRUE
"7443"	"VRK1"	"exploratory_only"	"I2_ge_75"	TRUE	6	167	0.617139939681817	0.328289184083571	0.905990695280062	-0.0237656667373016	1.25804554610094	0.0336603279292309	80.133945135947	0.0495355081723348	"default"	0.112367850575255	0.00273217842200638	15.2249848018434	0.00944305078703375	1	0	1	"up"	6	TRUE	FALSE	0.546708408839222	0.670807993716023	0.117958268336055	TRUE	FALSE	FALSE	0.586725702211094	5.3114836100003e-47	67.1592447212519	TRUE	TRUE	0.656261674447505	0.0326711894865202	85.2990727846229	TRUE	TRUE	FALSE	FALSE	TRUE	TRUE	FALSE	FALSE	FALSE	FALSE	FALSE	FALSE	FALSE	FALSE	TRUE	FALSE	FALSE	TRUE	TRUE
"7538"	"ZFP36"	"exploratory_only"	"I2_ge_75"	TRUE	6	167	-0.926962470197331	-1.3897125906799	-0.464212349714764	-2.00144163542008	0.147516695025414	0.037725974171769	78.9195087099128	0.142309824153184	"default"	0.180017657507496	0.00361705028556573	18.3633654577872	0.00252384608119755	0	1	1	"down"	6	TRUE	FALSE	-1.12114285741367	-0.850870472229084	0.125168489409518	TRUE	FALSE	FALSE	-1.0185573981652	4.64189558540635e-39	72.7718755502972	TRUE	TRUE	-0.982923973773992	0.0316962987365248	75.0758181358839	TRUE	TRUE	FALSE	FALSE	TRUE	TRUE	FALSE	FALSE	FALSE	FALSE	FALSE	FALSE	FALSE	FALSE	TRUE	FALSE	FALSE	TRUE	TRUE
"7764"	"ZNF217"	"intermediate_confidence"	""	TRUE	6	167	0.603953013036935	0.317912404984111	0.889993621089759	0.0490112127105378	1.15889481336333	0.0342233295263454	67.7413386729725	0.0342228970172511	"default"	0.111274655444696	0.0028774363652039	11.6242625993435	0.0403151922576726	1	0	1	"up"	6	TRUE	FALSE	0.535077190201306	0.706798016282916	0.129339126623205	TRUE	FALSE	FALSE	0.677047374579023	2.27193683980753e-43	56.9865188671632	TRUE	TRUE	0.63836463597162	0.013273408447276	0.00234926939268856	TRUE	TRUE	TRUE	FALSE	TRUE	FALSE	FALSE	FALSE	FALSE	FALSE	FALSE	FALSE	FALSE	FALSE	FALSE	TRUE	FALSE	TRUE	TRUE
"7802"	"DNALI1"	"exploratory_only"	"I2_ge_75"	TRUE	6	167	-0.625590517028958	-0.978190452397412	-0.272990581660505	-1.48215830613011	0.230977272072195	0.0468145672485796	82.0911061676796	0.0922202962078041	"default"	0.137167364399886	0.00605258467583973	28.6212068963868	2.75116536605224e-05	0	1	1	"down"	6	TRUE	FALSE	-0.771576539677165	-0.56970966724738	0.138217255410041	TRUE	FALSE	FALSE	-0.638265008586	2.03929538325935e-28	82.5304361968356	TRUE	TRUE	-0.633657268001448	0.0394205347217873	82.0610833881527	TRUE	TRUE	FALSE	FALSE	TRUE	TRUE	FALSE	FALSE	FALSE	FALSE	FALSE	FALSE	FALSE	FALSE	TRUE	FALSE	FALSE	TRUE	TRUE
"7873"	"MANF"	"intermediate_confidence"	""	TRUE	5	144	0.752447696264514	0.484137717733455	1.02075767479557	0.200269421105991	1.30462597142304	0.0266651810017218	55.4300110961699	0.0302141984477912	"default"	0.0966379555024352	0.00146732979255285	8.93277848921921	0.0628018374189447	1	0	1	"up"	6	TRUE	FALSE	0.661022181873552	0.850178813890383	0.108717785329112	TRUE	FALSE	FALSE	0.785001184448587	1.7189655657676e-30	55.2210994056608	TRUE	TRUE	0.791075622135376	0.0168733991719395	39.9280717356101	TRUE	TRUE	TRUE	FALSE	TRUE	FALSE	FALSE	FALSE	FALSE	FALSE	FALSE	FALSE	FALSE	FALSE	FALSE	TRUE	FALSE	TRUE	TRUE
"78989"	"COLEC11"	"intermediate_confidence"	""	TRUE	6	167	-1.10998028202925	-1.5979885869342	-0.621971977124304	-2.06446908935473	-0.155491474703772	0.0304834200669758	67.9828390454491	0.101832306303367	"default"	0.189843520303312	0.00207201080574233	13.7301822177942	0.0174172941458061	0	1	1	"down"	6	TRUE	FALSE	-1.20141842593687	-1.00621951539025	0.112147668856567	TRUE	FALSE	FALSE	-1.02706535767708	4.17789875990978e-35	63.5838773245118	TRUE	TRUE	-1.1254781782759	0.0298273507969071	78.7298522631678	TRUE	TRUE	TRUE	FALSE	TRUE	FALSE	FALSE	FALSE	FALSE	FALSE	FALSE	FALSE	FALSE	FALSE	FALSE	TRUE	FALSE	TRUE	TRUE
"79019"	"CENPM"	"high_confidence"	""	TRUE	5	144	0.755749297614981	0.627035004135501	0.88446359109446	0.627035004135501	0.88446359109446	0.0127759792996141	0	0	"default"	0.0463593871308722	8.28655760108526e-05	3.07814708198349	0.544833914859886	1	0	1	"up"	6	TRUE	FALSE	0.728172253510862	0.793661993653996	0.0639313101161539	FALSE	FALSE	FALSE	0.75574929761498	7.79549751156334e-45	0	TRUE	TRUE	0.769180782817177	0.0137388729817185	32.7983771127996	TRUE	TRUE	TRUE	TRUE	FALSE	FALSE	FALSE	FALSE	FALSE	FALSE	FALSE	FALSE	FALSE	TRUE	FALSE	FALSE	FALSE	TRUE	TRUE
"79022"	"TMEM106C"	"high_confidence"	""	TRUE	5	144	0.797697668548606	0.614751701938135	0.980643635159076	0.492961551940379	1.10243378515683	0.0166669859421557	30.8402973443039	0.00770496700829153	"default"	0.0658921605429822	0.00026707391662219	5.18831356835471	0.268515302823658	1	0	1	"up"	6	TRUE	FALSE	0.759096481399689	0.850588303549953	0.077729329660956	FALSE	FALSE	FALSE	0.797069883254135	1.96307360602078e-42	22.9036574736473	TRUE	TRUE	0.837665713389249	0.0142216024376729	40.3059972052676	TRUE	TRUE	TRUE	TRUE	FALSE	FALSE	FALSE	FALSE	FALSE	FALSE	FALSE	FALSE	FALSE	TRUE	FALSE	FALSE	FALSE	TRUE	TRUE
"79023"	"NUP37"	"exploratory_only"	"I2_ge_75"	TRUE	6	167	0.646616037452751	0.308040320338663	0.98519175456684	-0.0927398423247961	1.3859719172303	0.0416629427462599	86.2199205091413	0.0653784395749786	"default"	0.131711705272467	0.00443837267746527	27.3825976737786	4.80437687914155e-05	0.833333333333333	0.166666666666667	0.833333333333333	"up"	6	TRUE	FALSE	0.587141400951288	0.727348454185881	0.12996434457355	TRUE	FALSE	FALSE	0.680002319462373	1.14398414373541e-64	81.7402276454291	TRUE	TRUE	0.656494676920409	0.0394205347217873	89.2488027346875	TRUE	TRUE	FALSE	FALSE	TRUE	TRUE	FALSE	FALSE	FALSE	FALSE	FALSE	FALSE	FALSE	FALSE	TRUE	FALSE	FALSE	TRUE	TRUE
"79035"	"NABP2"	"intermediate_confidence"	""	TRUE	5	144	0.615502845108216	0.44767012109393	0.783335569122501	0.275112781442857	0.955892908773574	0.0192060376209246	55.3451211351583	0.0113765187832766	"default"	0.0604487816813253	0.000524033246015129	8.76029952770037	0.0673782136509595	1	0	1	"up"	6	TRUE	FALSE	0.551086322885531	0.665028317616065	0.0900079398253509	FALSE	FALSE	FALSE	0.617317882952543	6.00647474375269e-48	54.3394607986652	TRUE	TRUE	0.571376234807407	0.019857258907301	53.7118513782264	FALSE	TRUE	TRUE	FALSE	TRUE	FALSE	FALSE	FALSE	FALSE	FALSE	FALSE	FALSE	FALSE	FALSE	FALSE	TRUE	FALSE	TRUE	TRUE
"79080"	"CCDC86"	"intermediate_confidence"	""	TRUE	5	144	0.604123894517019	0.367552808368732	0.840694980665306	0.143778458015129	1.06446933101891	0.0305563824122931	63.0955361795364	0.0202307919360899	"default"	0.0852064698507459	0.00208944201523166	10.058728237199	0.039449947346148	1	0	1	"up"	6	TRUE	FALSE	0.546764056239573	0.649633836633884	0.11252725199866	TRUE	FALSE	FALSE	0.572747748785871	5.6449228676084e-33	60.233541401315	FALSE	TRUE	0.59365992338138	0.0303102099078091	66.7095375135367	TRUE	TRUE	TRUE	FALSE	TRUE	FALSE	FALSE	FALSE	FALSE	FALSE	FALSE	FALSE	FALSE	FALSE	FALSE	TRUE	FALSE	TRUE	TRUE
"79183"	"TTPAL"	"high_confidence"	""	TRUE	5	144	-0.748533909451777	-0.970274438103584	-0.52679338079997	-1.10373416543785	-0.393333653465707	0.0204871019546206	31.2100282153984	0.00998856940638799	"default"	0.0798649064721957	0.000721885134608877	5.74419542373409	0.219083726976483	0	1	1	"down"	6	TRUE	FALSE	-0.800114516296967	-0.699598420588566	0.086329611005009	FALSE	FALSE	FALSE	-0.737273190628817	1.53204459958951e-29	30.3644861476574	TRUE	TRUE	-0.753457788418395	0.0144868569295572	5.87470043010494	TRUE	TRUE	TRUE	TRUE	FALSE	FALSE	FALSE	FALSE	FALSE	FALSE	FALSE	FALSE	FALSE	TRUE	FALSE	FALSE	FALSE	TRUE	TRUE
"79573"	"TTC13"	"exploratory_only"	"I2_ge_75"	TRUE	6	167	0.595579429496864	0.295221497211198	0.89593736178253	-0.0792377417378067	1.27039660073153	0.0385018662795669	86.8276078555937	0.0552617058240577	"default"	0.116844337776672	0.00377906950454389	24.6552963003433	0.000162390270637729	1	0	1	"up"	6	TRUE	FALSE	0.479754600755331	0.649993216971168	0.117687737995799	TRUE	FALSE	FALSE	0.525041910257768	2.92860131193981e-56	79.720381620681	FALSE	TRUE	0.594532400425878	0.0381436135646077	88.9254564373838	TRUE	TRUE	FALSE	FALSE	TRUE	TRUE	FALSE	FALSE	FALSE	FALSE	FALSE	FALSE	FALSE	FALSE	TRUE	FALSE	FALSE	TRUE	TRUE
"79658"	"ARHGAP10"	"exploratory_only"	"I2_ge_75"	TRUE	5	144	-0.988179285806172	-1.42146644249007	-0.554892129122277	-2.00501891833428	0.0286603467219325	0.0359820083347659	86.3613223388932	0.109776077668074	"default"	0.156058247243115	0.00318410621241727	31.0627268638894	2.97250941433713e-06	0	1	1	"down"	6	TRUE	FALSE	-1.13198432065048	-0.897145741758333	0.119573645350028	TRUE	FALSE	FALSE	-0.998784111941869	3.49619893352285e-68	87.1228304664713	TRUE	TRUE	-0.98492696866345	0.0359615418110168	90.3879073725468	TRUE	TRUE	FALSE	FALSE	TRUE	TRUE	FALSE	FALSE	FALSE	FALSE	FALSE	FALSE	FALSE	FALSE	TRUE	FALSE	FALSE	TRUE	TRUE
"79696"	"ZC2HC1C"	"exploratory_only"	"I2_ge_75"	TRUE	5	144	-0.616737899258808	-0.909559826397003	-0.323915972120614	-1.26301492178339	0.0295391232657689	0.0409158146004522	82.9735150481367	0.0430593449994079	"default"	0.105466492598756	0.00426530223711977	24.6419918893011	5.93739778025887e-05	0	1	1	"down"	6	TRUE	FALSE	-0.680161684166536	-0.497119495939034	0.115123591212882	TRUE	FALSE	FALSE	-0.588020857771336	1.12287265398041e-47	83.7675459923485	TRUE	TRUE	-0.62934529509766	0.0371090396776112	85.7305147412723	TRUE	TRUE	FALSE	FALSE	TRUE	TRUE	FALSE	FALSE	FALSE	FALSE	FALSE	FALSE	FALSE	FALSE	TRUE	FALSE	FALSE	TRUE	TRUE
"79720"	"VPS37B"	"high_confidence"	""	TRUE	5	144	-0.621133147275241	-0.790723543322266	-0.451542751228217	-0.790803930155749	-0.451462364394734	0.0192060376209246	0.021408631276203	3.53786214419923e-06	"default"	0.0610818473340364	0.000526705604573977	5.12652587716283	0.27455978171544	0	1	1	"down"	6	TRUE	FALSE	-0.648159903688387	-0.583567780110601	0.106242757768163	FALSE	FALSE	FALSE	-0.621132234781896	1.5394085396102e-29	21.9744502252717	TRUE	TRUE	-0.625144332819225	0.014335632142434	0.000143228840382726	TRUE	TRUE	TRUE	TRUE	FALSE	FALSE	FALSE	FALSE	FALSE	FALSE	FALSE	FALSE	FALSE	TRUE	FALSE	FALSE	FALSE	TRUE	TRUE
"79974"	"CPED1"	"exploratory_only"	"I2_ge_75"	TRUE	5	144	-1.16858537980743	-1.74261386036363	-0.594556899251238	-2.53072191290951	0.193551153294641	0.0427180675803318	92.354833948573	0.197947467921784	"default"	0.206749443553396	0.00482712691076314	56.4112080680583	1.6440991396499e-11	0	1	1	"down"	6	TRUE	FALSE	-1.31721444228315	-0.957703783230494	0.134289973152986	TRUE	FALSE	FALSE	-1.00631410847694	2.81018555355733e-78	92.909210532818	TRUE	TRUE	-1.13999133931527	0.0413815307298804	92.990792384597	TRUE	TRUE	FALSE	FALSE	TRUE	TRUE	FALSE	FALSE	FALSE	FALSE	FALSE	FALSE	FALSE	FALSE	TRUE	FALSE	FALSE	TRUE	TRUE
"80303"	"EFHD1"	"high_confidence"	""	TRUE	5	144	-0.761076781628179	-1.09980193782814	-0.422351625428214	-1.39846238019245	-0.123691183063907	0.0365893453404837	41.3033263604236	0.0378180053968693	"default"	0.121999587013565	0.00336441308993105	6.37936532249158	0.172551822497449	0	1	1	"down"	6	TRUE	FALSE	-0.900148877225969	-0.687737981717084	0.12609737257955	TRUE	FALSE	FALSE	-0.725866937391505	3.08568580530237e-12	37.2978376720756	TRUE	TRUE	-0.817685773504068	0.0191769186641152	13.0187158485581	TRUE	TRUE	TRUE	TRUE	FALSE	FALSE	FALSE	FALSE	FALSE	FALSE	FALSE	FALSE	FALSE	TRUE	FALSE	FALSE	FALSE	TRUE	TRUE
"80345"	"ZSCAN16"	"intermediate_confidence"	""	TRUE	5	144	0.614104282360982	0.427018884467014	0.80118968025495	0.214863210183269	1.0133453545387	0.0211977861384155	61.1235168311625	0.0161367462793284	"default"	0.0673830710874581	0.000804094792624812	10.6488749400985	0.0308069065059931	1	0	1	"up"	6	TRUE	FALSE	0.568715222044021	0.686585528626865	0.092004702915219	FALSE	FALSE	FALSE	0.577546643450198	6.35707243115473e-43	62.4373464567795	FALSE	TRUE	0.646439734443784	0.0125663523137871	16.5064752939911	TRUE	TRUE	TRUE	FALSE	TRUE	FALSE	FALSE	FALSE	FALSE	FALSE	FALSE	FALSE	FALSE	FALSE	FALSE	TRUE	FALSE	TRUE	TRUE
"80765"	"STARD5"	"exploratory_only"	"I2_ge_75"	TRUE	5	144	-0.918527281342802	-1.31416482996536	-0.522889732720243	-1.77778575634393	-0.0592688063416698	0.0348493189287085	85.3795397296744	0.0754731699503406	"default"	0.142497882591622	0.00298098153384627	16.9087303871835	0.00201348418236824	0	1	1	"down"	6	TRUE	FALSE	-1.00641097991912	-0.729032709549338	0.110652723626147	TRUE	FALSE	FALSE	-0.776517504572277	5.3364582394862e-62	76.3435816385605	TRUE	TRUE	-0.928907253116141	0.0295271783031393	84.4856634588794	TRUE	TRUE	TRUE	FALSE	TRUE	TRUE	FALSE	FALSE	FALSE	FALSE	FALSE	FALSE	FALSE	FALSE	TRUE	FALSE	FALSE	TRUE	TRUE
"81609"	"SNX27"	"exploratory_only"	"I2_ge_75"	TRUE	6	167	0.638703682656331	0.334428522458719	0.942978842853943	-0.0255550505161846	1.30296241582885	0.0346319832157106	83.0875797171022	0.0527636265292782	"default"	0.118368205975552	0.00295203370164418	22.3504619982817	0.000449065016485468	1	0	1	"up"	6	TRUE	FALSE	0.603052168912079	0.710280951070817	0.116705120487874	TRUE	FALSE	FALSE	0.67741281884724	4.61389872683556e-70	77.629097777109	TRUE	TRUE	0.612021104077265	0.0243706153579919	72.3689425169512	TRUE	TRUE	FALSE	FALSE	TRUE	TRUE	FALSE	FALSE	FALSE	FALSE	FALSE	FALSE	FALSE	FALSE	TRUE	FALSE	FALSE	TRUE	TRUE
"81610"	"FAM83D"	"exploratory_only"	"I2_ge_75"	TRUE	5	144	1.58892448083366	1.06525549956896	2.11259346209836	0.530135647295779	2.64771331437155	0.0239924629733819	76.3993069276866	0.109851254793358	"default"	0.188611321824566	0.00108711536286601	13.6762742247478	0.00840325692205935	1	0	1	"up"	6	TRUE	FALSE	1.47626865641942	1.6654853534976	0.0971796518837971	FALSE	FALSE	FALSE	1.50162763020976	1.16924910385722e-84	70.7522682401184	TRUE	TRUE	1.59781762984382	0.0199784347748407	77.8228457608388	TRUE	TRUE	TRUE	FALSE	TRUE	TRUE	FALSE	FALSE	FALSE	FALSE	FALSE	FALSE	FALSE	FALSE	TRUE	FALSE	FALSE	TRUE	TRUE
"81691"	"REXO5"	"high_confidence"	""	TRUE	5	144	0.612057028194709	0.433451663598976	0.790662392790442	0.332278113887597	0.891835942501821	0.0201881519180196	35.1704009549515	0.00601614811115534	"default"	0.0643287937735075	0.000681209148518651	6.73823087754914	0.150385261605495	1	0	1	"up"	6	TRUE	FALSE	0.573595439082657	0.649762936858933	0.0925237430231016	FALSE	FALSE	FALSE	0.619365676284634	2.52769633141799e-40	40.6372373893057	TRUE	TRUE	0.625528569840169	0.0264108690165696	63.9806321190688	TRUE	TRUE	TRUE	TRUE	FALSE	FALSE	FALSE	FALSE	FALSE	FALSE	FALSE	FALSE	FALSE	TRUE	FALSE	FALSE	FALSE	TRUE	TRUE
"8317"	"CDC7"	"exploratory_only"	"I2_ge_75"	TRUE	6	167	0.731432334192959	0.319570322856394	1.14329434552952	-0.217980340265569	1.68084500865149	0.0468120451304627	83.5188474353642	0.110739434556709	"default"	0.160221318624005	0.00602857689050035	26.6683802433271	6.61810606703298e-05	1	0	1	"up"	6	TRUE	FALSE	0.612261354629098	0.819309256043451	0.138273401769434	TRUE	FALSE	FALSE	0.611517715461167	9.17256483558114e-35	81.251204781171	TRUE	TRUE	0.781666235764761	0.047895611057292	89.1239184738349	TRUE	TRUE	FALSE	FALSE	TRUE	TRUE	FALSE	FALSE	FALSE	FALSE	FALSE	FALSE	FALSE	FALSE	TRUE	FALSE	FALSE	TRUE	TRUE
"8318"	"CDC45"	"exploratory_only"	"I2_ge_75"	TRUE	5	144	1.01356862122313	0.596843461308186	1.43029378113808	0.0471484834492695	1.979988758997	0.03284577080165	84.3044995483418	0.0986305355724803	"default"	0.150093066538501	0.00250735299914739	26.0902256939527	3.03462273859001e-05	1	0	1	"up"	6	TRUE	FALSE	0.922374216986657	1.12584765360906	0.113819439701058	TRUE	FALSE	FALSE	0.974538342320758	2.84060561165514e-60	84.6685879726708	TRUE	TRUE	1.04087525211245	0.0270618713918625	83.5124757750877	TRUE	TRUE	TRUE	FALSE	TRUE	TRUE	FALSE	FALSE	FALSE	FALSE	FALSE	FALSE	FALSE	FALSE	TRUE	FALSE	FALSE	TRUE	TRUE
"8334"	"H2AC6"	"high_confidence"	""	TRUE	5	144	0.787431335269511	0.47043169075894	1.10443097978008	0.242871927364643	1.33199074317438	0.0319850876572599	44.8414925683676	0.0254332781589989	"default"	0.114174648696318	0.00231757869784727	7.45929183756352	0.113517805502734	1	0	1	"up"	6	TRUE	FALSE	0.700484179665124	0.838432970466504	0.118377770200819	TRUE	FALSE	FALSE	0.781479834449486	1.08337689171859e-22	46.3756065977094	TRUE	TRUE	0.762527459052321	0.0236342820407359	0.00225067988330092	TRUE	TRUE	TRUE	TRUE	FALSE	FALSE	FALSE	FALSE	FALSE	FALSE	FALSE	FALSE	FALSE	TRUE	FALSE	FALSE	FALSE	TRUE	TRUE
"83643"	"CCDC3"	"intermediate_confidence"	""	TRUE	6	167	-0.731106855078824	-1.14826622236262	-0.313947487795033	-1.58580838210154	0.123594671943891	0.0480643462758048	73.3756404558053	0.0842163959419058	"default"	0.162282080072556	0.0063691971712966	15.4152243076846	0.00872795310790123	0	1	1	"down"	6	TRUE	FALSE	-0.793863526326512	-0.655836785417628	0.14951008056255	TRUE	FALSE	FALSE	-0.734585020175487	4.52522005374003e-27	67.5645329565039	TRUE	TRUE	-0.770554729293063	0.0358508987128419	75.7497986131549	TRUE	TRUE	FALSE	FALSE	TRUE	FALSE	FALSE	FALSE	FALSE	FALSE	FALSE	FALSE	FALSE	FALSE	FALSE	TRUE	FALSE	TRUE	TRUE
"8365"	"H4C8"	"intermediate_confidence"	""	TRUE	5	144	0.755961352822337	0.447458316347738	1.06446438929694	0.174859520193871	1.3370631854508	0.032724962635739	63.1719125102193	0.0314588543344787	"default"	0.111114401612713	0.00243857294540834	10.7408302307377	0.0296364433509861	1	0	1	"up"	6	TRUE	FALSE	0.705788417421877	0.825212299974369	0.124515146534932	TRUE	FALSE	FALSE	0.740831757675008	3.15053335293906e-35	62.758930975811	TRUE	TRUE	0.744426628925776	0.021941634300879	39.7563263637762	TRUE	TRUE	TRUE	FALSE	TRUE	FALSE	FALSE	FALSE	FALSE	FALSE	FALSE	FALSE	FALSE	FALSE	FALSE	TRUE	FALSE	TRUE	TRUE
"84134"	"TOMM40L"	"exploratory_only"	"I2_ge_75"	TRUE	5	144	0.796195470895499	0.3980367884509	1.1943541533401	-0.0811250206725372	1.67351596246354	0.0438971099026453	90.3594824070023	0.0792825089860681	"default"	0.143405926412593	0.00514994026790811	21.1145921216965	0.000300525145165341	1	0	1	"up"	6	TRUE	FALSE	0.634732462323309	0.899110769116723	0.121780098591846	TRUE	FALSE	FALSE	0.618750342231383	8.49395181182271e-70	81.0557552949852	TRUE	TRUE	0.84981707086442	0.0428592137716173	92.4758155221349	TRUE	TRUE	FALSE	FALSE	TRUE	TRUE	FALSE	FALSE	FALSE	FALSE	FALSE	FALSE	FALSE	FALSE	TRUE	FALSE	FALSE	TRUE	TRUE
"84141"	"EVA1A"	"high_confidence"	""	TRUE	5	144	-0.778838715146136	-0.942379298525598	-0.615298131766675	-0.942379298525598	-0.615298131766675	0.0158964558365635	0	0	"default"	0.0589028693826133	0.000189027680322015	2.52412047726978	0.640321919033882	0	1	1	"down"	6	TRUE	FALSE	-0.848861671347042	-0.750516381154965	0.0781152423236345	FALSE	FALSE	FALSE	-0.778838715146137	8.27288706668825e-25	0	TRUE	TRUE	-0.778687216403745	0.0149462862797028	0	TRUE	TRUE	TRUE	TRUE	FALSE	FALSE	FALSE	FALSE	FALSE	FALSE	FALSE	FALSE	FALSE	TRUE	FALSE	FALSE	FALSE	TRUE	TRUE
"84306"	"PDCD2L"	"intermediate_confidence"	""	TRUE	5	144	0.84453368300318	0.582953039450719	1.10611432655564	0.39931271471862	1.28975465128774	0.0219971291252141	55.7477239744662	0.0168378796448144	"default"	0.0942142320994405	0.000856938351743809	9.55288643276157	0.048671818906866	1	0	1	"up"	6	TRUE	FALSE	0.793954496728767	0.893575689193432	0.0955826641563564	FALSE	FALSE	FALSE	0.793092734709077	1.31421946514837e-57	58.127838866774	TRUE	TRUE	0.844670551490913	0.0254223978364741	71.4572850077327	TRUE	TRUE	TRUE	FALSE	TRUE	FALSE	FALSE	FALSE	FALSE	FALSE	FALSE	FALSE	FALSE	FALSE	FALSE	TRUE	FALSE	TRUE	TRUE
"8443"	"GNPAT"	"intermediate_confidence"	""	TRUE	6	167	0.729416115953798	0.491496990873814	0.967335241033782	0.32141005794999	1.13742217395761	0.0192060376209246	53.3020079954445	0.0166260965452051	"default"	0.0925545811386666	0.000528775758837902	10.7633844966287	0.0562785301065198	1	0	1	"up"	6	TRUE	FALSE	0.678111092910195	0.792486736797008	0.0954562007335422	TRUE	FALSE	FALSE	0.761815635734409	4.08951904542965e-62	53.5462102876092	TRUE	TRUE	0.683927006178138	0.0271740363227829	76.9298561049425	TRUE	TRUE	TRUE	FALSE	TRUE	FALSE	FALSE	FALSE	FALSE	FALSE	FALSE	FALSE	FALSE	FALSE	FALSE	TRUE	FALSE	TRUE	TRUE
"84450"	"ZNF512"	"intermediate_confidence"	""	TRUE	5	144	0.611850159972573	0.418886500123441	0.804813819821705	0.251253109552458	0.972447210392687	0.0226740972051733	56.3453007285424	0.0120378133370525	"default"	0.0695002611389233	0.000918445045951355	8.7245795576651	0.0683646980865894	1	0	1	"up"	6	TRUE	FALSE	0.546246989754117	0.64048303771287	0.0919082926367143	FALSE	FALSE	FALSE	0.602598422868779	2.9005040048229e-49	54.1525184845642	TRUE	TRUE	0.613818048120859	0.0243653302826242	66.3764042606424	TRUE	TRUE	TRUE	FALSE	TRUE	FALSE	FALSE	FALSE	FALSE	FALSE	FALSE	FALSE	FALSE	FALSE	FALSE	TRUE	FALSE	TRUE	TRUE
"84457"	"PHYHIPL"	"high_confidence"	""	TRUE	5	144	0.748385886602203	0.461148755747977	1.03562301745643	0.298578957956163	1.19819281524824	0.0297111503173376	39.9136994956365	0.0155437260461422	"default"	0.103455000898987	0.00193757020133224	7.39105106217634	0.116610554477422	1	0	1	"up"	6	TRUE	FALSE	0.692311835406754	0.805488706922345	0.127610424159257	TRUE	FALSE	FALSE	0.722859503313606	2.16758401834736e-29	45.8804983709284	TRUE	TRUE	0.732281319169005	0.023048671822157	34.8748558992426	TRUE	TRUE	TRUE	TRUE	FALSE	FALSE	FALSE	FALSE	FALSE	FALSE	FALSE	FALSE	FALSE	TRUE	FALSE	FALSE	FALSE	TRUE	TRUE
"84619"	"ZGPAT"	"exploratory_only"	"I2_ge_75"	TRUE	5	144	-1.62605520107251	-2.2346583904891	-1.01745201165593	-3.00752894356154	-0.244581458583484	0.0287588565772375	88.6862913910732	0.199525516576848	"default"	0.219202313158367	0.00176248411537595	31.9734929443541	1.937110648617e-06	0	1	1	"down"	6	TRUE	FALSE	-1.7554728808291	-1.35151531546827	0.0928965696281202	TRUE	FALSE	FALSE	-1.43117527024507	3.84931184963949e-101	87.4896370973247	TRUE	TRUE	-1.59108209647234	0.0252069619634208	88.7112902246664	TRUE	TRUE	TRUE	FALSE	TRUE	TRUE	FALSE	FALSE	FALSE	FALSE	FALSE	FALSE	FALSE	FALSE	TRUE	FALSE	FALSE	TRUE	TRUE
"84706"	"GPT2"	"intermediate_confidence"	""	TRUE	5	144	-1.38050050477162	-1.78514922429297	-0.975851785250258	-2.12653651891345	-0.634464490629777	0.0202537951366368	50.4593309483599	0.0509595427929741	"default"	0.145743461220902	0.000693044720777949	7.820317625253	0.0983864166514484	0	1	1	"down"	6	TRUE	FALSE	-1.47786467286131	-1.22387275435142	0.0893405829471933	FALSE	FALSE	FALSE	-1.33460725238536	1.38436566236076e-42	48.8511823729076	TRUE	TRUE	-1.52138358764069	0.0114403861926839	0	TRUE	TRUE	TRUE	FALSE	TRUE	FALSE	FALSE	FALSE	FALSE	FALSE	FALSE	FALSE	FALSE	FALSE	FALSE	TRUE	FALSE	TRUE	TRUE
"84790"	"TUBA1C"	"intermediate_confidence"	""	TRUE	5	144	0.950372288827705	0.613742679620518	1.28700189803489	0.19231914890424	1.70842542875117	0.0262373322192413	74.7478253298689	0.0598451380492079	"default"	0.12124482799137	0.001430594203686	18.2098379688193	0.00112283712320417	1	0	1	"up"	6	TRUE	FALSE	0.865920902579007	1.0961200383862	0.104173908011907	TRUE	FALSE	FALSE	0.924803451129937	8.25602194798108e-52	78.0338517736996	TRUE	TRUE	0.973257667254671	0.0143466117630752	51.4851557415786	TRUE	TRUE	TRUE	FALSE	TRUE	FALSE	FALSE	FALSE	FALSE	FALSE	FALSE	FALSE	FALSE	FALSE	FALSE	TRUE	FALSE	TRUE	TRUE
"84803"	"GPAT3"	"high_confidence"	""	TRUE	5	144	-0.965323562307891	-1.11936471566918	-0.8112824089466	-1.11936471566918	-0.8112824089466	0.011581481292176	0	0	"default"	0.0554814331005176	6.40540026773982e-05	1.90566216075413	0.753104769600115	0	1	1	"down"	6	TRUE	FALSE	-0.999919089981838	-0.921599909524835	0.0617172421892558	FALSE	FALSE	FALSE	-0.965323562307892	5.12414519771544e-32	0	TRUE	TRUE	-0.958412841610875	0.013273408447276	7.18379326950315	TRUE	TRUE	TRUE	TRUE	FALSE	FALSE	FALSE	FALSE	FALSE	FALSE	FALSE	FALSE	FALSE	TRUE	FALSE	FALSE	FALSE	TRUE	TRUE
"84836"	"ABHD14B"	"high_confidence"	""	TRUE	5	144	-0.736171904354579	-0.901310656717893	-0.571033151991265	-1.01018567601081	-0.462158132698347	0.0162366345970167	29.7995984736449	0.00620248104584606	"default"	0.0594784863760342	0.000244910130792989	5.17982679267493	0.269338771610156	0	1	1	"down"	6	TRUE	FALSE	-0.804664349316205	-0.67605420464539	0.0644529058824602	FALSE	FALSE	FALSE	-0.729728292334448	1.86002258377789e-45	22.7773406312229	TRUE	TRUE	-0.78952688057104	0.0150515530199022	48.7792460949386	TRUE	TRUE	TRUE	TRUE	FALSE	FALSE	FALSE	FALSE	FALSE	FALSE	FALSE	FALSE	FALSE	TRUE	FALSE	FALSE	FALSE	TRUE	TRUE
"84869"	"CBR4"	"exploratory_only"	"I2_ge_75"	TRUE	5	144	-0.918447706021503	-1.25941134352832	-0.577484068514686	-1.67792971918981	-0.158965692853199	0.0284303245428039	78.5470723778237	0.0597454651900848	"default"	0.122805827087486	0.00170899604514285	20.5261926805299	0.000393053521029748	0	1	1	"down"	6	TRUE	FALSE	-1.02356414860729	-0.827438370074567	0.105105069039644	TRUE	FALSE	FALSE	-0.904011375492377	1.05269259881838e-56	80.5127036355155	TRUE	TRUE	-0.913947875035736	0.0236342820407359	73.3094787412712	TRUE	TRUE	TRUE	FALSE	TRUE	TRUE	FALSE	FALSE	FALSE	FALSE	FALSE	FALSE	FALSE	FALSE	TRUE	FALSE	FALSE	TRUE	TRUE
"84870"	"RSPO3"	"exploratory_only"	"I2_ge_75"	TRUE	5	144	-1.3664615286645	-1.87562816469254	-0.857294892636461	-2.55740375273735	-0.175519304591659	0.0285543725463636	88.8096083228509	0.150362658240264	"default"	0.183387971573732	0.00173307131430989	40.3206230883909	3.71543784497527e-08	0	1	1	"down"	6	TRUE	FALSE	-1.52503667745575	-1.18973523424652	0.108756891250628	TRUE	FALSE	FALSE	-1.12432289757037	1.3830688583658e-95	90.0795183863325	TRUE	TRUE	-1.37394403878765	0.0281822520083081	92.9523427494269	TRUE	TRUE	TRUE	FALSE	TRUE	TRUE	FALSE	FALSE	FALSE	FALSE	FALSE	FALSE	FALSE	FALSE	TRUE	FALSE	FALSE	TRUE	TRUE
"84873"	"ADGRG7"	"exploratory_only"	"I2_ge_75"	TRUE	5	144	-1.58894256485326	-2.12693536140682	-1.05094976829969	-2.80132645126912	-0.376558678437396	0.0245956291512756	83.8449414707633	0.153131720034481	"default"	0.193770370444704	0.00120501304705318	22.0024850122574	0.000200192266735618	0	1	1	"down"	6	TRUE	FALSE	-1.72650904110544	-1.37155088400418	0.101797302818392	TRUE	FALSE	FALSE	-1.42097820898523	1.56720457343915e-89	81.8202353153672	TRUE	TRUE	-1.57421064328593	0.0254223978364741	89.2160738088238	TRUE	TRUE	TRUE	FALSE	TRUE	TRUE	FALSE	FALSE	FALSE	FALSE	FALSE	FALSE	FALSE	FALSE	TRUE	FALSE	FALSE	TRUE	TRUE
"84879"	"MFSD2A"	"high_confidence"	""	TRUE	5	144	-1.29574681698132	-1.63609461721318	-0.955399016749473	-1.63619941152549	-0.955294222437155	0.0186947600647271	0.0263381975183472	9.25506191798311e-06	"default"	0.1225840192535	0.000453239020421071	9.35074638316016	0.0529060875730267	0	1	1	"down"	6	TRUE	FALSE	-1.36774248460065	-1.26130544202319	0.104667327034404	FALSE	FALSE	FALSE	-1.29573696018705	7.3120850701291e-57	57.2226661263789	TRUE	TRUE	-1.29536265014987	0.0154433154026684	3.77250663520423	TRUE	TRUE	TRUE	TRUE	FALSE	FALSE	FALSE	FALSE	FALSE	FALSE	FALSE	FALSE	FALSE	TRUE	FALSE	FALSE	FALSE	TRUE	TRUE
"84886"	"C1orf198"	"high_confidence"	""	TRUE	5	144	0.591456392269675	0.467149730214582	0.715763054324768	0.467149730214582	0.715763054324768	0.0158964558365635	0	0	"default"	0.0447718781914247	0.000189701452371401	2.20954836307145	0.697281554859234	1	0	1	"up"	6	TRUE	FALSE	0.561961109292478	0.621426220209179	0.0782572430271621	FALSE	FALSE	FALSE	0.591456392269675	7.67812397647821e-22	0	TRUE	TRUE	0.528384628743194	0.026746848123493	36.2460572507379	FALSE	TRUE	TRUE	TRUE	FALSE	FALSE	FALSE	FALSE	FALSE	FALSE	FALSE	FALSE	FALSE	TRUE	FALSE	FALSE	FALSE	TRUE	TRUE
"84928"	"TMEM209"	"exploratory_only"	"I2_ge_75"	TRUE	5	144	0.615073615373159	0.383404144883113	0.846743085863205	0.0943126878337819	1.13583454291254	0.0290835767218815	75.4324503922467	0.0282178167169448	"default"	0.083441041227985	0.00180497520690477	15.2940800181665	0.00412857510603892	1	0	1	"up"	6	TRUE	FALSE	0.558312368205627	0.677544203415204	0.101726993850954	TRUE	FALSE	FALSE	0.589945564790022	4.05064103904912e-46	73.8460894983631	TRUE	TRUE	0.654203159239244	0.0333165787996505	85.0745963745286	TRUE	TRUE	TRUE	FALSE	TRUE	TRUE	FALSE	FALSE	FALSE	FALSE	FALSE	FALSE	FALSE	FALSE	TRUE	FALSE	FALSE	TRUE	TRUE
"84933"	"C8orf76"	"high_confidence"	""	TRUE	5	144	0.682594614483162	0.481714449492213	0.883474779474111	0.339091741015045	1.02609748795128	0.0202537951366368	35.953705297721	0.0100719852837863	"default"	0.0723515709404377	0.000703791093574753	5.585387836206	0.232325155743122	1	0	1	"up"	6	TRUE	FALSE	0.613752750348647	0.745279688810227	0.0823872329960473	FALSE	FALSE	FALSE	0.652578195008899	2.72327829270902e-30	28.3845613357246	TRUE	TRUE	0.736274470849899	0.0168553483730133	48.2962620101487	TRUE	TRUE	TRUE	TRUE	FALSE	FALSE	FALSE	FALSE	FALSE	FALSE	FALSE	FALSE	FALSE	TRUE	FALSE	FALSE	FALSE	TRUE	TRUE
"84988"	"PPP1R16A"	"intermediate_confidence"	""	TRUE	6	167	0.64241938081857	0.353022007022114	0.931816754615026	-0.0259595965785475	1.31079835821569	0.0319850876572599	68.1344894265677	0.0549312358376731	"default"	0.112580494339648	0.00230825872167944	17.2992259414188	0.00396591430159697	1	0	1	"up"	6	TRUE	FALSE	0.547483191764709	0.740758800694033	0.0981033308406325	TRUE	FALSE	FALSE	0.653262770474422	2.18958744340606e-24	71.0969726799815	TRUE	TRUE	0.600786039123777	0.0284952885311839	63.5357688852203	TRUE	TRUE	FALSE	FALSE	TRUE	FALSE	FALSE	FALSE	FALSE	FALSE	FALSE	FALSE	FALSE	FALSE	FALSE	TRUE	FALSE	TRUE	TRUE
"85236"	"H2BC12"	"high_confidence"	""	TRUE	5	144	0.758908880639068	0.497646100650581	1.02017166062756	0.421136433984237	1.0966813272939	0.0250871842165154	21.7573894513935	0.00594552883298639	"default"	0.0940997462904547	0.00128379110292336	7.5425955647399	0.109845610201891	1	0	1	"up"	6	TRUE	FALSE	0.723508128960145	0.805701444805477	0.123251046967333	FALSE	FALSE	FALSE	0.757869904960663	1.43569245690563e-32	46.9678578724386	TRUE	TRUE	0.773053791693419	0.0283752324320037	41.0286558534813	TRUE	TRUE	TRUE	TRUE	FALSE	FALSE	FALSE	FALSE	FALSE	FALSE	FALSE	FALSE	FALSE	TRUE	FALSE	FALSE	FALSE	TRUE	TRUE
"8547"	"FCN3"	"exploratory_only"	"I2_ge_75"	TRUE	6	167	-2.82957207949223	-4.26419894096963	-1.39494521801483	-6.40166854835727	0.742524389372813	0.0387552161541325	93.8030108275695	1.61953624746443	"default"	0.558094218821973	0.00386686123191512	39.6319064582475	1.77161453090149e-07	0	1	1	"down"	6	TRUE	FALSE	-3.52085087390977	-2.61743250602717	0.124602290565583	TRUE	FALSE	FALSE	-3.3475131827604	7.42858727949187e-146	87.3839023987717	TRUE	TRUE	-2.87898493301977	0.0344614662845712	94.658800520107	TRUE	TRUE	FALSE	FALSE	TRUE	TRUE	FALSE	FALSE	FALSE	FALSE	FALSE	FALSE	FALSE	FALSE	TRUE	FALSE	FALSE	TRUE	TRUE
"86"	"ACTL6A"	"exploratory_only"	"I2_ge_75"	TRUE	6	167	0.649919234729524	0.352366781023028	0.947471688436019	-0.0251187389819493	1.324957208441	0.03284577080165	81.3240497826734	0.0555606629568789	"default"	0.115752958953295	0.0024793640721548	20.2655125566002	0.00111415467430158	1	0	1	"up"	6	TRUE	FALSE	0.595626241258688	0.725929209432037	0.112236458110981	TRUE	FALSE	FALSE	0.651431470989908	7.03736821093682e-52	75.3275423652111	TRUE	TRUE	0.643771799845699	0.0314834357818557	85.7996133552678	TRUE	TRUE	FALSE	FALSE	TRUE	TRUE	FALSE	FALSE	FALSE	FALSE	FALSE	FALSE	FALSE	FALSE	TRUE	FALSE	FALSE	TRUE	TRUE
"8608"	"RDH16"	"high_confidence"	""	TRUE	5	144	-2.07466162682918	-2.52571440140474	-1.62360885225361	-2.8228181845781	-1.32650506908025	0.0160917557752165	31.805581865625	0.0462194740448766	"default"	0.162456939534352	0.000216654365465206	5.45121153398888	0.244051427764148	0	1	1	"down"	6	TRUE	FALSE	-2.23447209977289	-1.99147907833114	0.080401469689973	FALSE	FALSE	FALSE	-2.06374466114273	3.0935727049232e-51	26.6218165437254	TRUE	TRUE	-2.07437393094243	0.0142216024376729	37.4838444242039	TRUE	TRUE	TRUE	TRUE	FALSE	FALSE	FALSE	FALSE	FALSE	FALSE	FALSE	FALSE	FALSE	TRUE	FALSE	FALSE	FALSE	TRUE	TRUE
"8631"	"SKAP1"	"high_confidence"	""	TRUE	5	144	-0.950647591317242	-1.20553316738359	-0.695762015250898	-1.44960680884074	-0.451688373793742	0.0189508407128152	49.3915313532484	0.0238684731300157	"default"	0.0918028509150681	0.000490872495419479	7.16363781934264	0.127489298844737	0	1	1	"down"	6	TRUE	FALSE	-1.02869076601641	-0.872558675073941	0.0882687821957326	FALSE	FALSE	FALSE	-0.912826696535969	1.65613464157758e-41	44.1624478948454	TRUE	TRUE	-0.928025614206749	0.018291629685597	55.8298358870478	TRUE	TRUE	TRUE	TRUE	FALSE	FALSE	FALSE	FALSE	FALSE	FALSE	FALSE	FALSE	FALSE	TRUE	FALSE	FALSE	FALSE	TRUE	TRUE
"8644"	"AKR1C3"	"high_confidence"	""	TRUE	5	144	1.40401742418004	1.18262740584846	1.62540744251163	1.08053043249104	1.72750441586905	0.0115802536922153	18.8602545700743	0.00721660889757412	"default"	0.0797386621896887	6.11020246788412e-05	4.29242955803939	0.367874031100581	1	0	1	"up"	6	TRUE	FALSE	1.35803569056095	1.48521968365486	0.0644712674041655	FALSE	FALSE	FALSE	1.40869939387599	3.53461921624897e-77	6.81268158476106	TRUE	TRUE	1.43186074336973	0.00932974376051547	0	TRUE	TRUE	TRUE	TRUE	FALSE	FALSE	FALSE	FALSE	FALSE	FALSE	FALSE	FALSE	FALSE	TRUE	FALSE	FALSE	FALSE	TRUE	TRUE
"8655"	"DYNLL1"	"intermediate_confidence"	""	TRUE	5	144	0.771267794443017	0.477237402013701	1.06529818687233	0.235346417602072	1.30718917128396	0.0294523728326812	66.614107167751	0.0260432005108188	"default"	0.10590174892306	0.00188901944287454	12.0642725002507	0.0168796636796977	1	0	1	"up"	6	TRUE	FALSE	0.691483865138413	0.82836920511513	0.114146587278071	TRUE	FALSE	FALSE	0.75756068226745	5.94833401802763e-52	66.8442502445392	TRUE	TRUE	0.831967875962084	0.026381372436859	74.4036708564597	TRUE	TRUE	TRUE	FALSE	TRUE	FALSE	FALSE	FALSE	FALSE	FALSE	FALSE	FALSE	FALSE	FALSE	FALSE	TRUE	FALSE	TRUE	TRUE
"8667"	"EIF3H"	"high_confidence"	""	TRUE	5	144	0.656294807835636	0.437088606035222	0.87550100963605	0.337251275044361	0.975338340626911	0.0243463972657534	31.673092259172	0.00697105652459574	"default"	0.0789521108809379	0.00114400936265303	7.18511136456188	0.126423358050913	1	0	1	"up"	6	TRUE	FALSE	0.597970096865875	0.707754791909965	0.104392687174952	FALSE	FALSE	FALSE	0.641265261396993	9.68029035217473e-33	44.3293249464631	TRUE	TRUE	0.68216827783579	0.0251664985209155	41.2095051429151	TRUE	TRUE	TRUE	TRUE	FALSE	FALSE	FALSE	FALSE	FALSE	FALSE	FALSE	FALSE	FALSE	TRUE	FALSE	FALSE	FALSE	TRUE	TRUE
"8682"	"PEA15"	"exploratory_only"	"I2_ge_75"	TRUE	6	167	0.848203964055517	0.403291704509524	1.29311622360151	-0.129714765677685	1.82612269378872	0.0417163733974418	83.7846061410276	0.114768558725727	"default"	0.173078426595145	0.0044717765767881	18.6246787862807	0.00225729347592021	0.833333333333333	0.166666666666667	0.833333333333333	"up"	6	TRUE	FALSE	0.786730274833961	0.965724736392573	0.134289973152986	TRUE	FALSE	FALSE	0.913199195519079	1.36748837716967e-53	73.153899418211	TRUE	TRUE	0.86967999964582	0.0280648603060361	77.0008889462928	TRUE	TRUE	FALSE	FALSE	TRUE	TRUE	FALSE	FALSE	FALSE	FALSE	FALSE	FALSE	FALSE	FALSE	TRUE	FALSE	FALSE	TRUE	TRUE
"8685"	"MARCO"	"exploratory_only"	"I2_ge_75"	TRUE	6	167	-1.9149730548817	-2.85313272537968	-0.976813384383723	-3.94794411733154	0.117998007568134	0.0365036634489246	91.2072720155092	0.492264140911893	"default"	0.364960048146356	0.00333427316977608	29.2961205329644	2.02831128289547e-05	0	1	1	"down"	6	TRUE	FALSE	-2.0936395965808	-1.71333974403946	0.125168489409518	TRUE	FALSE	FALSE	-1.82214414878497	6.93715421604069e-115	82.9328938131111	TRUE	TRUE	-1.92259116037202	0.0304902136801757	93.1254087125062	TRUE	TRUE	FALSE	FALSE	TRUE	TRUE	FALSE	FALSE	FALSE	FALSE	FALSE	FALSE	FALSE	FALSE	TRUE	FALSE	FALSE	TRUE	TRUE
"875"	"CBS"	"intermediate_confidence"	""	TRUE	6	167	-0.845553526480472	-1.30995537985423	-0.381151673106719	-1.65920210784875	-0.0319049451121969	0.0447030833663977	56.6225997754312	0.0675487737800056	"default"	0.180660209659809	0.00543186445069172	12.4067463949668	0.0296200607336353	0	1	1	"down"	6	TRUE	FALSE	-0.925521002912825	-0.760042179629049	0.154488134432422	TRUE	FALSE	FALSE	-0.869239265934567	1.03925957670978e-21	59.6993454945738	TRUE	TRUE	-0.858636915887141	0.0252921382886111	27.5204368240911	TRUE	TRUE	TRUE	FALSE	TRUE	FALSE	FALSE	FALSE	FALSE	FALSE	FALSE	FALSE	FALSE	FALSE	FALSE	TRUE	FALSE	TRUE	TRUE
"8809"	"IL18R1"	"exploratory_only"	"I2_ge_75"	TRUE	6	167	-0.613150884253098	-0.934698787574653	-0.291602980931542	-1.30969587564351	0.0833941071373173	0.0417160698376938	82.1524437586019	0.0577766601204403	"default"	0.125087596459251	0.00446758133401447	20.5624190273746	0.000979646830305921	0	1	1	"down"	6	TRUE	FALSE	-0.675585073560806	-0.560493709556923	0.134186671511123	TRUE	FALSE	FALSE	-0.590499261242078	1.31824796023067e-42	75.6837948232475	TRUE	TRUE	-0.588910398392833	0.0380779011969134	80.069804849853	TRUE	TRUE	FALSE	FALSE	TRUE	TRUE	FALSE	FALSE	FALSE	FALSE	FALSE	FALSE	FALSE	FALSE	TRUE	FALSE	FALSE	TRUE	TRUE
"8835"	"SOCS2"	"exploratory_only"	"I2_ge_75"	TRUE	6	167	-1.26343006687318	-1.99058512418693	-0.53627500955943	-2.96442329029313	0.437563156546771	0.0487073581170946	85.9103922502665	0.357848438806548	"default"	0.282875669326338	0.0066013436196688	24.9413592891097	0.000143013651098231	0.166666666666667	0.833333333333333	0.833333333333333	"down"	6	TRUE	FALSE	-1.51951394871545	-1.15357119815602	0.144003009658357	TRUE	FALSE	FALSE	-1.38971614460917	4.72748134376227e-47	79.952977133114	TRUE	TRUE	-1.24680483827157	0.0479966714706278	89.1027485415325	TRUE	TRUE	FALSE	FALSE	TRUE	TRUE	FALSE	FALSE	FALSE	FALSE	FALSE	FALSE	FALSE	FALSE	TRUE	FALSE	FALSE	TRUE	TRUE
"8872"	"CDC123"	"high_confidence"	""	TRUE	5	144	0.721285736831537	0.624701171195582	0.817870302467492	0.624701171195582	0.817870302467492	0.0115802536922153	0	0	"default"	0.034787133178012	3.19662444939654e-05	2.12585978509431	0.712623076870712	1	0	1	"up"	6	TRUE	FALSE	0.698974710178867	0.765975190915005	0.0618546664578277	FALSE	FALSE	FALSE	0.721285736831537	6.35248160568773e-50	0	TRUE	TRUE	0.722952447703428	0.00347951313763492	0	TRUE	TRUE	TRUE	TRUE	FALSE	FALSE	FALSE	FALSE	FALSE	FALSE	FALSE	FALSE	FALSE	TRUE	FALSE	FALSE	FALSE	TRUE	TRUE
"8910"	"SGCE"	"high_confidence"	""	TRUE	6	167	0.822414031821415	0.515380828846092	1.12944723479674	0.512318659262852	1.13250940437998	0.0232306369190073	0.369421674852318	0.000285984190790832	"default"	0.119441131466379	0.000988924320239307	5.9707194545599	0.309078479139662	1	0	1	"up"	6	TRUE	FALSE	0.746052535204148	0.902829271720728	0.110697257768273	TRUE	FALSE	FALSE	0.822576938563734	2.28434014068247e-13	16.2579980846113	TRUE	TRUE	0.853686758717391	0.0346493233437029	56.2424550806782	TRUE	TRUE	TRUE	TRUE	FALSE	FALSE	FALSE	FALSE	FALSE	FALSE	FALSE	FALSE	FALSE	TRUE	FALSE	FALSE	FALSE	TRUE	TRUE
"9055"	"PRC1"	"exploratory_only"	"I2_ge_75"	TRUE	6	167	1.71855036072393	0.817087775322537	2.62001294612533	-0.501507517078677	3.93860823852654	0.0417163733974418	92.3369619385968	0.622894990897231	"default"	0.350684258678055	0.00447227489104418	34.6402819173575	1.77497501716677e-06	0.833333333333333	0.166666666666667	0.833333333333333	"up"	6	TRUE	FALSE	1.57587569049252	2.03641881000282	0.13011895172035	TRUE	FALSE	FALSE	1.88771539989684	5.59501325967197e-99	85.5659373329331	TRUE	TRUE	1.77162371086532	0.0357849024015806	93.4024997525021	TRUE	TRUE	FALSE	FALSE	TRUE	TRUE	FALSE	FALSE	FALSE	FALSE	FALSE	FALSE	FALSE	FALSE	TRUE	FALSE	FALSE	TRUE	TRUE
"90634"	"N4BP2L1"	"intermediate_confidence"	""	TRUE	5	144	-0.640803631975571	-0.880769313540227	-0.400837950410915	-1.07553224969417	-0.206075014256971	0.0287627514851275	62.8159876520352	0.0170464979831219	"default"	0.0864291107774524	0.00176593652972933	11.4557016072954	0.021892852688961	0	1	1	"down"	6	TRUE	FALSE	-0.689399415063125	-0.587426422613259	0.120270819542665	TRUE	FALSE	FALSE	-0.646985720368238	4.54255073751536e-49	65.082889401967	TRUE	TRUE	-0.661414504714773	0.0217177047410402	54.9577337891299	TRUE	TRUE	TRUE	FALSE	TRUE	FALSE	FALSE	FALSE	FALSE	FALSE	FALSE	FALSE	FALSE	FALSE	FALSE	TRUE	FALSE	TRUE	TRUE
"90864"	"SPSB3"	"intermediate_confidence"	""	TRUE	5	144	-0.666512140640604	-0.87889440272867	-0.454129878552538	-1.12493530555024	-0.208088975730966	0.0230194341631006	63.7977553252994	0.0214104451581623	"default"	0.0764943134263539	0.000955499418054956	11.6294745478776	0.0203301604177973	0	1	1	"down"	6	TRUE	FALSE	-0.739864541480214	-0.609881606521229	0.0928665274476834	FALSE	FALSE	FALSE	-0.633596203540545	9.18662962309952e-41	65.6046368773385	TRUE	TRUE	-0.677334014938846	0.0166807981060215	57.8314211258178	TRUE	TRUE	TRUE	FALSE	TRUE	FALSE	FALSE	FALSE	FALSE	FALSE	FALSE	FALSE	FALSE	FALSE	FALSE	TRUE	FALSE	TRUE	TRUE
"91057"	"CCDC34"	"high_confidence"	""	TRUE	5	144	0.673769729142434	0.576727463094699	0.770811995190168	0.576727463094699	0.770811995190168	0.0115802536922153	0	0	"default"	0.0349519844156332	4.26816459566614e-05	3.08133930798731	0.544306939398728	1	0	1	"up"	6	TRUE	FALSE	0.653004630102919	0.714188531441817	0.0622985093653561	FALSE	FALSE	FALSE	0.673769729142434	3.40098486331813e-62	0	TRUE	TRUE	0.699567584178049	0.0135724751681941	47.5436017827596	TRUE	TRUE	TRUE	TRUE	FALSE	FALSE	FALSE	FALSE	FALSE	FALSE	FALSE	FALSE	FALSE	TRUE	FALSE	FALSE	FALSE	TRUE	TRUE
"91404"	"SESTD1"	"intermediate_confidence"	""	TRUE	5	144	0.749697053968083	0.523636304397569	0.975757803538597	0.251959613563727	1.24743449437244	0.0209406253762991	64.9730884708962	0.0255088975165983	"default"	0.0814209325253019	0.000772949490312986	13.5553635225378	0.00885809594921922	1	0	1	"up"	6	TRUE	FALSE	0.695861415866304	0.860652582860753	0.0893405829471933	FALSE	FALSE	FALSE	0.703863490232307	3.91451510214549e-45	70.4913852487291	TRUE	TRUE	0.740616685740443	0.0191575819561182	67.5304798522231	TRUE	TRUE	TRUE	FALSE	TRUE	FALSE	FALSE	FALSE	FALSE	FALSE	FALSE	FALSE	FALSE	FALSE	FALSE	TRUE	FALSE	TRUE	TRUE
"9232"	"PTTG1"	"intermediate_confidence"	""	TRUE	5	144	1.620115360275	1.25694663418597	1.98328408636402	0.9501892933298	2.2900414272202	0.0162366345970167	56.9328201080576	0.0411108971791641	"default"	0.130803495955723	0.000244232690135889	9.31579692348244	0.0536729604011726	1	0	1	"up"	6	TRUE	FALSE	1.51829116820564	1.69839540823566	0.0823872329960473	FALSE	FALSE	FALSE	1.52803215815137	1.25194006067205e-97	57.0621812298508	TRUE	TRUE	1.65469657355449	0.0154433154026684	72.1013589275166	TRUE	TRUE	TRUE	FALSE	TRUE	FALSE	FALSE	FALSE	FALSE	FALSE	FALSE	FALSE	FALSE	FALSE	FALSE	TRUE	FALSE	TRUE	TRUE
"92840"	"REEP6"	"high_confidence"	""	TRUE	5	144	-0.938662779586642	-1.21698034223858	-0.660345216934706	-1.21701310538775	-0.660312453785537	0.0205180395093244	0.00463815311836524	2.36593945324842e-06	"default"	0.100242415069146	0.000724435808373913	4.55697976869297	0.335844518364115	0	1	1	"down"	6	TRUE	FALSE	-1.03747314322047	-0.89493471806195	0.100317150324662	FALSE	FALSE	FALSE	-0.938657841651786	1.37716312945524e-22	12.222563999943	TRUE	TRUE	-1.07903389642141	0.0222927967976805	37.2963412594454	TRUE	TRUE	TRUE	TRUE	FALSE	FALSE	FALSE	FALSE	FALSE	FALSE	FALSE	FALSE	FALSE	TRUE	FALSE	FALSE	FALSE	TRUE	TRUE
"929"	"CD14"	"intermediate_confidence"	""	TRUE	6	167	-1.15236810445799	-1.66197496611962	-0.64276124279636	-2.21045756359824	-0.0942786453177393	0.0307657778240864	72.7899417558871	0.130125353688938	"default"	0.19824572577184	0.00212644705748291	14.3303377701437	0.0136417825374731	0	1	1	"down"	6	TRUE	FALSE	-1.28219031101917	-1.05690571349883	0.115789467735924	TRUE	FALSE	FALSE	-1.21790251986813	2.09544165106069e-43	65.1089870999609	TRUE	TRUE	-1.15591029994326	0.0286007017588733	77.4170527636603	TRUE	TRUE	TRUE	FALSE	TRUE	FALSE	FALSE	FALSE	FALSE	FALSE	FALSE	FALSE	FALSE	FALSE	FALSE	TRUE	FALSE	TRUE	TRUE
"92912"	"UBE2Q2"	"intermediate_confidence"	""	TRUE	5	144	0.677866563077852	0.379201199973143	0.97653192618256	0.0492350306077571	1.30649809554795	0.0361588269628663	51.9103601848198	0.0396926448623109	"default"	0.107571139276471	0.003241524753594	8.14199314445064	0.0865131190376618	1	0	1	"up"	6	TRUE	FALSE	0.630501118677864	0.814967009521269	0.124822154588237	TRUE	FALSE	FALSE	0.611213276099599	2.93163097997549e-14	50.8719802506063	TRUE	TRUE	0.75730607792742	0.0268545611323209	46.3389262045186	TRUE	TRUE	TRUE	FALSE	TRUE	FALSE	FALSE	FALSE	FALSE	FALSE	FALSE	FALSE	FALSE	FALSE	FALSE	TRUE	FALSE	TRUE	TRUE
"93594"	"TBC1D31"	"exploratory_only"	"I2_ge_75"	TRUE	5	144	0.643666831251403	0.318123001999256	0.969210660503551	-0.034982641069879	1.32231630357269	0.0443988379115687	82.4087958659888	0.0459985133705434	"default"	0.117252031615066	0.00536463578777493	17.9201567592372	0.00127923448492233	1	0	1	"up"	6	TRUE	FALSE	0.582425099492758	0.722281609604694	0.138404276261174	TRUE	FALSE	FALSE	0.69768740671043	1.3259575297902e-56	77.6787666885887	TRUE	TRUE	0.691425859256819	0.0315952621997912	78.0991055654508	TRUE	TRUE	FALSE	FALSE	TRUE	TRUE	FALSE	FALSE	FALSE	FALSE	FALSE	FALSE	FALSE	FALSE	TRUE	FALSE	FALSE	TRUE	TRUE
"9506"	"PAGE4"	"high_confidence"	""	TRUE	5	144	1.067609529849	0.493310536295898	1.64190852340209	0.00437854216095634	2.13084051753704	0.048970878426227	42.9081272115853	0.103862682431245	"default"	0.206846874976188	0.00669177478382968	6.36277594165247	0.173644577138062	1	0	1	"up"	6	TRUE	FALSE	0.933143541682704	1.22982502913119	0.139748134661914	TRUE	FALSE	FALSE	1.04071773823019	3.92329640475505e-10	37.1343571315324	TRUE	TRUE	1.09201831162538	0.0317205945501379	9.66909608981513	TRUE	TRUE	TRUE	TRUE	FALSE	FALSE	FALSE	FALSE	FALSE	FALSE	FALSE	FALSE	FALSE	TRUE	FALSE	FALSE	FALSE	TRUE	TRUE
"9510"	"ADAMTS1"	"high_confidence"	""	TRUE	6	167	-0.64355756699782	-0.857760402892607	-0.429354731103033	-0.857782379499126	-0.429332754496514	0.019337320127881	0.00351853521419247	1.42487003619209e-06	"default"	0.0833285417819672	0.000581199901050277	6.46815056110673	0.263291611038676	0.166666666666667	0.833333333333333	0.833333333333333	"down"	6	TRUE	FALSE	-0.672088616327909	-0.589842870313667	0.125712297421158	TRUE	FALSE	FALSE	-0.64355958952764	9.83409437119872e-18	22.6981506883092	TRUE	TRUE	-0.619732610975456	0.0193677537519536	0.00318257518862535	TRUE	TRUE	TRUE	TRUE	FALSE	FALSE	FALSE	FALSE	FALSE	FALSE	FALSE	FALSE	FALSE	TRUE	FALSE	FALSE	FALSE	TRUE	TRUE
"9719"	"ADAMTSL2"	"intermediate_confidence"	""	TRUE	5	144	-1.37032210959132	-1.86265352911546	-0.877990690067177	-2.39077708150941	-0.349867137673233	0.0270694017806083	71.5046365185106	0.103641803718152	"default"	0.177324384552912	0.0015098822026451	13.7556101975648	0.00811731556852839	0	1	1	"down"	6	TRUE	FALSE	-1.49032750978764	-1.28021753261645	0.103133228221136	TRUE	FALSE	FALSE	-1.27092607475553	3.60898174216263e-45	70.9209555770331	TRUE	TRUE	-1.41711411709224	0.0249368719689906	75.1155775204923	TRUE	TRUE	TRUE	FALSE	TRUE	FALSE	FALSE	FALSE	FALSE	FALSE	FALSE	FALSE	FALSE	FALSE	FALSE	TRUE	FALSE	TRUE	TRUE
"9761"	"MLEC"	"high_confidence"	""	TRUE	5	144	0.588682210733195	0.394013942753855	0.783350478712534	0.211517115161862	0.965847306304528	0.0240086055561741	45.9275624138869	0.0135377542964325	"default"	0.0701142146174258	0.00110117682467145	6.67806672844727	0.153910845727642	1	0	1	"up"	6	TRUE	FALSE	0.51234067594148	0.62239566204705	0.0974894183565417	FALSE	FALSE	FALSE	0.598663398223882	9.83695381877703e-28	40.1024254076291	TRUE	TRUE	0.605455575297906	0.0154067129307673	19.2925540505598	TRUE	TRUE	TRUE	TRUE	FALSE	FALSE	FALSE	FALSE	FALSE	FALSE	FALSE	FALSE	FALSE	TRUE	FALSE	FALSE	FALSE	TRUE	TRUE
"9775"	"EIF4A3"	"high_confidence"	""	TRUE	5	144	0.597178837759451	0.462105900963148	0.732251774555755	0.362742691827921	0.831614983690982	0.0164663033173916	32.5182371774029	0.00476291186425594	"default"	0.0486495974811218	0.000252973933647077	5.23289649958636	0.264224580946351	1	0	1	"up"	6	TRUE	FALSE	0.543732055968124	0.649034409614481	0.0622985093653561	FALSE	FALSE	FALSE	0.587370611501214	2.00696614056628e-42	23.5604984674131	TRUE	TRUE	0.615803711906454	0.0143466117630752	49.2975505558147	TRUE	TRUE	TRUE	TRUE	FALSE	FALSE	FALSE	FALSE	FALSE	FALSE	FALSE	FALSE	FALSE	TRUE	FALSE	FALSE	FALSE	TRUE	TRUE
"9787"	"DLGAP5"	"exploratory_only"	"I2_ge_75"	TRUE	5	144	1.26500438505643	0.703113685939733	1.82689508417313	-0.017404469685143	2.54741323979801	0.0365211576818992	88.2737740441367	0.172384497589397	"default"	0.202377744859707	0.00333995168297592	28.746855577149	8.7997500722487e-06	1	0	1	"up"	6	TRUE	FALSE	1.07816338317401	1.39018771023245	0.120270819542665	TRUE	FALSE	FALSE	1.09070268698158	7.80437900692171e-68	86.0854346686195	TRUE	TRUE	1.33650850855676	0.0417818213317104	92.8788678897241	TRUE	TRUE	FALSE	FALSE	TRUE	TRUE	FALSE	FALSE	FALSE	FALSE	FALSE	FALSE	FALSE	FALSE	TRUE	FALSE	FALSE	TRUE	TRUE
"9793"	"CKAP5"	"high_confidence"	""	TRUE	5	144	0.708877065008255	0.596247321828645	0.821506808187866	0.596187398284926	0.821566731731585	0.0115802536922153	0.0232749697065079	1.75153133496128e-06	"default"	0.0405661696565712	6.29652627711081e-05	5.00751404472588	0.286527375867499	1	0	1	"up"	6	TRUE	FALSE	0.68752675373152	0.733538447326441	0.0739459951337099	FALSE	FALSE	FALSE	0.708869975399534	1.1282559884046e-82	20.1200443119477	TRUE	TRUE	0.706791087958552	0.0142216024376729	39.775548344696	TRUE	TRUE	TRUE	TRUE	FALSE	FALSE	FALSE	FALSE	FALSE	FALSE	FALSE	FALSE	FALSE	TRUE	FALSE	FALSE	FALSE	TRUE	TRUE
"9804"	"TOMM20"	"exploratory_only"	"I2_ge_75"	TRUE	6	167	0.6091920162121	0.263972559227959	0.954411473196241	-0.210063235562117	1.42844726798632	0.0474343362810507	85.8211794782853	0.0835368949451421	"default"	0.134296232937741	0.00619031338282315	28.1104307398578	3.46334195516775e-05	0.833333333333333	0.166666666666667	0.833333333333333	"up"	6	TRUE	FALSE	0.542442259383438	0.721031899716139	0.138250913937807	TRUE	FALSE	FALSE	0.678920225479367	1.27994938004991e-47	82.2130082378621	TRUE	TRUE	0.570787403485474	0.0556362977712879	87.5656321262279	FALSE	TRUE	FALSE	FALSE	TRUE	TRUE	FALSE	FALSE	FALSE	FALSE	FALSE	FALSE	FALSE	FALSE	TRUE	FALSE	FALSE	TRUE	TRUE
"983"	"CDK1"	"exploratory_only"	"I2_ge_75"	TRUE	5	144	1.13088897007916	0.554434069233317	1.707343870925	-0.202487903484205	2.46426584364252	0.0450812447705729	91.6678589705553	0.187528830295913	"default"	0.207623374136466	0.0055180451001299	49.7106084202345	4.14980975743291e-10	1	0	1	"up"	6	TRUE	FALSE	1.01136321023064	1.29518875299307	0.131499306624057	TRUE	FALSE	FALSE	0.849872629009125	7.81411158671946e-57	91.9534277951588	TRUE	TRUE	1.19264929544581	0.0469254958391813	94.5051871918354	TRUE	TRUE	FALSE	FALSE	TRUE	TRUE	FALSE	FALSE	FALSE	FALSE	FALSE	FALSE	FALSE	FALSE	TRUE	FALSE	FALSE	TRUE	TRUE
"9833"	"MELK"	"exploratory_only"	"I2_ge_75"	TRUE	6	167	1.11319743215957	0.509541776837314	1.71685308748182	-0.445889574984976	2.67228443930411	0.0438971099026453	94.177244209384	0.31270978196638	"default"	0.234832304093063	0.00514827984144578	91.2202372999322	3.72336579470894e-18	1	0	1	"up"	6	TRUE	FALSE	0.990322348903748	1.320012020881	0.132537665985449	TRUE	FALSE	FALSE	0.951202281020876	5.18309627554577e-68	94.5187601479703	TRUE	TRUE	1.14189928208332	0.043054597599192	95.593142267187	TRUE	TRUE	FALSE	FALSE	TRUE	TRUE	FALSE	FALSE	FALSE	FALSE	FALSE	FALSE	FALSE	FALSE	TRUE	FALSE	FALSE	TRUE	TRUE
"9881"	"TRANK1"	"exploratory_only"	"I2_ge_75"	TRUE	5	144	-0.589169053791105	-0.903744962337243	-0.274593145244966	-1.28374939718454	0.105411289602329	0.0484184122312727	84.0134693479138	0.0497472293372346	"default"	0.11330168493417	0.00651613444664737	19.0665766693922	0.000762622219237355	0	1	1	"down"	6	TRUE	FALSE	-0.663382855158945	-0.503191926595594	0.144896833876409	TRUE	FALSE	FALSE	-0.530824350632338	8.17079584158977e-36	79.0208799966633	FALSE	TRUE	-0.587410532258584	0.0410230034178357	84.7139224091837	TRUE	TRUE	FALSE	FALSE	TRUE	TRUE	FALSE	FALSE	FALSE	FALSE	FALSE	FALSE	FALSE	FALSE	TRUE	FALSE	FALSE	TRUE	TRUE
"9897"	"WASHC5"	"high_confidence"	""	TRUE	5	144	0.979393177553494	0.742475596452376	1.21631075865461	0.533230580796247	1.42555577431074	0.0173036601171592	44.3663664795679	0.0185416603824907	"default"	0.0853312679071463	0.000328920506214578	6.59929952131425	0.158640254218536	1	0	1	"up"	6	TRUE	FALSE	0.891154599974558	1.04992071528327	0.0746948116015982	FALSE	FALSE	FALSE	0.98973213317648	8.65016207496641e-52	39.3875064000224	TRUE	TRUE	0.998976133962372	0.0139033978653514	51.8103654569284	TRUE	TRUE	TRUE	TRUE	FALSE	FALSE	FALSE	FALSE	FALSE	FALSE	FALSE	FALSE	FALSE	TRUE	FALSE	FALSE	FALSE	TRUE	TRUE
"9918"	"NCAPD2"	"high_confidence"	""	TRUE	5	144	0.820621369357762	0.67863191610941	0.962610822606114	0.678628894607119	0.962613844108405	0.0127759792996141	0.00064953366949245	1.11310324501751e-07	"default"	0.051140738559006	8.82035924613044e-05	3.36974467957139	0.497958191317803	1	0	1	"up"	6	TRUE	FALSE	0.772870618294321	0.855606141619417	0.0639313101161539	FALSE	FALSE	FALSE	0.820621499947972	1.81912274727257e-47	0	TRUE	TRUE	0.81742398183653	0.00941659797568599	0	TRUE	TRUE	TRUE	TRUE	FALSE	FALSE	FALSE	FALSE	FALSE	FALSE	FALSE	FALSE	FALSE	TRUE	FALSE	FALSE	FALSE	TRUE	TRUE
"9920"	"KBTBD11"	"exploratory_only"	"I2_ge_75"	TRUE	5	144	-1.94440749823926	-2.60532917802007	-1.28348581845844	-3.47166553473883	-0.417149461739693	0.0245956291512756	86.2508083755868	0.245918582006297	"default"	0.238046010181689	0.00122306764795357	35.8043401116012	3.17466567757718e-07	0	1	1	"down"	6	TRUE	FALSE	-2.18237829940896	-1.77677936143151	0.0988003446503221	TRUE	FALSE	FALSE	-1.87131898087997	2.89185073208815e-105	88.8281700276221	TRUE	TRUE	-1.92322044769396	0.0211534635321947	84.6870428951019	TRUE	TRUE	TRUE	FALSE	TRUE	TRUE	FALSE	FALSE	FALSE	FALSE	FALSE	FALSE	FALSE	FALSE	TRUE	FALSE	FALSE	TRUE	TRUE
"9928"	"KIF14"	"exploratory_only"	"I2_ge_75"	TRUE	5	144	0.839800020287221	0.460340433880749	1.21925960669369	-0.0356954612060807	1.71529550178052	0.0374556981731515	88.1452509770575	0.0807538244139376	"default"	0.136671020686159	0.00355724507789707	26.5644810215354	2.43440359736224e-05	1	0	1	"up"	6	TRUE	FALSE	0.726643530824731	0.946020222477505	0.116430224459811	TRUE	FALSE	FALSE	0.645645116780056	5.8337252794693e-56	84.9422994683869	TRUE	TRUE	0.917323602168241	0.0530089844538043	94.798511901751	FALSE	TRUE	FALSE	FALSE	TRUE	TRUE	FALSE	FALSE	FALSE	FALSE	FALSE	FALSE	FALSE	FALSE	TRUE	FALSE	FALSE	TRUE	TRUE
"994"	"CDC25B"	"intermediate_confidence"	""	TRUE	6	167	0.605471944570272	0.303884623305477	0.907059265835067	-0.0401979708483532	1.2511418599889	0.0375669709214474	69.1030020384912	0.0493250764315126	"default"	0.117322590972927	0.00358250387502295	14.9430768484667	0.0106083509458817	1	0	1	"up"	6	TRUE	FALSE	0.537676215721804	0.68560004203405	0.125824008937243	TRUE	FALSE	FALSE	0.678498708128888	5.49585523519405e-30	66.5396889094294	TRUE	TRUE	0.6371559243818	0.0280840128515304	63.8165635740609	TRUE	TRUE	FALSE	FALSE	TRUE	FALSE	FALSE	FALSE	FALSE	FALSE	FALSE	FALSE	FALSE	FALSE	FALSE	TRUE	FALSE	TRUE	TRUE
"9970"	"NR1I3"	"high_confidence"	""	TRUE	6	167	-0.791795241828076	-1.13415447835651	-0.449436005299648	-1.13421364243794	-0.449376841218218	0.0296054625183219	0.00985628643908374	6.13119073035325e-06	"default"	0.133183558594501	0.00192352809546416	9.51398530618472	0.0902373800149384	0.166666666666667	0.833333333333333	0.833333333333333	"down"	6	TRUE	FALSE	-0.840704536824036	-0.728008989012908	0.139301756720052	TRUE	FALSE	FALSE	-0.791800142902823	1.29873026766424e-15	47.4457880784233	TRUE	TRUE	-0.829448701137478	0.0221777067638445	0.00288945034873429	TRUE	TRUE	TRUE	TRUE	FALSE	FALSE	FALSE	FALSE	FALSE	FALSE	FALSE	FALSE	FALSE	TRUE	FALSE	FALSE	FALSE	TRUE	TRUE
