gene_id	gene_symbol	icgc_matrix_symbol	mapping_status	mapping_basis	evidence_tier	candidate_order	discovery_log2FC	discovery_FDR	present_before_filter	retained_after_filter	estimable	estimation_note	validation_log2FC	SE	validation_CI_low	validation_CI_high	nominal_P	candidate_family_FDR	genomewide_FDR	same_direction	candidate_family_directional	genomewide_directional	df_total	mean_logCPM	cohort	post_hoc_identifier_harmonization
"51266"	"CLEC1B"	"CLEC1B"	"current_symbol"	"current symbol present in frozen matrix"	"discovery_robust"	1	-3.09195834918372	0.0107256483335024	TRUE	TRUE	TRUE	""	-6.25351577605106	0.310161774336026	-6.86508822015634	-5.64194333194579	3.00299213837161e-50	5.13511655661545e-49	2.52682203712634e-48	TRUE	TRUE	TRUE	201.864616908148	-0.354481775403334	"ICGC-LIRI-JP"	TRUE
"56892"	"TCIM"	"C8orf4"	"historical_symbol_harmonized"	"Entrez-linked historical alias in frozen matrix"	"discovery_robust"	2	-1.9050010725229	0.0107256483335024	TRUE	TRUE	TRUE	""	-2.13630731792597	0.116345108860126	-2.36571489962298	-1.90689973622896	6.27024718495405e-45	5.1057727077483e-44	2.98886930469004e-43	TRUE	TRUE	TRUE	201.864616908148	6.36266436503217	"ICGC-LIRI-JP"	TRUE
"390"	"RND3"	"RND3"	"current_symbol"	"current symbol present in frozen matrix"	"discovery_robust"	3	-1.84002679379805	0.0107256483335024	TRUE	TRUE	TRUE	""	-2.20263217986776	0.102115557149	-2.40398213990225	-2.00128221983327	2.67433024557761e-54	8.1923643533714e-53	3.67066051366407e-52	TRUE	TRUE	TRUE	201.864616908148	6.07846743836697	"ICGC-LIRI-JP"	TRUE
"10643"	"IGF2BP3"	"IGF2BP3"	"current_symbol"	"current symbol present in frozen matrix"	"discovery_robust"	4	1.21678999697816	0.0107256483335024	TRUE	TRUE	TRUE	""	3.64491836722279	0.169067441038248	3.31155366309143	3.97828307135414	2.87451380820049e-54	8.1923643533714e-53	3.89024235874854e-52	TRUE	TRUE	TRUE	201.864616908148	0.847868828712963	"ICGC-LIRI-JP"	TRUE
"3326"	"HSP90AB1"	"HSP90AB1"	"current_symbol"	"current symbol present in frozen matrix"	"discovery_robust"	5	1.02034167355242	0.0107256483335024	TRUE	TRUE	TRUE	""	0.727784142940253	0.0522384350621555	0.624781161752167	0.83078712412834	2.33951117511175e-31	6.55830181875589e-31	3.01150381517006e-30	TRUE	TRUE	TRUE	201.864616908148	9.30398852337096	"ICGC-LIRI-JP"	TRUE
"51660"	"MPC1"	"BRP44L"	"historical_symbol_harmonized"	"Entrez-linked historical alias in frozen matrix"	"discovery_robust"	6	-0.930131739390454	0.0107256483335024	TRUE	TRUE	TRUE	""	-1.63330324927761	0.086411637912657	-1.80368845135648	-1.46291804719874	1.53918107916972e-46	1.54823508551778e-45	8.91849443867411e-45	TRUE	TRUE	TRUE	201.864616908148	6.42150480212962	"ICGC-LIRI-JP"	TRUE
"112770"	"GLMP"	"C1orf85"	"historical_symbol_harmonized"	"Entrez-linked historical alias in frozen matrix"	"discovery_robust"	7	0.865261310003239	0.0107256483335024	TRUE	TRUE	TRUE	""	1.12342693151345	0.0592875963144151	1.00652451740793	1.24032934561897	1.11339401322224e-46	1.18993985163127e-45	6.5295497993606e-45	TRUE	TRUE	TRUE	201.864616908148	5.71314815059555	"ICGC-LIRI-JP"	TRUE
"23240"	"TMEM131L"	"KIAA0922"	"historical_symbol_harmonized"	"Entrez-linked historical alias in frozen matrix"	"discovery_robust"	8	-0.797294105975216	0.0107256483335024	TRUE	TRUE	TRUE	""	-0.653407690763747	0.0715971721043023	-0.794581946129646	-0.512233435397849	7.40783630105956e-17	9.48092275344823e-17	3.02455392266679e-16	TRUE	TRUE	TRUE	201.864616908148	4.88121741310389	"ICGC-LIRI-JP"	TRUE
"51155"	"JPT1"	"HN1"	"historical_symbol_harmonized"	"Entrez-linked historical alias in frozen matrix"	"discovery_robust"	9	0.790376954442073	0.0107256483335024	TRUE	TRUE	TRUE	""	1.01226020518901	0.0754690218481452	0.863451493204076	1.16106891717394	9.49715937457978e-30	2.42390187022857e-29	1.07108697771703e-28	TRUE	TRUE	TRUE	201.864616908148	4.27593832297809	"ICGC-LIRI-JP"	TRUE
"57211"	"ADGRG6"	"GPR126"	"historical_symbol_harmonized"	"Entrez-linked historical alias in frozen matrix"	"discovery_robust"	10	-0.766968385447535	0.0107256483335024	TRUE	TRUE	TRUE	""	-1.28715231650696	0.103788651882002	-1.49180126023237	-1.08250337278154	1.26071945953898e-26	2.69478784476457e-26	1.0902012377327e-25	TRUE	TRUE	TRUE	201.864616908148	6.32878194722442	"ICGC-LIRI-JP"	TRUE
"124936"	"CYB5D2"	"CYB5D2"	"current_symbol"	"current symbol present in frozen matrix"	"discovery_robust"	11	-0.747029587128837	0.0107256483335024	TRUE	TRUE	TRUE	""	-0.814700108979465	0.0641510478570444	-0.941192205608183	-0.688208012350747	1.52215046335129e-27	3.4248385425404e-27	1.41967122492711e-26	TRUE	TRUE	TRUE	201.864616908148	3.96213215170476	"ICGC-LIRI-JP"	TRUE
"51629"	"SLC25A39"	"SLC25A39"	"current_symbol"	"current symbol present in frozen matrix"	"discovery_robust"	12	0.687888339264492	0.0107256483335024	TRUE	TRUE	TRUE	""	0.874754723191822	0.0457565409022631	0.784532645976455	0.964976800407189	3.51514889970416e-47	4.00726974566274e-46	2.15280622329034e-45	TRUE	TRUE	TRUE	201.864616908148	6.20453180596785	"ICGC-LIRI-JP"	TRUE
"252839"	"TMEM9"	"TMEM9"	"current_symbol"	"current symbol present in frozen matrix"	"discovery_robust"	13	0.628784984796789	0.0107256483335024	TRUE	TRUE	TRUE	""	0.772121109234458	0.0489893157773135	0.675524693866658	0.868717524602259	5.12634039905805e-37	2.13805904448519e-36	1.08663817900296e-35	TRUE	TRUE	TRUE	201.864616908148	5.43983494465222	"ICGC-LIRI-JP"	TRUE
"128061"	"C1orf131"	"C1orf131"	"current_symbol"	"current symbol present in frozen matrix"	"discovery_robust"	14	0.618204699939207	0.0107256483335024	TRUE	TRUE	TRUE	""	0.529950571842129	0.0466061348010636	0.438053277819989	0.621847865864269	1.78476267241941e-23	3.17910851024707e-23	1.19849104786026e-22	TRUE	TRUE	TRUE	201.864616908148	3.48075341646251	"ICGC-LIRI-JP"	TRUE
"51520"	"LARS1"	"LARS"	"historical_symbol_harmonized"	"Entrez-linked historical alias in frozen matrix"	"discovery_robust"	15	0.612226053782501	0.0107256483335024	TRUE	TRUE	TRUE	""	0.608568256419787	0.034585826430215	0.540372430397681	0.676764082441894	1.26832475517522e-42	9.03681388062344e-42	4.68432995933322e-41	TRUE	TRUE	TRUE	201.864616908148	5.98636734586835	"ICGC-LIRI-JP"	TRUE
"55299"	"BRIX1"	"BRIX1"	"current_symbol"	"current symbol present in frozen matrix"	"discovery_robust"	16	0.587729375364791	0.0107256483335024	TRUE	TRUE	TRUE	""	0.413436637915978	0.0467327065325713	0.321289771607381	0.505583504224576	4.54616085829345e-16	5.5927590414977e-16	1.74844696125901e-15	TRUE	TRUE	TRUE	201.864616908148	4.26067853972126	"ICGC-LIRI-JP"	TRUE
"6921"	"ELOC"	"TCEB1"	"historical_symbol_harmonized"	"Entrez-linked historical alias in frozen matrix"	"discovery_robust"	17	0.784950688503773	0.0110207519530077	TRUE	TRUE	TRUE	""	0.675615285504944	0.0579190410194853	0.561411368686539	0.789819202323349	2.27867111453017e-24	4.23535609331151e-24	1.63572411274119e-23	TRUE	TRUE	TRUE	201.864616908148	5.05159337194294	"ICGC-LIRI-JP"	TRUE
"201254"	"CENPX"	"STRA13"	"historical_symbol_harmonized"	"Entrez-linked historical alias in frozen matrix"	"discovery_robust"	18	0.585420339567463	0.0110207519530077	TRUE	TRUE	TRUE	""	0.762502053183579	0.0754651228971314	0.613701029093154	0.911303077274003	1.09871233449676e-19	1.61965352757712e-19	5.47319943616882e-19	TRUE	TRUE	TRUE	201.864616908148	4.55853620004513	"ICGC-LIRI-JP"	TRUE
"58528"	"RRAGD"	"RRAGD"	"current_symbol"	"current symbol present in frozen matrix"	"discovery_robust"	19	0.962006594554004	0.0115185784804488	TRUE	TRUE	TRUE	""	1.242018823492	0.085585275113987	1.0732630314769	1.4107746155071	3.72266274229519e-33	1.27315065786495e-32	5.55900401633016e-32	TRUE	TRUE	TRUE	201.864616908148	3.86843999290527	"ICGC-LIRI-JP"	TRUE
"4499"	"MT1M"	"MT1M"	"current_symbol"	"current symbol present in frozen matrix"	"discovery_robust"	20	-3.45840215453283	0.0115802536922153	TRUE	TRUE	TRUE	""	-3.84804975997584	0.214866125442234	-4.27171963926204	-3.42437988068964	1.43739238422278e-43	1.11724589864589e-42	5.85639048670809e-42	TRUE	TRUE	TRUE	201.864616908148	3.13293150303772	"ICGC-LIRI-JP"	TRUE
"8644"	"AKR1C3"	"AKR1C3"	"current_symbol"	"current symbol present in frozen matrix"	"discovery_robust"	21	1.40401742418004	0.0115802536922153	TRUE	TRUE	TRUE	""	1.25842385064486	0.108717366177183	1.04405654025659	1.47279116103314	4.27252596807524e-24	7.85593484452544e-24	3.01334530102624e-23	TRUE	TRUE	TRUE	201.864616908148	7.03282340627279	"ICGC-LIRI-JP"	TRUE
"2180"	"ACSL1"	"ACSL1"	"current_symbol"	"current symbol present in frozen matrix"	"discovery_robust"	22	-1.26682780646855	0.0115802536922153	TRUE	TRUE	TRUE	""	-2.00685364691723	0.13037504692044	-2.26392525500356	-1.74978203883089	7.00142120228228e-36	2.72100687634152e-35	1.32193662953921e-34	TRUE	TRUE	TRUE	201.864616908148	9.31654701662299	"ICGC-LIRI-JP"	TRUE
"286053"	"NSMCE2"	"NSMCE2"	"current_symbol"	"current symbol present in frozen matrix"	"discovery_robust"	23	1.01779324498236	0.0115802536922153	TRUE	TRUE	TRUE	""	1.21832206142553	0.0575755712430475	1.10479539328195	1.3318487295691	3.9363004724011e-53	9.61581972543697e-52	4.67357196579009e-51	TRUE	TRUE	TRUE	201.864616908148	3.4010216737832	"ICGC-LIRI-JP"	TRUE
"10212"	"DDX39A"	"DDX39A"	"current_symbol"	"current symbol present in frozen matrix"	"discovery_robust"	24	0.867147313837141	0.0115802536922153	TRUE	TRUE	TRUE	""	0.767957317137536	0.052891578769717	0.663666476752615	0.872248157522458	3.5311763260362e-33	1.23230847296365e-32	5.28301918342655e-32	TRUE	TRUE	TRUE	201.864616908148	4.87977678733621	"ICGC-LIRI-JP"	TRUE
"6227"	"RPS21"	"RPS21"	"current_symbol"	"current symbol present in frozen matrix"	"discovery_robust"	25	0.858512021526757	0.0115802536922153	TRUE	TRUE	TRUE	""	0.480383754750531	0.0547070523363447	0.37251319017578	0.588254319325282	6.94755072016835e-16	8.48593695106277e-16	2.63277754234224e-15	TRUE	TRUE	TRUE	201.864616908148	6.87040053507931	"ICGC-LIRI-JP"	TRUE
"3131"	"HLF"	"HLF"	"current_symbol"	"current symbol present in frozen matrix"	"discovery_robust"	26	-0.751313094535617	0.0115802536922153	TRUE	TRUE	TRUE	""	-1.19843246019515	0.139057028524828	-1.47262307245548	-0.924241847934819	1.97121744425232e-15	2.35719009067935e-15	7.24164221689732e-15	TRUE	TRUE	TRUE	201.864616908148	6.44433966943483	"ICGC-LIRI-JP"	TRUE
"254863"	"TMEM256"	"C17orf61"	"historical_symbol_harmonized"	"Entrez-linked historical alias in frozen matrix"	"discovery_robust"	27	-0.744053403345713	0.0115802536922153	TRUE	TRUE	TRUE	""	-0.612447780036973	0.0665606086920857	-0.743691013430566	-0.481204546643381	4.52825519541598e-17	5.91092853752773e-17	1.87124714954406e-16	TRUE	TRUE	TRUE	201.864616908148	4.62604498648839	"ICGC-LIRI-JP"	TRUE
"51026"	"GOLT1B"	"GOLT1B"	"current_symbol"	"current symbol present in frozen matrix"	"discovery_robust"	28	0.736618286908892	0.0115802536922153	TRUE	TRUE	TRUE	""	0.519319062366323	0.0386753037290266	0.443059664899601	0.595578459833045	8.54941328238018e-30	2.21507525952577e-29	9.71560747233727e-29	TRUE	TRUE	TRUE	201.864616908148	4.96307146510271	"ICGC-LIRI-JP"	TRUE
"55974"	"SLC50A1"	"SLC50A1"	"current_symbol"	"current symbol present in frozen matrix"	"discovery_robust"	29	0.730725258807967	0.0115802536922153	TRUE	TRUE	TRUE	""	0.976232811831067	0.0602049448525045	0.857521583313334	1.0949440403488	2.05615820491566e-38	9.50278521731292e-38	5.12794197676969e-37	TRUE	TRUE	TRUE	201.864616908148	5.14553674710829	"ICGC-LIRI-JP"	TRUE
"8872"	"CDC123"	"CDC123"	"current_symbol"	"current symbol present in frozen matrix"	"discovery_robust"	30	0.721285736831537	0.0115802536922153	TRUE	TRUE	TRUE	""	0.554540646285417	0.0413781686003956	0.472951779450627	0.636129513120206	1.02834177092425e-29	2.58597710041245e-29	1.15437925131654e-28	TRUE	TRUE	TRUE	201.864616908148	5.02509961252352	"ICGC-LIRI-JP"	TRUE
"9793"	"CKAP5"	"CKAP5"	"current_symbol"	"current symbol present in frozen matrix"	"discovery_robust"	31	0.708877065008255	0.0115802536922153	TRUE	TRUE	TRUE	""	0.410818814050166	0.0360596427756401	0.339716938543195	0.481920689557137	1.53132527149697e-23	2.75638548869455e-23	1.0308082775402e-22	TRUE	TRUE	TRUE	201.864616908148	5.76319877725374	"ICGC-LIRI-JP"	TRUE
"27163"	"NAAA"	"NAAA"	"current_symbol"	"current symbol present in frozen matrix"	"discovery_robust"	32	-0.707102022513009	0.0115802536922153	TRUE	TRUE	TRUE	""	-1.43391354659949	0.0689391768756718	-1.56984680590172	-1.29798028729725	4.27330690179207e-52	9.13419350258055e-51	4.49463632991206e-50	TRUE	TRUE	TRUE	201.864616908148	4.21773279386043	"ICGC-LIRI-JP"	TRUE
"171425"	"CLYBL"	"CLYBL"	"current_symbol"	"current symbol present in frozen matrix"	"discovery_robust"	33	-0.694694437270741	0.0115802536922153	TRUE	TRUE	TRUE	""	-1.15735561320565	0.0811492549852786	-1.31736452569949	-0.9973467007118	2.21689395769917e-32	6.76944404940282e-32	3.11120730698709e-31	TRUE	TRUE	TRUE	201.864616908148	4.72888460300758	"ICGC-LIRI-JP"	TRUE
"10979"	"FERMT2"	"FERMT2"	"current_symbol"	"current symbol present in frozen matrix"	"discovery_robust"	34	-0.688396909037766	0.0115802536922153	TRUE	TRUE	TRUE	""	-0.964340159942568	0.0670895981790478	-1.09662644705914	-0.832053872825995	9.97728798080654e-33	3.21908725418475e-32	1.43989898801304e-31	TRUE	TRUE	TRUE	201.864616908148	6.34070058301031	"ICGC-LIRI-JP"	TRUE
"91057"	"CCDC34"	"CCDC34"	"current_symbol"	"current symbol present in frozen matrix"	"discovery_robust"	35	0.673769729142434	0.0115802536922153	TRUE	TRUE	TRUE	""	1.63334966279241	0.0717387408770717	1.49189626419374	1.77480306139109	1.15415912736888e-57	4.93403026950196e-56	2.48182684355222e-55	TRUE	TRUE	TRUE	201.864616908148	2.10498258532852	"ICGC-LIRI-JP"	TRUE
"200845"	"KCTD6"	"KCTD6"	"current_symbol"	"current symbol present in frozen matrix"	"discovery_robust"	36	0.626438214653774	0.0115802536922153	TRUE	TRUE	TRUE	""	0.417045432683067	0.0555087772995782	0.30759403856762	0.526496826798513	1.83461348822925e-12	2.02399294507872e-12	5.49957788688054e-12	TRUE	TRUE	TRUE	201.864616908148	3.65907430988078	"ICGC-LIRI-JP"	TRUE
"58478"	"ENOPH1"	"ENOPH1"	"current_symbol"	"current symbol present in frozen matrix"	"discovery_robust"	37	0.604299239537235	0.0115802536922153	TRUE	TRUE	TRUE	""	0.366858580379045	0.034803375548731	0.298233794191203	0.435483366566886	5.59061340972867e-21	8.69086266421457e-21	3.11173831804656e-20	TRUE	TRUE	TRUE	201.864616908148	4.37491519879019	"ICGC-LIRI-JP"	TRUE
"29974"	"A1CF"	"A1CF"	"current_symbol"	"current symbol present in frozen matrix"	"discovery_robust"	38	-0.588040212186681	0.0115802536922153	TRUE	TRUE	TRUE	""	-1.06633670110986	0.135795348148852	-1.33409597977437	-0.798577422445342	2.36140601562551e-13	2.69200285781308e-13	7.53757061197435e-13	TRUE	TRUE	TRUE	201.864616908148	7.79318355200466	"ICGC-LIRI-JP"	TRUE
"84803"	"GPAT3"	"AGPAT9"	"historical_symbol_harmonized"	"Entrez-linked historical alias in frozen matrix"	"discovery_robust"	39	-0.965323562307891	0.011581481292176	TRUE	TRUE	TRUE	""	-0.908748439794258	0.106946805641932	-1.11962458485019	-0.697872294738329	4.25884170833017e-15	5.02249608361696e-15	1.52745299446467e-14	TRUE	TRUE	TRUE	201.864616908148	3.94163506023454	"ICGC-LIRI-JP"	TRUE
"2058"	"EPRS1"	"EPRS"	"historical_symbol_harmonized"	"Entrez-linked historical symbol selected over ambiguous QARS alias"	"discovery_robust"	40	0.757352059865932	0.011985402737884	TRUE	TRUE	TRUE	""	0.801738130092007	0.0476785044943816	0.707726353214167	0.895749906969847	2.98622362197479e-40	1.76084220468169e-39	8.67753539881051e-39	TRUE	TRUE	TRUE	201.864616908148	6.09822716800071	"ICGC-LIRI-JP"	TRUE
"11004"	"KIF2C"	"KIF2C"	"current_symbol"	"current symbol present in frozen matrix"	"discovery_robust"	41	0.753661922004625	0.0123928879613051	TRUE	TRUE	TRUE	""	3.05780740816673	0.12628990503179	2.80879082302675	3.30682399330671	1.28227023272466e-61	1.09634104897958e-59	5.51461684753787e-59	TRUE	TRUE	TRUE	201.864616908148	1.12561693015384	"ICGC-LIRI-JP"	TRUE
"259266"	"ASPM"	"ASPM"	"current_symbol"	"current symbol present in frozen matrix"	"discovery_robust"	42	1.75681571137616	0.0127759792996141	TRUE	TRUE	TRUE	""	3.38074798451027	0.122467524458116	3.13926831340409	3.62222765561645	1.85551088324484e-70	3.17292361034868e-68	7.18194042468748e-67	TRUE	TRUE	TRUE	201.864616908148	2.25476937136136	"ICGC-LIRI-JP"	TRUE
"3491"	"CCN1"	"CYR61"	"historical_symbol_harmonized"	"Entrez-linked historical alias in frozen matrix"	"discovery_robust"	43	-1.62439476749029	0.0127759792996141	TRUE	TRUE	TRUE	""	-2.01432794077514	0.121763776485404	-2.2544199719356	-1.77423590961469	2.03396873792153e-39	9.93739011955948e-39	5.49768114315577e-38	TRUE	TRUE	TRUE	201.864616908148	6.31039262245164	"ICGC-LIRI-JP"	TRUE
"5745"	"PTH1R"	"PTH1R"	"current_symbol"	"current symbol present in frozen matrix"	"discovery_robust"	44	-1.25856254756091	0.0127759792996141	TRUE	TRUE	TRUE	""	-3.25936655242108	0.141643675688241	-3.53865747767502	-2.98007562716714	2.44990862991113e-58	1.39644791904934e-56	5.85346687835433e-56	TRUE	TRUE	TRUE	201.864616908148	2.78953734106219	"ICGC-LIRI-JP"	TRUE
"4758"	"NEU1"	"NEU1"	"current_symbol"	"current symbol present in frozen matrix"	"discovery_robust"	45	0.978595181235468	0.0127759792996141	TRUE	TRUE	TRUE	""	0.948704691824345	0.055474691776074	0.839320507044938	1.05808887660375	4.01061281396932e-41	2.54005478218057e-40	1.26618906670062e-39	TRUE	TRUE	TRUE	201.864616908148	5.60938803168304	"ICGC-LIRI-JP"	TRUE
"256764"	"WDR72"	"WDR72"	"current_symbol"	"current symbol present in frozen matrix"	"discovery_robust"	46	-0.898714393175533	0.0127759792996141	TRUE	TRUE	TRUE	""	-1.99956735827427	0.14454826598257	-2.28458551213087	-1.71454920441768	4.73434092959564e-31	1.28503539517596e-30	5.94959090977042e-30	TRUE	TRUE	TRUE	201.864616908148	4.80049376828146	"ICGC-LIRI-JP"	TRUE
"9918"	"NCAPD2"	"NCAPD2"	"current_symbol"	"current symbol present in frozen matrix"	"discovery_robust"	47	0.820621369357762	0.0127759792996141	TRUE	TRUE	TRUE	""	1.16369353684063	0.0669846658920597	1.03161415367074	1.29577292001053	6.02428484038605e-42	4.12061083082406e-41	2.05622547647251e-40	TRUE	TRUE	TRUE	201.864616908148	3.92904639894288	"ICGC-LIRI-JP"	TRUE
"79019"	"CENPM"	"CENPM"	"current_symbol"	"current symbol present in frozen matrix"	"discovery_robust"	48	0.755749297614981	0.0127759792996141	TRUE	TRUE	TRUE	""	2.85018432359641	0.151614949051303	2.55123218756128	3.14913645963155	3.10749051673132e-46	2.95211599089475e-45	1.72318807937826e-44	TRUE	TRUE	TRUE	201.864616908148	-0.288443022401108	"ICGC-LIRI-JP"	TRUE
"55157"	"DARS2"	"DARS2"	"current_symbol"	"current symbol present in frozen matrix"	"discovery_robust"	49	0.689609587872744	0.0127759792996141	TRUE	TRUE	TRUE	""	0.985306737275302	0.0569380092156127	0.873037204599894	1.09757626995071	9.66421849100746e-42	6.35608216139337e-41	3.2246831113184e-40	TRUE	TRUE	TRUE	201.864616908148	4.20768059033401	"ICGC-LIRI-JP"	TRUE
"401466"	"RBIS"	"C8orf59"	"historical_symbol_harmonized"	"Entrez-linked historical alias in frozen matrix"	"discovery_robust"	50	0.687770943977611	0.0127759792996141	TRUE	TRUE	TRUE	""	0.730847263978353	0.051807341198215	0.628694307357521	0.833000220599185	6.70506574073958e-32	1.94333261299401e-31	9.06167159780259e-31	TRUE	TRUE	TRUE	201.864616908148	4.78993063746481	"ICGC-LIRI-JP"	TRUE
"123879"	"DCUN1D3"	"DCUN1D3"	"current_symbol"	"current symbol present in frozen matrix"	"discovery_robust"	51	-0.681661177023691	0.0127759792996141	TRUE	TRUE	TRUE	""	-1.13293460758906	0.0586718099983664	-1.24862282325521	-1.01724639192292	9.50079506566271e-48	1.24971996632948e-46	6.25404377230512e-46	TRUE	TRUE	TRUE	201.864616908148	3.54786317846807	"ICGC-LIRI-JP"	TRUE
"4897"	"NRCAM"	"NRCAM"	"current_symbol"	"current symbol present in frozen matrix"	"discovery_robust"	52	0.647553948623051	0.0127759792996141	TRUE	TRUE	TRUE	""	2.10396952851434	0.209143682706803	1.69158307800479	2.51635597902389	1.48102971955014e-19	2.16458189780405e-19	7.30996382618053e-19	TRUE	TRUE	TRUE	201.864616908148	0.456800745672181	"ICGC-LIRI-JP"	TRUE
"57648"	"NHSL3"	"KIAA1522"	"historical_symbol_harmonized"	"Entrez-linked historical alias in frozen matrix"	"discovery_robust"	53	0.587046190386111	0.0127759792996141	TRUE	TRUE	TRUE	""	1.04054779054332	0.0880273747125297	0.866976702306027	1.21411887878061	7.61964304224222e-25	1.46399883171171e-24	5.70677058036043e-24	TRUE	TRUE	TRUE	201.864616908148	4.63679354270795	"ICGC-LIRI-JP"	TRUE
"51018"	"RRP15"	"RRP15"	"current_symbol"	"current symbol present in frozen matrix"	"discovery_robust"	54	0.701964701697754	0.0138847891656687	TRUE	TRUE	TRUE	""	0.619901248824874	0.0480928237632488	0.52507252328067	0.714729974369079	3.94542554649552e-28	8.99557024600978e-28	3.87199901629451e-27	TRUE	TRUE	TRUE	201.864616908148	4.03589622390479	"ICGC-LIRI-JP"	TRUE
"389434"	"IYD"	"IYD"	"current_symbol"	"current symbol present in frozen matrix"	"discovery_robust"	55	-1.0996961499002	0.0144254850712544	TRUE	TRUE	TRUE	""	-1.53907023886126	0.149332151984679	-1.83352118907354	-1.24461928864897	2.77871714237621e-20	4.24250563702082e-20	1.46012796243299e-19	TRUE	TRUE	TRUE	201.864616908148	4.40237511232888	"ICGC-LIRI-JP"	TRUE
"3990"	"LIPC"	"LIPC"	"current_symbol"	"current symbol present in frozen matrix"	"discovery_robust"	56	-1.09559789953326	0.0144254850712544	TRUE	TRUE	TRUE	""	-1.30715517564107	0.14077484889457	-1.58473296094781	-1.02957739033433	2.60676512686213e-17	3.45547935421259e-17	1.09647306020784e-16	TRUE	TRUE	TRUE	201.864616908148	6.08518232315503	"ICGC-LIRI-JP"	TRUE
"55165"	"CEP55"	"CEP55"	"current_symbol"	"current symbol present in frozen matrix"	"discovery_robust"	57	0.996357167773312	0.015234192590746	TRUE	TRUE	TRUE	""	2.80666781211416	0.139524026210466	2.53155638065679	3.08177924357154	4.0911711880876e-50	6.35991157420891e-49	3.39813030056049e-48	TRUE	TRUE	TRUE	201.864616908148	0.245764103396168	"ICGC-LIRI-JP"	TRUE
"126969"	"SLC44A3"	"SLC44A3"	"current_symbol"	"current symbol present in frozen matrix"	"discovery_robust"	58	0.727744620306143	0.015234192590746	TRUE	TRUE	TRUE	""	0.698377324746929	0.0920184688637111	0.516936655514632	0.879817993979225	1.16123000351752e-12	1.28941773117855e-12	3.53520280919844e-12	TRUE	TRUE	TRUE	201.864616908148	3.06191796800126	"ICGC-LIRI-JP"	TRUE
"302"	"ANXA2"	"ANXA2"	"current_symbol"	"current symbol present in frozen matrix"	"discovery_robust"	59	0.936268755396114	0.0156838604691839	TRUE	TRUE	TRUE	""	1.1261516926703	0.0934052173087153	0.941976653164024	1.31032673217658	1.44586501276919e-25	2.84187261130496e-25	1.14632632495379e-24	TRUE	TRUE	TRUE	201.864616908148	7.06681073320454	"ICGC-LIRI-JP"	TRUE
"4703"	"NEB"	"NEB"	"current_symbol"	"current symbol present in frozen matrix"	"discovery_robust"	60	0.706974242623122	0.0158016047388783	TRUE	TRUE	TRUE	""	1.70653141235725	0.152966543599823	1.40491422198637	2.00814860272814	7.96400039293214e-23	1.3756000678701e-22	5.1273220094616e-22	TRUE	TRUE	TRUE	201.864616908148	2.79968240082214	"ICGC-LIRI-JP"	TRUE
"3950"	"LECT2"	"LECT2"	"current_symbol"	"current symbol present in frozen matrix"	"discovery_robust"	61	-1.72700380434014	0.0158964558365635	TRUE	TRUE	TRUE	""	-1.89119216059295	0.185333429631918	-2.25662990280682	-1.52575441837907	5.56595199696336e-20	8.34892799544504e-20	2.85254006156147e-19	TRUE	TRUE	TRUE	201.864616908148	5.78963867944037	"ICGC-LIRI-JP"	TRUE
"55107"	"ANO1"	"ANO1"	"current_symbol"	"current symbol present in frozen matrix"	"discovery_robust"	62	-0.986429810976533	0.0158964558365635	TRUE	TRUE	TRUE	""	-1.19252561367569	0.130595501312424	-1.45003191050344	-0.935019316847947	7.15659895178928e-17	9.27104864209066e-17	2.92444382419717e-16	TRUE	TRUE	TRUE	201.864616908148	5.4854254139608	"ICGC-LIRI-JP"	TRUE
"2195"	"FAT1"	"FAT1"	"current_symbol"	"current symbol present in frozen matrix"	"discovery_robust"	63	0.90486196658154	0.0158964558365635	TRUE	TRUE	TRUE	""	0.851344988921153	0.102081853721331	0.650061484811729	1.05262849303058	1.15065193829185e-14	1.34768137978018e-14	4.01524828015908e-14	TRUE	TRUE	TRUE	201.864616908148	6.30229251847438	"ICGC-LIRI-JP"	TRUE
"84141"	"EVA1A"	"FAM176A"	"historical_symbol_harmonized"	"Entrez-linked historical alias in frozen matrix"	"discovery_robust"	64	-0.778838715146136	0.0158964558365635	TRUE	TRUE	TRUE	""	-1.22300689618538	0.111235334763423	-1.44233910015463	-1.00367469221612	2.44384058928747e-22	4.05724991037046e-22	1.51442993674289e-21	TRUE	TRUE	TRUE	201.864616908148	5.39162523775775	"ICGC-LIRI-JP"	TRUE
"3703"	"STT3A"	"STT3A"	"current_symbol"	"current symbol present in frozen matrix"	"discovery_robust"	65	0.710896517115349	0.0158964558365635	TRUE	TRUE	TRUE	""	0.499974666214888	0.0453787051895673	0.410497599924153	0.589451732505622	2.08278053095763e-22	3.49172030189956e-22	1.29566221843854e-21	TRUE	TRUE	TRUE	201.864616908148	6.52021651379869	"ICGC-LIRI-JP"	TRUE
"84886"	"C1orf198"	"C1orf198"	"current_symbol"	"current symbol present in frozen matrix"	"discovery_robust"	66	0.591456392269675	0.0158964558365635	TRUE	TRUE	TRUE	""	0.679264060217897	0.0786044064234965	0.524273042847133	0.834255077588662	1.69900498335522e-15	2.04598487432213e-15	6.2665987121924e-15	TRUE	TRUE	TRUE	201.864616908148	4.95028554753547	"ICGC-LIRI-JP"	TRUE
"8608"	"RDH16"	"RDH16"	"current_symbol"	"current symbol present in frozen matrix"	"discovery_robust"	67	-2.07466162682918	0.0160917557752165	TRUE	TRUE	TRUE	""	-3.24022159173835	0.193677843659177	-3.62211272732154	-2.85833045615516	5.44977530740566e-40	3.10637192522123e-39	1.55102208123855e-38	TRUE	TRUE	TRUE	201.864616908148	7.26013600518787	"ICGC-LIRI-JP"	TRUE
"10196"	"PRMT3"	"PRMT3"	"current_symbol"	"current symbol present in frozen matrix"	"discovery_robust"	68	0.756697587960157	0.0160917557752165	TRUE	TRUE	TRUE	""	0.581695986243138	0.0388898013128607	0.505013645582075	0.658378326904201	1.55308205281943e-34	5.65057512834303e-34	2.60683408223889e-33	TRUE	TRUE	TRUE	201.864616908148	3.34185084695281	"ICGC-LIRI-JP"	TRUE
"51001"	"MTERF3"	"MTERFD1"	"historical_symbol_harmonized"	"Entrez-linked historical alias in frozen matrix"	"discovery_robust"	69	0.609931400781456	0.0161863061638947	TRUE	TRUE	TRUE	""	0.571073028162909	0.0514699716134446	0.469585291948319	0.672560764377498	1.21674122802563e-22	2.08062749992383e-22	7.71293579625945e-22	TRUE	TRUE	TRUE	201.864616908148	4.15918913322381	"ICGC-LIRI-JP"	TRUE
"2992"	"GYG1"	"GYG1"	"current_symbol"	"current symbol present in frozen matrix"	"discovery_robust"	70	0.599235823873143	0.0161863061638947	TRUE	TRUE	TRUE	""	0.330591348313801	0.0557749778018425	0.220615063946678	0.440567632680925	1.3143975128226e-08	1.36219378601615e-08	2.94688775088692e-08	TRUE	TRUE	TRUE	201.864616908148	3.92693167417488	"ICGC-LIRI-JP"	TRUE
"54923"	"LIME1"	"LIME1"	"current_symbol"	"current symbol present in frozen matrix"	"discovery_robust"	71	-0.788276754796344	0.0162013228557696	TRUE	TRUE	TRUE	""	-1.07298875102209	0.0877395359716453	-1.2459922830457	-0.899985218998483	4.27131545240076e-26	8.69517788524441e-26	3.527215718055e-25	TRUE	TRUE	TRUE	201.864616908148	5.78120388190353	"ICGC-LIRI-JP"	TRUE
"55651"	"NHP2"	"NHP2"	"current_symbol"	"current symbol present in frozen matrix"	"discovery_robust"	72	0.774181886892765	0.0162013228557696	TRUE	TRUE	TRUE	""	0.645917861017663	0.0494422249893852	0.548428405898664	0.743407316136663	1.14048945175579e-28	2.70866244792e-28	1.17278917958713e-27	TRUE	TRUE	TRUE	201.864616908148	4.98651234852315	"ICGC-LIRI-JP"	TRUE
"558"	"AXL"	"AXL"	"current_symbol"	"current symbol present in frozen matrix"	"discovery_robust"	73	-0.663996336227251	0.0162013228557696	TRUE	TRUE	TRUE	""	-1.16901679848567	0.0995511153549668	-1.36531022974869	-0.97272336722266	1.31712633980199e-24	2.47503960556198e-24	9.65909285872981e-24	TRUE	TRUE	TRUE	201.864616908148	3.91777247494798	"ICGC-LIRI-JP"	TRUE
"6303"	"SAT1"	"SAT1"	"current_symbol"	"current symbol present in frozen matrix"	"discovery_robust"	74	-0.589452475647762	0.0162013228557696	TRUE	TRUE	TRUE	""	-0.990146788314438	0.0592460730602006	-1.10696732747544	-0.873326249153439	6.16419616335831e-40	3.38787986329975e-39	1.74408901095721e-38	TRUE	TRUE	TRUE	201.864616908148	8.61324697343674	"ICGC-LIRI-JP"	TRUE
"84836"	"ABHD14B"	"ABHD14B"	"current_symbol"	"current symbol present in frozen matrix"	"discovery_robust"	75	-0.736171904354579	0.0162366345970167	TRUE	TRUE	TRUE	""	-0.62503523446428	0.0638394107364603	-0.750912849582768	-0.499157619345791	9.07821784682267e-19	1.27243873098908e-18	4.23861881760094e-18	TRUE	TRUE	TRUE	201.864616908148	6.51144258211594	"ICGC-LIRI-JP"	TRUE
"9775"	"EIF4A3"	"EIF4A3"	"current_symbol"	"current symbol present in frozen matrix"	"discovery_robust"	76	0.597178837759451	0.0164663033173916	TRUE	TRUE	TRUE	""	0.390597311547751	0.0393511618433395	0.313005266949629	0.468189356145872	3.65907655777208e-19	5.21418409482522e-19	1.75848295561368e-18	TRUE	TRUE	TRUE	201.864616908148	5.25132505090152	"ICGC-LIRI-JP"	TRUE
"3426"	"CFI"	"CFI"	"current_symbol"	"current symbol present in frozen matrix"	"discovery_robust"	77	-1.08237328846576	0.0166669859421557	TRUE	TRUE	TRUE	""	-1.40883941486587	0.11406071672136	-1.63374266560014	-1.18393616413159	1.79644247220851e-26	3.7924896635513e-26	1.53089172895866e-25	TRUE	TRUE	TRUE	201.864616908148	8.65133203170622	"ICGC-LIRI-JP"	TRUE
"79022"	"TMEM106C"	"TMEM106C"	"current_symbol"	"current symbol present in frozen matrix"	"discovery_robust"	78	0.797697668548606	0.0166669859421557	TRUE	TRUE	TRUE	""	1.39891412795204	0.0681346028945623	1.26456731584222	1.53326094006186	2.53947345975746e-51	4.82499957353917e-50	2.3742236650573e-49	TRUE	TRUE	TRUE	201.864616908148	4.86682538263499	"ICGC-LIRI-JP"	TRUE
"197"	"AHSG"	"AHSG"	"current_symbol"	"current symbol present in frozen matrix"	"discovery_robust"	79	-0.602227522429967	0.0167064636610921	TRUE	TRUE	TRUE	""	-2.87149377747441	0.271513505494285	-3.40686013110776	-2.33612742384105	4.39745630481303e-21	6.9626391492873e-21	2.46892868775882e-20	TRUE	TRUE	TRUE	201.864616908148	10.9162241918103	"ICGC-LIRI-JP"	TRUE
"65265"	"C8orf33"	"C8orf33"	"current_symbol"	"current symbol present in frozen matrix"	"discovery_robust"	80	0.910760759971173	0.0167986338784165	TRUE	TRUE	TRUE	""	1.18553269318903	0.0615684826701855	1.06413286077233	1.30693252560573	1.37352150145213e-47	1.6776584053451e-46	8.95008808673504e-46	TRUE	TRUE	TRUE	201.864616908148	4.77183184885967	"ICGC-LIRI-JP"	TRUE
"9897"	"WASHC5"	"KIAA0196"	"historical_symbol_harmonized"	"Entrez-linked historical alias in frozen matrix"	"discovery_robust"	81	0.979393177553494	0.0173036601171592	TRUE	TRUE	TRUE	""	0.858997692257321	0.0533594860253576	0.753784239198548	0.964211145316095	4.69831905989633e-38	2.11424357695335e-37	1.12393780922341e-36	TRUE	TRUE	TRUE	201.864616908148	5.04517582023792	"ICGC-LIRI-JP"	TRUE
"283377"	"SPRYD4"	"SPRYD4"	"current_symbol"	"current symbol present in frozen matrix"	"discovery_robust"	82	-0.93828132567924	0.0173036601171592	TRUE	TRUE	TRUE	""	-1.15586754070345	0.0732884474436615	-1.30037662801362	-1.01135845339328	4.75929342680141e-37	2.0345979399576e-36	1.01327398997676e-35	TRUE	TRUE	TRUE	201.864616908148	5.45985968872127	"ICGC-LIRI-JP"	TRUE
"28968"	"SLC6A16"	"SLC6A16"	"current_symbol"	"current symbol present in frozen matrix"	"discovery_robust"	83	-0.694519309673792	0.017723721358359	TRUE	TRUE	TRUE	""	-0.877207194993221	0.0920746915996685	-1.05875872339286	-0.695655666593584	5.27393044357955e-18	7.2729202084847e-18	2.32444490718731e-17	TRUE	TRUE	TRUE	201.864616908148	2.68789399113542	"ICGC-LIRI-JP"	TRUE
"286410"	"ATP11C"	"ATP11C"	"current_symbol"	"current symbol present in frozen matrix"	"discovery_robust"	84	-0.590052838254415	0.017723721358359	TRUE	TRUE	TRUE	""	-0.963835431208155	0.0813477349028608	-1.12423570349662	-0.803435158919695	6.27446721105625e-25	1.21924306033025e-24	4.72489353834909e-24	TRUE	TRUE	TRUE	201.864616908148	5.12952560093936	"ICGC-LIRI-JP"	TRUE
"23316"	"CUX2"	"CUX2"	"current_symbol"	"current symbol present in frozen matrix"	"discovery_robust"	85	-1.04737220622225	0.0179169203624088	TRUE	TRUE	TRUE	""	-1.10828352651696	0.159348798787038	-1.42248515419352	-0.794081898840404	4.79764450752729e-11	5.15973088545388e-11	1.29460142434712e-10	TRUE	TRUE	TRUE	201.864616908148	4.66277763483512	"ICGC-LIRI-JP"	TRUE
"3015"	"H2AZ1"	"H2AFZ"	"historical_symbol_harmonized"	"Entrez-linked historical alias in frozen matrix"	"discovery_robust"	86	1.07055431874681	0.0179567466726547	TRUE	TRUE	TRUE	""	0.89160748480835	0.0575643766256824	0.778102890047344	1.00511207956936	3.53975155324371e-36	1.4076686409411e-35	6.89877258911636e-35	TRUE	TRUE	TRUE	201.864616908148	5.63346085382119	"ICGC-LIRI-JP"	TRUE
"282969"	"FUOM"	"C10orf125"	"historical_symbol_harmonized"	"Entrez-linked historical alias in frozen matrix"	"discovery_robust"	87	-0.747916363366092	0.018117164584208	TRUE	TRUE	TRUE	""	-0.827161088315389	0.0916209626014684	-1.00781796052155	-0.646504216109233	1.40448229085096e-16	1.74033675170662e-16	5.61357822693898e-16	TRUE	TRUE	TRUE	201.864616908148	5.32880243564034	"ICGC-LIRI-JP"	TRUE
"51312"	"SLC25A37"	"SLC25A37"	"current_symbol"	"current symbol present in frozen matrix"	"discovery_robust"	88	-0.661389062134244	0.0181252972389415	TRUE	TRUE	TRUE	""	-0.862269658067538	0.0653708558718325	-0.991166954274896	-0.733372361860181	4.63798598347156e-29	1.11703606080794e-28	4.92369406133435e-28	TRUE	TRUE	TRUE	201.864616908148	3.62250379454549	"ICGC-LIRI-JP"	TRUE
"3033"	"HADH"	"HADH"	"current_symbol"	"current symbol present in frozen matrix"	"discovery_robust"	89	-0.688243040524525	0.01826882088407	TRUE	TRUE	TRUE	""	-0.797373933059571	0.0786870561994693	-0.952527918048137	-0.642219948071006	8.99915661906532e-20	1.3381354624871e-19	4.51427366637561e-19	TRUE	TRUE	TRUE	201.864616908148	6.42875441924594	"ICGC-LIRI-JP"	TRUE
"10613"	"ERLIN1"	"ERLIN1"	"current_symbol"	"current symbol present in frozen matrix"	"discovery_robust"	90	-0.63997475519628	0.01826882088407	TRUE	TRUE	TRUE	""	-1.04738056621662	0.0655712812997042	-1.17667305834729	-0.918088074085955	1.13951086842067e-37	4.99631688461371e-37	2.61290922233947e-36	TRUE	TRUE	TRUE	201.864616908148	6.28269007073784	"ICGC-LIRI-JP"	TRUE
"84879"	"MFSD2A"	"MFSD2A"	"current_symbol"	"current symbol present in frozen matrix"	"discovery_robust"	91	-1.29574681698132	0.0186947600647271	TRUE	TRUE	TRUE	""	-3.71490665453228	0.190907722926817	-4.09133570662571	-3.33847760243885	3.44207042332127e-48	4.90495035323281e-47	2.37061882215432e-46	TRUE	TRUE	TRUE	201.864616908148	4.79826259307791	"ICGC-LIRI-JP"	TRUE
"54463"	"RETREG1"	"FAM134B"	"historical_symbol_harmonized"	"Entrez-linked historical alias in frozen matrix"	"discovery_robust"	92	-1.08421507028959	0.018706817206495	TRUE	TRUE	TRUE	""	-2.1958606018575	0.16948365831212	-2.53004599711369	-1.86167520660131	2.45844910691933e-28	5.68101077409737e-28	2.46520028840465e-27	TRUE	TRUE	TRUE	201.864616908148	3.42494803890261	"ICGC-LIRI-JP"	TRUE
"5345"	"SERPINF2"	"SERPINF2"	"current_symbol"	"current symbol present in frozen matrix"	"discovery_robust"	93	-1.10609646378763	0.018880247642639	TRUE	TRUE	TRUE	""	-1.94708842623066	0.183457274325107	-2.30882679288814	-1.58535005957319	3.40067380963922e-21	5.46359628376989e-21	1.92548976705523e-20	TRUE	TRUE	TRUE	201.864616908148	9.42590601668518	"ICGC-LIRI-JP"	TRUE
"4547"	"MTTP"	"MTTP"	"current_symbol"	"current symbol present in frozen matrix"	"discovery_robust"	94	-1.19685429835727	0.0189508407128152	TRUE	TRUE	TRUE	""	-1.45909554689795	0.179725434916082	-1.81347552726404	-1.10471556653186	4.58916312138334e-14	5.33841424324184e-14	1.54137580506997e-13	TRUE	TRUE	TRUE	201.864616908148	7.21809709946506	"ICGC-LIRI-JP"	TRUE
"8631"	"SKAP1"	"SKAP1"	"current_symbol"	"current symbol present in frozen matrix"	"discovery_robust"	95	-0.950647591317242	0.0189508407128152	TRUE	TRUE	TRUE	""	-1.54403101804312	0.107019358542278	-1.75505022184536	-1.33301181424087	6.80231320216911e-33	2.28077560308023e-32	9.94298847443948e-32	TRUE	TRUE	TRUE	201.864616908148	2.9354819229817	"ICGC-LIRI-JP"	TRUE
"126382"	"NR2C2AP"	"NR2C2AP"	"current_symbol"	"current symbol present in frozen matrix"	"discovery_robust"	96	0.60502833523762	0.0189508407128152	TRUE	TRUE	TRUE	""	1.10767313825848	0.0598795139278404	0.989603589671839	1.22574268684512	2.44728540089357e-45	2.092429017764e-44	1.21131238781313e-43	TRUE	TRUE	TRUE	201.864616908148	3.52302466512894	"ICGC-LIRI-JP"	TRUE
"55246"	"CCDC25"	"CCDC25"	"current_symbol"	"current symbol present in frozen matrix"	"discovery_robust"	97	-0.594829067747415	0.0189508407128152	TRUE	TRUE	TRUE	""	-0.767620245995422	0.0538503493317097	-0.873801576132633	-0.661438915858212	2.33659284934463e-32	7.00977854803389e-32	3.26642494275826e-31	TRUE	TRUE	TRUE	201.864616908148	5.20632638987979	"ICGC-LIRI-JP"	TRUE
"154467"	"CCDC167"	"CCDC167"	"current_symbol"	"current symbol present in frozen matrix"	"discovery_robust"	98	0.592316425299329	0.0189508407128152	TRUE	TRUE	TRUE	""	0.69137876042336	0.0585180810572791	0.575993665231783	0.806763855614937	7.94480064050391e-25	1.50951212169574e-24	5.93987367324087e-24	TRUE	TRUE	TRUE	201.864616908148	3.38192062857474	"ICGC-LIRI-JP"	TRUE
"140809"	"SRXN1"	"SRXN1"	"current_symbol"	"current symbol present in frozen matrix"	"discovery_robust"	99	1.1520181734584	0.019055912442021	TRUE	TRUE	TRUE	""	1.33972563753442	0.0930575112520843	1.15623619973821	1.52321507533063	8.47686302310685e-33	2.78758380182937e-32	1.22885940139466e-31	TRUE	TRUE	TRUE	201.864616908148	5.61605190606444	"ICGC-LIRI-JP"	TRUE
"126"	"ADH1C"	"ADH1C"	"current_symbol"	"current symbol present in frozen matrix"	"discovery_robust"	100	-1.87016915563914	0.0192060376209246	TRUE	TRUE	TRUE	""	-3.42268739808889	0.24898704887645	-3.91363641447851	-2.93173838169927	8.79462527021152e-31	2.3136629557018e-30	1.08133661279799e-29	TRUE	TRUE	TRUE	201.864616908148	8.69979634986973	"ICGC-LIRI-JP"	TRUE
"1559"	"CYP2C9"	"CYP2C9"	"current_symbol"	"current symbol present in frozen matrix"	"discovery_robust"	101	-1.7035066795717	0.0192060376209246	TRUE	TRUE	TRUE	""	-3.57326301995326	0.201162061205804	-3.96991142608343	-3.1766146138231	3.96116853743743e-43	2.94504269522522e-42	1.5424646821937e-41	TRUE	TRUE	TRUE	201.864616908148	9.06724563549937	"ICGC-LIRI-JP"	TRUE
"134526"	"ACOT12"	"ACOT12"	"current_symbol"	"current symbol present in frozen matrix"	"discovery_robust"	102	-1.1225130085351	0.0192060376209246	TRUE	TRUE	TRUE	""	-1.40819606148935	0.134923180038263	-1.6742356118469	-1.1421565111318	1.13871877289013e-20	1.75424243391182e-20	6.16824870561172e-20	TRUE	TRUE	TRUE	201.864616908148	5.30710159461025	"ICGC-LIRI-JP"	TRUE
"112483"	"SAT2"	"SAT2"	"current_symbol"	"current symbol present in frozen matrix"	"discovery_robust"	103	-0.723303635675324	0.0192060376209246	TRUE	TRUE	TRUE	""	-0.908871197818234	0.0743163221986839	-1.05540703351643	-0.762335362120039	4.25578368086603e-26	8.69517788524441e-26	3.51824782468177e-25	TRUE	TRUE	TRUE	201.864616908148	6.75056879189126	"ICGC-LIRI-JP"	TRUE
"5860"	"QDPR"	"QDPR"	"current_symbol"	"current symbol present in frozen matrix"	"discovery_robust"	104	-0.667815668334347	0.0192060376209246	TRUE	TRUE	TRUE	""	-0.994306840933443	0.0862081322409253	-1.16429077350927	-0.824322908357617	5.70984011551223e-24	1.03870495718361e-23	3.98782157183357e-23	TRUE	TRUE	TRUE	201.864616908148	6.49339272700887	"ICGC-LIRI-JP"	TRUE
"28970"	"C11orf54"	"C11orf54"	"current_symbol"	"current symbol present in frozen matrix"	"discovery_robust"	105	-0.662489101516232	0.0192060376209246	TRUE	TRUE	TRUE	""	-0.953085991592784	0.071841898787596	-1.09474279544861	-0.811429187736956	2.69848295614234e-29	6.59200836429057e-29	2.91915822527796e-28	TRUE	TRUE	TRUE	201.864616908148	6.33413145346993	"ICGC-LIRI-JP"	TRUE
"29901"	"SAC3D1"	"SAC3D1"	"current_symbol"	"current symbol present in frozen matrix"	"discovery_robust"	106	0.654563768463305	0.0192060376209246	TRUE	TRUE	TRUE	""	1.22721834631047	0.0658792592561765	1.09731858775578	1.35711810486517	1.00145680476852e-45	9.01311124291668e-45	5.1821373108784e-44	TRUE	TRUE	TRUE	201.864616908148	2.43424850910561	"ICGC-LIRI-JP"	TRUE
"54499"	"TMCO1"	"TMCO1"	"current_symbol"	"current symbol present in frozen matrix"	"discovery_robust"	107	0.645041987810784	0.0192060376209246	TRUE	TRUE	TRUE	""	0.612409967037284	0.0421165653228331	0.529365140359515	0.695454793715052	3.03177347456724e-33	1.08006930031458e-32	4.56689116780305e-32	TRUE	TRUE	TRUE	201.864616908148	6.69369277286769	"ICGC-LIRI-JP"	TRUE
"54566"	"EPB41L4B"	"EPB41L4B"	"current_symbol"	"current symbol present in frozen matrix"	"discovery_robust"	108	-0.623040729203138	0.0192060376209246	TRUE	TRUE	TRUE	""	-1.37446828607222	0.109604112356882	-1.59058406959062	-1.15835250255382	4.71908247265149e-27	1.03456808054283e-26	4.22035134441887e-26	TRUE	TRUE	TRUE	201.864616908148	5.7586927657473	"ICGC-LIRI-JP"	TRUE
"79720"	"VPS37B"	"VPS37B"	"current_symbol"	"current symbol present in frozen matrix"	"discovery_robust"	109	-0.621133147275241	0.0192060376209246	TRUE	TRUE	TRUE	""	-0.500304174791671	0.0754179149920345	-0.649012115026217	-0.351596234557125	2.94145702014294e-10	3.10487129903977e-10	7.44228235204946e-10	TRUE	TRUE	TRUE	201.864616908148	3.85439319797688	"ICGC-LIRI-JP"	TRUE
"2184"	"FAH"	"FAH"	"current_symbol"	"current symbol present in frozen matrix"	"discovery_robust"	110	-0.662421061517516	0.0192928478820556	TRUE	TRUE	TRUE	""	-1.12129574099629	0.0902883073988675	-1.2993249031916	-0.943266578800982	1.11458491629092e-26	2.41258254032592e-26	9.68592810281912e-26	TRUE	TRUE	TRUE	201.864616908148	7.00142671590429	"ICGC-LIRI-JP"	TRUE
"9510"	"ADAMTS1"	"ADAMTS1"	"current_symbol"	"current symbol present in frozen matrix"	"discovery_robust"	111	-0.64355756699782	0.019337320127881	TRUE	TRUE	TRUE	""	-1.39392322249267	0.125689575392954	-1.64175608644303	-1.14609035854231	1.26027320590522e-22	2.13372988326527e-22	7.98104298229177e-22	TRUE	TRUE	TRUE	201.864616908148	5.43335017487143	"ICGC-LIRI-JP"	TRUE
"2617"	"GARS1"	"GARS"	"historical_symbol_harmonized"	"Entrez-linked historical symbol selected over ambiguous SMAD1 alias"	"discovery_robust"	112	0.657003125652263	0.0196395017563344	TRUE	TRUE	TRUE	""	0.622532973811873	0.0493349050613867	0.525255130555128	0.719810817068619	2.70929722730388e-27	6.01675098531122e-27	2.47209001603074e-26	TRUE	TRUE	TRUE	201.864616908148	5.90279119434714	"ICGC-LIRI-JP"	TRUE
"10430"	"TMEM147"	"TMEM147"	"current_symbol"	"current symbol present in frozen matrix"	"discovery_robust"	113	0.785625996404182	0.0197605699195567	TRUE	TRUE	TRUE	""	0.649588241814775	0.0425866707014453	0.565616468236472	0.733560015393078	1.89000805048343e-35	7.18203059183703e-35	3.47363018053237e-34	TRUE	TRUE	TRUE	201.864616908148	4.93099890694404	"ICGC-LIRI-JP"	TRUE
"7429"	"VIL1"	"VIL1"	"current_symbol"	"current symbol present in frozen matrix"	"discovery_robust"	114	0.613510247032336	0.0197605699195567	TRUE	TRUE	TRUE	""	0.742727888860196	0.185707592806832	0.376552377177904	1.10890340054249	8.90558587270699e-05	9.01097742149642e-05	0.000147244599226398	TRUE	TRUE	TRUE	201.864616908148	3.58845830065952	"ICGC-LIRI-JP"	TRUE
"10247"	"RIDA"	"HRSP12"	"historical_symbol_harmonized"	"Entrez-linked historical alias in frozen matrix"	"discovery_robust"	115	-0.922277551263526	0.0201275389410464	TRUE	TRUE	TRUE	""	-1.74207671931398	0.123812974185527	-1.98620932848764	-1.49794411014032	8.71918901197358e-32	2.48496886841247e-31	1.16696033851124e-30	TRUE	TRUE	TRUE	201.864616908148	8.1417595711633	"ICGC-LIRI-JP"	TRUE
"81691"	"REXO5"	"REXO5"	"unmapped"	""	"discovery_robust"	116	0.612057028194709	0.0201881519180196	FALSE	FALSE	FALSE	"absent_after_identifier_harmonization"	NA	NA	NA	NA	NA	NA	NA	NA	FALSE	FALSE	NA	NA	NA	TRUE
"133686"	"NADK2"	"NADKD1"	"historical_symbol_harmonized"	"Entrez-linked historical alias in frozen matrix"	"discovery_robust"	117	-0.714056252356545	0.0202537951366368	TRUE	TRUE	TRUE	""	-1.00436420010099	0.0950779477738129	-1.19183750504007	-0.816890895161908	4.7845117556947e-21	7.50597715801646e-21	2.67846849892854e-20	TRUE	TRUE	TRUE	201.864616908148	7.71810712215473	"ICGC-LIRI-JP"	TRUE
"84933"	"C8orf76"	"C8orf76"	"current_symbol"	"current symbol present in frozen matrix"	"discovery_robust"	118	0.682594614483162	0.0202537951366368	TRUE	TRUE	TRUE	""	0.838550772684553	0.0510841743227188	0.737823745917553	0.939277799451553	5.01028113113741e-39	2.37988353729027e-38	1.29804512357299e-37	TRUE	TRUE	TRUE	201.864616908148	3.8836605523973	"ICGC-LIRI-JP"	TRUE
"432"	"ASGR1"	"ASGR1"	"current_symbol"	"current symbol present in frozen matrix"	"discovery_robust"	119	-0.622313697795153	0.0202639460887176	TRUE	TRUE	TRUE	""	-1.56816840420713	0.168001446936083	-1.89943119678005	-1.23690561163421	1.88994859258383e-17	2.52485319790496e-17	8.01581746926908e-17	TRUE	TRUE	TRUE	201.864616908148	8.17053196497436	"ICGC-LIRI-JP"	TRUE
"130"	"ADH6"	"ADH6"	"current_symbol"	"current symbol present in frozen matrix"	"discovery_robust"	120	-1.18143324900199	0.0204871019546206	TRUE	TRUE	TRUE	""	-1.91708872907929	0.178656079735547	-2.26936017056183	-1.56481728759674	1.51712547376119e-21	2.49450438474196e-21	8.85165188233355e-21	TRUE	TRUE	TRUE	201.864616908148	7.50024435171693	"ICGC-LIRI-JP"	TRUE
"79183"	"TTPAL"	"TTPAL"	"current_symbol"	"current symbol present in frozen matrix"	"discovery_robust"	121	-0.748533909451777	0.0204871019546206	TRUE	TRUE	TRUE	""	-0.618521859259048	0.063377156637839	-0.743488008515901	-0.493555710002195	1.12016266038093e-18	1.55729930833446e-18	5.1974365778835e-18	TRUE	TRUE	TRUE	201.864616908148	4.94023334558505	"ICGC-LIRI-JP"	TRUE
"92840"	"REEP6"	"REEP6"	"current_symbol"	"current symbol present in frozen matrix"	"discovery_robust"	122	-0.938662779586642	0.0205180395093244	TRUE	TRUE	TRUE	""	-1.28499168815355	0.125728093985191	-1.53290050249995	-1.03708287380714	4.98793292772666e-20	7.54811089063061e-20	2.56800920325337e-19	TRUE	TRUE	TRUE	201.864616908148	7.0910263628054	"ICGC-LIRI-JP"	TRUE
"5476"	"CTSA"	"CTSA"	"current_symbol"	"current symbol present in frozen matrix"	"discovery_robust"	123	0.70055492538819	0.0205243490286644	TRUE	TRUE	TRUE	""	0.82671570898685	0.0494788940899212	0.729153950272458	0.924277467701243	6.33989214184748e-40	3.38787986329975e-39	1.79118149811933e-38	TRUE	TRUE	TRUE	201.864616908148	7.26503013777165	"ICGC-LIRI-JP"	TRUE
"170712"	"COX7B2"	"COX7B2"	"current_symbol"	"current symbol present in frozen matrix"	"discovery_robust"	124	1.28182303563469	0.0206186098478502	TRUE	FALSE	FALSE	"filtered_low_expression_before_voom"	NA	NA	NA	NA	NA	NA	NA	NA	FALSE	FALSE	NA	NA	NA	TRUE
"1647"	"GADD45A"	"GADD45A"	"current_symbol"	"current symbol present in frozen matrix"	"discovery_robust"	125	-0.884609656029625	0.0209174434440978	TRUE	TRUE	TRUE	""	-1.21683740333954	0.0848386070373869	-1.38412092617666	-1.04955388050242	1.24434050758691e-32	3.86876775995203e-32	1.77201779568282e-31	TRUE	TRUE	TRUE	201.864616908148	6.01561220517243	"ICGC-LIRI-JP"	TRUE
"10130"	"PDIA6"	"PDIA6"	"current_symbol"	"current symbol present in frozen matrix"	"discovery_robust"	126	0.691979499888907	0.0214610914486807	TRUE	TRUE	TRUE	""	0.447623377412503	0.0472423969646823	0.354471510974633	0.540775243850374	7.4516640261251e-18	1.01938763877391e-17	3.25094801392243e-17	TRUE	TRUE	TRUE	201.864616908148	7.90112942141796	"ICGC-LIRI-JP"	TRUE
"2147"	"F2"	"F2"	"current_symbol"	"current symbol present in frozen matrix"	"discovery_robust"	127	-0.723000723313057	0.0215047543954605	TRUE	TRUE	TRUE	""	-2.04575903124854	0.236517664219896	-2.512121097595	-1.57939696490209	1.61488111563974e-15	1.9584728423716e-15	5.97339339277062e-15	TRUE	TRUE	TRUE	201.864616908148	9.57560341763716	"ICGC-LIRI-JP"	TRUE
"2266"	"FGG"	"FGG"	"current_symbol"	"current symbol present in frozen matrix"	"discovery_robust"	128	-0.609406612738417	0.022197228255487	TRUE	TRUE	TRUE	""	-2.35382220241899	0.20984040066677	-2.76758243119809	-1.94006197363988	5.2104374372921e-23	9.0916816507852e-23	3.39063872642616e-22	TRUE	TRUE	TRUE	201.864616908148	12.3067798758715	"ICGC-LIRI-JP"	TRUE
"144363"	"ETFRF1"	"LYRM5"	"historical_symbol_harmonized"	"Entrez-linked historical alias in frozen matrix"	"discovery_robust"	129	-0.627337478422432	0.0226928507758394	TRUE	TRUE	TRUE	""	-0.961047104054403	0.0636837504437002	-1.08661779048738	-0.835476417621428	6.0052068694498e-35	2.23237037973025e-34	1.05270623681578e-33	TRUE	TRUE	TRUE	201.864616908148	4.95514483131487	"ICGC-LIRI-JP"	TRUE
"134548"	"SOWAHA"	"ANKRD43"	"historical_symbol_harmonized"	"Entrez-linked historical alias in frozen matrix"	"discovery_robust"	130	0.786257843673467	0.0231664314071635	TRUE	TRUE	TRUE	""	1.37062405764791	0.112152222539329	1.14948394779057	1.59176416750525	4.52453458823285e-26	9.10229899515079e-26	3.7276848823359e-25	TRUE	TRUE	TRUE	201.864616908148	2.03373606462715	"ICGC-LIRI-JP"	TRUE
"8910"	"SGCE"	"SGCE"	"current_symbol"	"current symbol present in frozen matrix"	"discovery_robust"	131	0.822414031821415	0.0232306369190073	TRUE	TRUE	TRUE	""	0.72347411859099	0.116391937289504	0.493974201282766	0.952974035899215	2.87603027249378e-09	2.99878766217339e-09	6.74337458972281e-09	TRUE	TRUE	TRUE	201.864616908148	3.77031152435155	"ICGC-LIRI-JP"	TRUE
"203111"	"ERICH5"	"C8orf47"	"historical_symbol_harmonized"	"Entrez-linked historical alias in frozen matrix"	"discovery_robust"	132	0.681837083571612	0.0232306369190073	TRUE	TRUE	TRUE	""	1.16177490167209	0.173730072126515	0.8192164898483	1.50433331349589	2.18278257352215e-10	2.3328488754518e-10	5.57889476299182e-10	TRUE	TRUE	TRUE	201.864616908148	2.78257914781986	"ICGC-LIRI-JP"	TRUE
"1548"	"CYP2A6"	"CYP2A6"	"current_symbol"	"current symbol present in frozen matrix"	"discovery_robust"	133	-2.54231700046073	0.023434351427024	TRUE	TRUE	TRUE	""	-4.61420070780127	0.273313981314177	-5.1531172132871	-4.07528420231544	1.86613580102709e-40	1.13967579277012e-39	5.50538508495079e-39	TRUE	TRUE	TRUE	201.864616908148	6.85042749187571	"ICGC-LIRI-JP"	TRUE
"2160"	"F11"	"F11"	"current_symbol"	"current symbol present in frozen matrix"	"discovery_robust"	134	-0.809096291542939	0.0235541760066957	TRUE	TRUE	TRUE	""	-2.13286296635176	0.149957735474633	-2.42854743292744	-1.83717849977608	2.92783590284561e-32	8.63206792045861e-32	4.04731487341223e-31	TRUE	TRUE	TRUE	201.864616908148	6.9672221129524	"ICGC-LIRI-JP"	TRUE
"284422"	"SMIM24"	"C19orf77"	"historical_symbol_harmonized"	"Entrez-linked historical alias in frozen matrix"	"discovery_robust"	135	-1.81283727683259	0.0239592378310418	TRUE	TRUE	TRUE	""	-3.271022003772	0.210066886385117	-3.68522881377351	-2.8568151937705	1.97033094579576e-36	8.02206170788274e-36	3.93923706549435e-35	TRUE	TRUE	TRUE	201.864616908148	2.3629080777948	"ICGC-LIRI-JP"	TRUE
"9761"	"MLEC"	"MLEC"	"current_symbol"	"current symbol present in frozen matrix"	"discovery_robust"	136	0.588682210733195	0.0240086055561741	TRUE	TRUE	TRUE	""	0.81174214926607	0.061057660729781	0.691349548070128	0.932134750462012	2.20644741138771e-29	5.46815228039563e-29	2.4057113663429e-28	TRUE	TRUE	TRUE	201.864616908148	6.90782113517691	"ICGC-LIRI-JP"	TRUE
"8667"	"EIF3H"	"EIF3H"	"current_symbol"	"current symbol present in frozen matrix"	"discovery_robust"	137	0.656294807835636	0.0243463972657534	TRUE	TRUE	TRUE	""	0.570395152527037	0.0573538069769787	0.457305755915409	0.683484549138665	3.21372593173857e-19	4.65717910446861e-19	1.54907192918896e-18	TRUE	TRUE	TRUE	201.864616908148	6.75730510907492	"ICGC-LIRI-JP"	TRUE
"187"	"APLNR"	"APLNR"	"current_symbol"	"current symbol present in frozen matrix"	"discovery_robust"	138	-0.636186170364772	0.0243463972657534	TRUE	TRUE	TRUE	""	-0.517994964870906	0.11542431130998	-0.745586931444246	-0.290402998297566	1.20820354296568e-05	1.22977860623292e-05	2.15069565553853e-05	TRUE	TRUE	TRUE	201.864616908148	3.55974622013318	"ICGC-LIRI-JP"	TRUE
"5105"	"PCK1"	"PCK1"	"current_symbol"	"current symbol present in frozen matrix"	"discovery_robust"	139	-1.80518776938388	0.0244309271408705	TRUE	TRUE	TRUE	""	-4.28868618686908	0.257447381499385	-4.79631716321726	-3.78105521052089	9.0110587509441e-40	4.6693668073074e-39	2.51646493516625e-38	TRUE	TRUE	TRUE	201.864616908148	9.07359555935767	"ICGC-LIRI-JP"	TRUE
"255043"	"TMEM86B"	"TMEM86B"	"current_symbol"	"current symbol present in frozen matrix"	"discovery_robust"	140	-0.711562087436147	0.0245955112414832	TRUE	TRUE	TRUE	""	-0.623933886026855	0.0788685159517157	-0.779445670697298	-0.468422101356411	1.65036682748095e-13	1.89404515100163e-13	5.32148437391518e-13	TRUE	TRUE	TRUE	201.864616908148	4.38094980461019	"ICGC-LIRI-JP"	TRUE
"284111"	"SLC13A5"	"SLC13A5"	"current_symbol"	"current symbol present in frozen matrix"	"discovery_robust"	141	-1.50488058125036	0.0247451903331154	TRUE	TRUE	TRUE	""	-2.1362757529169	0.217575127718475	-2.56528720321621	-1.7072643026176	7.53240914864435e-19	1.0644974912547e-18	3.53381775095455e-18	TRUE	TRUE	TRUE	201.864616908148	7.31509830019048	"ICGC-LIRI-JP"	TRUE
"55536"	"CDCA7L"	"CDCA7L"	"current_symbol"	"current symbol present in frozen matrix"	"discovery_robust"	142	0.585872498656682	0.0247451903331154	TRUE	TRUE	TRUE	""	0.606349484342698	0.0773852381855646	0.453762405047938	0.758936563637459	2.62064448094989e-13	2.94822504106863e-13	8.34441142478172e-13	TRUE	TRUE	TRUE	201.864616908148	2.88184372399552	"ICGC-LIRI-JP"	TRUE
"85236"	"H2BC12"	"HIST1H2BK"	"historical_symbol_harmonized"	"Entrez-linked historical alias in frozen matrix"	"discovery_robust"	143	0.758908880639068	0.0250871842165154	TRUE	TRUE	TRUE	""	0.741407101649654	0.0792930767232567	0.585058174267868	0.897756029031441	1.70117309622436e-17	2.29055590121548e-17	7.24692998706363e-17	TRUE	TRUE	TRUE	201.864616908148	5.39579716325928	"ICGC-LIRI-JP"	TRUE
"4783"	"NFIL3"	"NFIL3"	"current_symbol"	"current symbol present in frozen matrix"	"discovery_robust"	144	-0.610172365931913	0.025622457923278	TRUE	TRUE	TRUE	""	-1.01073995089051	0.0831877839262957	-1.17476840489461	-0.846711496886411	7.47315579649541e-26	1.48594144325665e-25	6.04632040675483e-25	TRUE	TRUE	TRUE	201.864616908148	6.16784717183053	"ICGC-LIRI-JP"	TRUE
"388323"	"GLTPD2"	"GLTPD2"	"current_symbol"	"current symbol present in frozen matrix"	"discovery_robust"	145	-0.665519470000123	0.0281790446665833	TRUE	TRUE	TRUE	""	-0.981801778425329	0.10640151057927	-1.19160271866292	-0.772000838187739	3.81880740523599e-17	5.02320050996426e-17	1.58799698567968e-16	TRUE	TRUE	TRUE	201.864616908148	4.02622547015385	"ICGC-LIRI-JP"	TRUE
"1369"	"CPN1"	"CPN1"	"current_symbol"	"current symbol present in frozen matrix"	"discovery_robust"	146	-0.642231123835482	0.0284303245428039	TRUE	TRUE	TRUE	""	-1.13038282993398	0.140000271745512	-1.40643331536241	-0.854332344505537	6.04095278064821e-14	6.97974949655976e-14	2.01361624464149e-13	TRUE	TRUE	TRUE	201.864616908148	5.03064293400648	"ICGC-LIRI-JP"	TRUE
"55971"	"BAIAP2L1"	"BAIAP2L1"	"current_symbol"	"current symbol present in frozen matrix"	"discovery_robust"	147	0.636107911824326	0.0285543725463636	TRUE	TRUE	TRUE	""	0.168139360718693	0.0779551943487122	0.0144284502088343	0.321850271228551	0.0321976131308462	0.0323870108551453	0.0413209818913306	TRUE	TRUE	TRUE	201.864616908148	5.7450644220981	"ICGC-LIRI-JP"	TRUE
"10747"	"MASP2"	"MASP2"	"current_symbol"	"current symbol present in frozen matrix"	"discovery_robust"	148	-0.945356655392682	0.0285548138391325	TRUE	TRUE	TRUE	""	-1.28017322089898	0.148645167370554	-1.57326958491049	-0.98707685688747	2.04820826324521e-15	2.43224731260369e-15	7.50926515183509e-15	TRUE	TRUE	TRUE	201.864616908148	5.82088290079259	"ICGC-LIRI-JP"	TRUE
"6447"	"SCG5"	"SCG5"	"current_symbol"	"current symbol present in frozen matrix"	"discovery_robust"	149	-0.703696929747633	0.02933888309067	TRUE	TRUE	TRUE	""	-0.67574576624521	0.101684076560073	-0.876244939173783	-0.475246593316636	2.75468597321829e-10	2.9257844808716e-10	6.98159214768119e-10	TRUE	TRUE	TRUE	201.864616908148	2.32078788093704	"ICGC-LIRI-JP"	TRUE
"9970"	"NR1I3"	"NR1I3"	"current_symbol"	"current symbol present in frozen matrix"	"discovery_robust"	150	-0.791795241828076	0.0296054625183219	TRUE	TRUE	TRUE	""	-1.24143985394413	0.137447925411359	-1.51245766025173	-0.970422047636522	1.36841488599234e-16	1.72058048165213e-16	5.47507407248494e-16	TRUE	TRUE	TRUE	201.864616908148	5.85584489905844	"ICGC-LIRI-JP"	TRUE
"1723"	"DHODH"	"DHODH"	"current_symbol"	"current symbol present in frozen matrix"	"discovery_robust"	151	-0.623022601426404	0.0296167478647228	TRUE	TRUE	TRUE	""	-1.73086741921683	0.120634790495314	-1.96873333233679	-1.49300150609686	1.20047915452536e-32	3.80151732266364e-32	1.71207612951579e-31	TRUE	TRUE	TRUE	201.864616908148	5.19604915395776	"ICGC-LIRI-JP"	TRUE
"84457"	"PHYHIPL"	"PHYHIPL"	"current_symbol"	"current symbol present in frozen matrix"	"discovery_robust"	152	0.748385886602203	0.0297111503173376	TRUE	TRUE	TRUE	""	1.3642909612917	0.0983545110864589	1.17035697680024	1.55822494578315	3.61110255435927e-31	9.95965381928121e-31	4.59169958833869e-30	TRUE	TRUE	TRUE	201.864616908148	2.93051734804936	"ICGC-LIRI-JP"	TRUE
"123264"	"SLC51B"	"OSTBETA"	"historical_symbol_harmonized"	"Entrez-linked historical alias in frozen matrix"	"discovery_robust"	153	0.654242979090132	0.0302677397227601	TRUE	TRUE	TRUE	""	1.55845597671113	0.156908572477271	1.2490659515334	1.86784600188887	3.50669413970603e-19	5.03903107470362e-19	1.68692646496969e-18	TRUE	TRUE	TRUE	201.864616908148	0.643773959782272	"ICGC-LIRI-JP"	TRUE
"26998"	"FETUB"	"FETUB"	"current_symbol"	"current symbol present in frozen matrix"	"discovery_robust"	154	-0.882625793854712	0.0311681642244962	TRUE	TRUE	TRUE	""	-2.07386736994423	0.18422261900426	-2.43711483203107	-1.7106199078574	3.9378955357845e-23	6.94206326411494e-23	2.57986095953244e-22	TRUE	TRUE	TRUE	201.864616908148	5.8573195710336	"ICGC-LIRI-JP"	TRUE
"8334"	"H2AC6"	"HIST1H2AC"	"historical_symbol_harmonized"	"Entrez-linked historical alias in frozen matrix"	"discovery_robust"	155	0.787431335269511	0.0319850876572599	TRUE	TRUE	TRUE	""	0.707797495762545	0.0918415433686416	0.526705685630232	0.888889305894858	5.73019147278331e-13	6.40433164605194e-13	1.78663437365516e-12	TRUE	TRUE	TRUE	201.864616908148	3.35371730338237	"ICGC-LIRI-JP"	TRUE
"140828"	"LINC00261"	"NCRNA00261"	"historical_symbol_harmonized"	"Entrez-linked historical alias in frozen matrix"	"discovery_robust"	156	-0.881509426654241	0.0331473260826734	TRUE	TRUE	TRUE	""	-1.22218257152422	0.13392725629931	-1.48625837403929	-0.958106769009156	7.42949502316996e-17	9.48092275344823e-17	3.03275716480507e-16	TRUE	TRUE	TRUE	201.864616908148	7.22008059964397	"ICGC-LIRI-JP"	TRUE
"116842"	"LEAP2"	"LEAP2"	"current_symbol"	"current symbol present in frozen matrix"	"discovery_robust"	157	-0.745261173018316	0.03325613161994	TRUE	TRUE	TRUE	""	-1.55777946664994	0.146786729913872	-1.84721139090245	-1.26834754239743	3.41874153428876e-21	5.46359628376989e-21	1.93458786295586e-20	TRUE	TRUE	TRUE	201.864616908148	6.57020941447461	"ICGC-LIRI-JP"	TRUE
"113675"	"SDSL"	"SDSL"	"current_symbol"	"current symbol present in frozen matrix"	"discovery_robust"	158	-0.628000474056185	0.0351386340131252	TRUE	TRUE	TRUE	""	-0.625073564627678	0.098601552139902	-0.819494661050228	-0.430652468205128	1.47986109148385e-09	1.55249231069778e-09	3.54935576942457e-09	TRUE	TRUE	TRUE	201.864616908148	4.70361195276222	"ICGC-LIRI-JP"	TRUE
"55638"	"SYBU"	"SYBU"	"current_symbol"	"current symbol present in frozen matrix"	"discovery_robust"	159	-0.699552930707679	0.0363612455553973	TRUE	TRUE	TRUE	""	-0.0824860323316894	0.104031618730041	-0.28761405452965	0.122641989866271	0.42877056393963	0.42877056393963	0.46638920435722	TRUE	FALSE	FALSE	201.864616908148	4.60763717664271	"ICGC-LIRI-JP"	TRUE
"80303"	"EFHD1"	"EFHD1"	"current_symbol"	"current symbol present in frozen matrix"	"discovery_robust"	160	-0.761076781628179	0.0365893453404837	TRUE	TRUE	TRUE	""	-1.04801392081126	0.145319745760477	-1.33455326719508	-0.761474574427433	1.08778211627117e-11	1.18478179542911e-11	3.08090842912277e-11	TRUE	TRUE	TRUE	201.864616908148	2.69897083638564	"ICGC-LIRI-JP"	TRUE
"1373"	"CPS1"	"CPS1"	"current_symbol"	"current symbol present in frozen matrix"	"discovery_robust"	161	-1.07617466464764	0.0378143586112641	TRUE	TRUE	TRUE	""	-3.36449724803038	0.273340629990419	-3.90346629898574	-2.82552819707503	2.4330570990748e-26	5.07381419441208e-26	2.04904064570907e-25	TRUE	TRUE	TRUE	201.864616908148	10.1320573841368	"ICGC-LIRI-JP"	TRUE
"26256"	"CABYR"	"CABYR"	"current_symbol"	"current symbol present in frozen matrix"	"discovery_robust"	162	0.610066445255803	0.0379695637786571	TRUE	TRUE	TRUE	""	1.87187463352418	0.174506991115359	1.52778430421669	2.21596496283167	1.55914107321326e-21	2.53917260494731e-21	9.08857144273981e-21	TRUE	TRUE	TRUE	201.864616908148	0.100352558703824	"ICGC-LIRI-JP"	TRUE
"132158"	"GLYCTK"	"GLYCTK"	"current_symbol"	"current symbol present in frozen matrix"	"discovery_robust"	163	-0.637961728728784	0.0385018662795669	TRUE	TRUE	TRUE	""	-0.821769326420702	0.113800119348767	-1.04615873507232	-0.597379917769084	1.02975003391165e-11	1.12876446024931e-11	2.9229616318997e-11	TRUE	TRUE	TRUE	201.864616908148	6.34037292847047	"ICGC-LIRI-JP"	TRUE
"714"	"C1QC"	"C1QC"	"current_symbol"	"current symbol present in frozen matrix"	"discovery_robust"	164	-0.702156886487835	0.0386690957685092	TRUE	TRUE	TRUE	""	-1.0393467491772	0.114267253889401	-1.26465724687453	-0.81403625147986	9.03564719482839e-17	1.14451531134493e-16	3.66597233043006e-16	TRUE	TRUE	TRUE	201.864616908148	6.46484557254668	"ICGC-LIRI-JP"	TRUE
"10653"	"SPINT2"	"SPINT2"	"current_symbol"	"current symbol present in frozen matrix"	"discovery_robust"	165	-0.590344777288256	0.0394061194875442	TRUE	TRUE	TRUE	""	-1.06401410190984	0.206348117710115	-1.47088829830188	-0.657139905517805	5.98737531966141e-07	6.13078550695869e-07	1.18069772326684e-06	TRUE	TRUE	TRUE	201.864616908148	3.46528151176093	"ICGC-LIRI-JP"	TRUE
"54855"	"TENT5C"	"FAM46C"	"historical_symbol_harmonized"	"Entrez-linked historical alias in frozen matrix"	"discovery_robust"	166	-0.725037938634136	0.0396847148496947	TRUE	TRUE	TRUE	""	-1.34590309760723	0.103553748133456	-1.55008886156158	-1.14171733365287	1.83678177342531e-28	4.3025984007634e-28	1.86111191942932e-27	TRUE	TRUE	TRUE	201.864616908148	4.04905580987673	"ICGC-LIRI-JP"	TRUE
"284904"	"SEC14L4"	"SEC14L4"	"current_symbol"	"current symbol present in frozen matrix"	"discovery_robust"	167	-0.654835702087777	0.0427145952601135	TRUE	TRUE	TRUE	""	-1.00443345232322	0.12804398035184	-1.25690869748965	-0.751958207156789	2.48095490733276e-13	2.80955820631723e-13	7.91003629680574e-13	TRUE	TRUE	TRUE	201.864616908148	3.22761651658361	"ICGC-LIRI-JP"	TRUE
"401546"	"C9orf152"	"C9orf152"	"current_symbol"	"current symbol present in frozen matrix"	"discovery_robust"	168	0.622433749392112	0.0428123433710504	TRUE	TRUE	TRUE	""	1.85284660761595	0.19639496859047	1.46559788488738	2.24009533034452	9.76054852367729e-18	1.32464587107049e-17	4.22302471671645e-17	TRUE	TRUE	TRUE	201.864616908148	-1.1085960719647	"ICGC-LIRI-JP"	TRUE
"286499"	"FAM133A"	"FAM133A"	"current_symbol"	"current symbol present in frozen matrix"	"discovery_robust"	169	0.658836124287996	0.0455554636852857	TRUE	TRUE	TRUE	""	4.51379520235449	0.326894257384541	3.86922989323277	5.15836051147622	5.66307505500283e-31	1.51310286625857e-30	7.05260563317051e-30	TRUE	TRUE	TRUE	201.864616908148	-4.46532523715106	"ICGC-LIRI-JP"	TRUE
"2267"	"FGL1"	"FGL1"	"current_symbol"	"current symbol present in frozen matrix"	"discovery_robust"	170	-0.650285037335959	0.0461819984108666	TRUE	TRUE	TRUE	""	-1.93054588352215	0.21380252499762	-2.35211857102882	-1.50897319601549	1.39085724058461e-16	1.73603349007276e-16	5.56026857612767e-16	TRUE	TRUE	TRUE	201.864616908148	9.49328022631438	"ICGC-LIRI-JP"	TRUE
"64757"	"MTARC1"	"MOSC1"	"historical_symbol_harmonized"	"Entrez-linked historical alias in frozen matrix"	"discovery_robust"	171	-0.671208034205752	0.0484164484289692	TRUE	TRUE	TRUE	""	-0.595146206751007	0.104369964452514	-0.800941374089238	-0.389351039412777	4.15742675582437e-08	4.28265045328896e-08	8.97375418307708e-08	TRUE	TRUE	TRUE	201.864616908148	5.43016725660128	"ICGC-LIRI-JP"	TRUE
"55244"	"SLC47A1"	"SLC47A1"	"current_symbol"	"current symbol present in frozen matrix"	"discovery_robust"	172	-0.659228076105214	0.0485895324677512	TRUE	TRUE	TRUE	""	-0.921786946923819	0.128270056497061	-1.17470796572236	-0.668865928125281	1.26212184316755e-11	1.36596731127627e-11	3.55595341837555e-11	TRUE	TRUE	TRUE	201.864616908148	5.89638498131145	"ICGC-LIRI-JP"	TRUE
"9506"	"PAGE4"	"PAGE4"	"current_symbol"	"current symbol present in frozen matrix"	"discovery_robust"	173	1.067609529849	0.048970878426227	TRUE	TRUE	TRUE	""	6.01927235209084	0.362765528657877	5.30397659563156	6.73456810855012	1.43184157697181e-39	7.20132087241704e-39	3.91390254790049e-38	TRUE	TRUE	TRUE	201.864616908148	-6.52506980763163	"ICGC-LIRI-JP"	TRUE
"339390"	"CLEC4G"	"CLEC4G"	"current_symbol"	"current symbol present in frozen matrix"	"intermediate"	1	-2.95763133143369	0.0127759792996141	TRUE	TRUE	TRUE	""	-6.0316003492579	0.269163706089655	-6.56233340283962	-5.50086729567618	1.15756822731917e-56	2.00645159401989e-55	2.13356360983884e-54	TRUE	TRUE	TRUE	201.864616908148	1.53948251582752	"ICGC-LIRI-JP"	TRUE
"10144"	"FAM13A"	"FAM13A"	"current_symbol"	"current symbol present in frozen matrix"	"intermediate"	2	-0.954015186631262	0.0158016047388783	TRUE	TRUE	TRUE	""	-1.76364879562013	0.0941635907079116	-1.94931918468805	-1.57797840655221	4.99466465412615e-46	4.72222840026472e-45	2.70761190619898e-44	TRUE	TRUE	TRUE	201.864616908148	5.09301423332037	"ICGC-LIRI-JP"	TRUE
"9232"	"PTTG1"	"PTTG1"	"current_symbol"	"current symbol present in frozen matrix"	"intermediate"	3	1.620115360275	0.0162366345970167	TRUE	TRUE	TRUE	""	2.85358309657233	0.120611689896222	2.61576273287533	3.09140346026933	4.0665577408085e-60	9.8183597552981e-59	1.19242563572526e-57	TRUE	TRUE	TRUE	201.864616908148	1.71877729606518	"ICGC-LIRI-JP"	TRUE
"388753"	"COA6"	"COA6"	"unmapped"	""	"intermediate"	4	0.761109710648098	0.017723721358359	FALSE	FALSE	FALSE	"absent_after_identifier_harmonization"	NA	NA	NA	NA	NA	NA	NA	NA	FALSE	FALSE	NA	NA	NA	TRUE
"1163"	"CKS1B"	"CKS1B"	"current_symbol"	"current symbol present in frozen matrix"	"intermediate"	5	1.16658624896275	0.0179356699323808	TRUE	TRUE	TRUE	""	0.904224895605306	0.0551370898567344	0.795506389346043	1.01294340186457	5.58952247213088e-39	2.32524134840645e-38	1.44232037870865e-37	TRUE	TRUE	TRUE	201.864616908148	4.56373402211602	"ICGC-LIRI-JP"	TRUE
"25891"	"PAMR1"	"PAMR1"	"current_symbol"	"current symbol present in frozen matrix"	"intermediate"	6	-0.974651397760365	0.01826882088407	TRUE	TRUE	TRUE	""	-2.31486870453546	0.127163189625205	-2.56560721944689	-2.06413018962403	1.86517530543157e-44	1.61648526470736e-43	8.37511315220817e-43	TRUE	TRUE	TRUE	201.864616908148	2.17847623346661	"ICGC-LIRI-JP"	TRUE
"8443"	"GNPAT"	"GNPAT"	"current_symbol"	"current symbol present in frozen matrix"	"intermediate"	7	0.729416115953798	0.0192060376209246	TRUE	TRUE	TRUE	""	0.763576876270655	0.04536488364588	0.674127063097337	0.853026689443973	2.66134732659757e-40	1.38390060983074e-39	7.76848488863389e-39	TRUE	TRUE	TRUE	201.864616908148	5.67300151305956	"ICGC-LIRI-JP"	TRUE
"79035"	"NABP2"	"NABP2"	"unmapped"	""	"intermediate"	8	0.615502845108216	0.0192060376209246	FALSE	FALSE	FALSE	"absent_after_identifier_harmonization"	NA	NA	NA	NA	NA	NA	NA	NA	FALSE	FALSE	NA	NA	NA	TRUE
"55355"	"HJURP"	"HJURP"	"current_symbol"	"current symbol present in frozen matrix"	"intermediate"	9	1.01441989888514	0.0193055366359518	TRUE	TRUE	TRUE	""	3.42084253464971	0.132797855214337	3.15899366865314	3.68269140064627	9.984400293144e-66	5.19188815243488e-64	8.78309540332799e-63	TRUE	TRUE	TRUE	201.864616908148	1.12550625356602	"ICGC-LIRI-JP"	TRUE
"1063"	"CENPF"	"CENPF"	"current_symbol"	"current symbol present in frozen matrix"	"intermediate"	10	0.920864484743691	0.0193055366359518	TRUE	TRUE	TRUE	""	3.6550767039381	0.126415197238237	3.40581306946044	3.90434033841577	1.05997349243383e-73	1.10237243213118e-71	2.05136669990719e-69	TRUE	TRUE	TRUE	201.864616908148	2.51005525219794	"ICGC-LIRI-JP"	TRUE
"29899"	"GPSM2"	"GPSM2"	"current_symbol"	"current symbol present in frozen matrix"	"intermediate"	11	0.73273734938271	0.019391521939024	TRUE	TRUE	TRUE	""	1.02326901423904	0.0573864845589615	0.910115184449839	1.13642284402823	2.46812512753333e-43	1.71123342175644e-42	9.82831802328241e-42	TRUE	TRUE	TRUE	201.864616908148	2.47274779837893	"ICGC-LIRI-JP"	TRUE
"57688"	"ZSWIM6"	"ZSWIM6"	"current_symbol"	"current symbol present in frozen matrix"	"intermediate"	12	-0.688546932983465	0.0194456570264658	TRUE	TRUE	TRUE	""	-1.07664716819624	0.0682167178052699	-1.21115589328436	-0.942138443108117	4.39386845696779e-37	1.63200828401661e-36	9.39608135333675e-36	TRUE	TRUE	TRUE	201.864616908148	4.3026485920212	"ICGC-LIRI-JP"	TRUE
"56521"	"DNAJC12"	"DNAJC12"	"current_symbol"	"current symbol present in frozen matrix"	"intermediate"	13	-0.977458029504112	0.0196395017563344	TRUE	TRUE	TRUE	""	-1.57065391232714	0.151771907981425	-1.86991553768192	-1.27139228697236	2.08070985500898e-20	2.67152870272758e-20	1.10323226915038e-19	TRUE	TRUE	TRUE	201.864616908148	3.27861623345843	"ICGC-LIRI-JP"	TRUE
"55215"	"FANCI"	"FANCI"	"current_symbol"	"current symbol present in frozen matrix"	"intermediate"	14	0.724559160223221	0.0196395017563344	TRUE	TRUE	TRUE	""	0.898093883602818	0.0583298490957372	0.783079941436223	1.01310782576941	6.81054853221105e-36	1.91431634418905e-35	1.28841198185611e-34	TRUE	TRUE	TRUE	201.864616908148	4.18273124322633	"ICGC-LIRI-JP"	TRUE
"23729"	"SHPK"	"SHPK"	"current_symbol"	"current symbol present in frozen matrix"	"intermediate"	15	-0.691781920754739	0.020133384569272	TRUE	TRUE	TRUE	""	-0.90128343085476	0.0575750474417317	-1.01480906617457	-0.787757795534949	1.09499989331752e-36	3.45090875469764e-36	2.24963194643037e-35	TRUE	TRUE	TRUE	201.864616908148	4.43441439669904	"ICGC-LIRI-JP"	TRUE
"113130"	"CDCA5"	"CDCA5"	"current_symbol"	"current symbol present in frozen matrix"	"intermediate"	16	1.20905950423708	0.0201881519180196	TRUE	TRUE	TRUE	""	3.12304630892929	0.12324493235519	2.88003375631733	3.36605886154125	1.26101102725507e-64	4.37150489448424e-63	9.41591281962185e-62	TRUE	TRUE	TRUE	201.864616908148	1.3210336019269	"ICGC-LIRI-JP"	TRUE
"84706"	"GPT2"	"GPT2"	"current_symbol"	"current symbol present in frozen matrix"	"intermediate"	17	-1.38050050477162	0.0202537951366368	TRUE	TRUE	TRUE	""	-1.46683730194986	0.136824558921808	-1.736625963343	-1.19704864055673	1.62578558000303e-21	2.14027468759893e-21	9.46280551272139e-21	TRUE	TRUE	TRUE	201.864616908148	7.02089393375571	"ICGC-LIRI-JP"	TRUE
"221504"	"ZBTB9"	"ZBTB9"	"current_symbol"	"current symbol present in frozen matrix"	"intermediate"	18	0.624715835448298	0.0202537951366368	TRUE	TRUE	TRUE	""	0.856129028159999	0.0554760718795319	0.746742122112807	0.965515934207191	5.28810937506727e-36	1.57132392859142e-35	1.01227280648543e-34	TRUE	TRUE	TRUE	201.864616908148	2.37203551773754	"ICGC-LIRI-JP"	TRUE
"6631"	"SNRPC"	"SNRPC"	"current_symbol"	"current symbol present in frozen matrix"	"intermediate"	19	0.598008536718803	0.0204871019546206	TRUE	TRUE	TRUE	""	0.777112889973019	0.0495165795679756	0.679476823584929	0.87474895636111	8.24748339631472e-37	2.69759239701039e-36	1.71259169709097e-35	TRUE	TRUE	TRUE	201.864616908148	5.27582596440074	"ICGC-LIRI-JP"	TRUE
"91404"	"SESTD1"	"SESTD1"	"current_symbol"	"current symbol present in frozen matrix"	"intermediate"	20	0.749697053968083	0.0209406253762991	TRUE	TRUE	TRUE	""	0.653546169818562	0.0555879639803518	0.543938636565709	0.763153703071415	1.19294215386051e-24	1.79805773915207e-24	8.79840301206646e-24	TRUE	TRUE	TRUE	201.864616908148	4.58254768911731	"ICGC-LIRI-JP"	TRUE
"51192"	"CKLF"	"CKLF"	"current_symbol"	"current symbol present in frozen matrix"	"intermediate"	21	0.785899215155587	0.0211488790393999	TRUE	TRUE	TRUE	""	0.839999928202428	0.0620828720820012	0.717585830277097	0.96241402612776	4.11169713388038e-30	8.22339426776076e-30	4.79359485734862e-29	TRUE	TRUE	TRUE	201.864616908148	2.97995882212975	"ICGC-LIRI-JP"	TRUE
"55353"	"LAPTM4B"	"LAPTM4B"	"current_symbol"	"current symbol present in frozen matrix"	"intermediate"	22	1.39267473645742	0.0211921626739346	TRUE	TRUE	TRUE	""	1.30451608879717	0.0899684573760742	1.12711760219238	1.48191457540195	4.06581288064861e-33	9.39654532416568e-33	6.04344674955396e-32	TRUE	TRUE	TRUE	201.864616908148	5.48271263015207	"ICGC-LIRI-JP"	TRUE
"80345"	"ZSCAN16"	"ZSCAN16"	"current_symbol"	"current symbol present in frozen matrix"	"intermediate"	23	0.614104282360982	0.0211977861384155	TRUE	TRUE	TRUE	""	0.758557890780519	0.0594661794176598	0.641303349127489	0.875812432433548	1.01961092057652e-27	1.79728026677895e-27	9.69181244887888e-27	TRUE	TRUE	TRUE	201.864616908148	1.85236218651143	"ICGC-LIRI-JP"	TRUE
"84306"	"PDCD2L"	"PDCD2L"	"current_symbol"	"current symbol present in frozen matrix"	"intermediate"	24	0.84453368300318	0.0219971291252141	TRUE	TRUE	TRUE	""	0.681296752180231	0.0564036754261864	0.570080811045131	0.792512693315331	1.23516690128341e-25	1.94632360202234e-25	9.84521624404359e-25	TRUE	TRUE	TRUE	201.864616908148	2.02495795536987	"ICGC-LIRI-JP"	TRUE
"5174"	"PDZK1"	"PDZK1"	"current_symbol"	"current symbol present in frozen matrix"	"intermediate"	25	0.808034263842932	0.0223641102667666	TRUE	TRUE	TRUE	""	0.621362012108028	0.0816552050311542	0.460355474723708	0.782368549492348	1.02947389598448e-12	1.09250291002435e-12	3.14994597770555e-12	TRUE	TRUE	TRUE	201.864616908148	5.33306695716625	"ICGC-LIRI-JP"	TRUE
"84450"	"ZNF512"	"ZNF512"	"current_symbol"	"current symbol present in frozen matrix"	"intermediate"	26	0.611850159972573	0.0226740972051733	TRUE	TRUE	TRUE	""	0.58860201161111	0.0467160129581771	0.496488061448014	0.680715961774206	3.09891879104621e-27	5.19818635917429e-27	2.81037372835601e-26	TRUE	TRUE	TRUE	201.864616908148	4.3838394254201	"ICGC-LIRI-JP"	TRUE
"129531"	"MITD1"	"MITD1"	"current_symbol"	"current symbol present in frozen matrix"	"intermediate"	27	0.595438001816836	0.0226740972051733	TRUE	TRUE	TRUE	""	0.450566530413907	0.0357472796332009	0.380080567976426	0.521052492851387	2.99850661369143e-27	5.11220799711326e-27	2.72441776970752e-26	TRUE	TRUE	TRUE	201.864616908148	3.53854332002711	"ICGC-LIRI-JP"	TRUE
"64785"	"GINS3"	"GINS3"	"current_symbol"	"current symbol present in frozen matrix"	"intermediate"	28	0.608118450406104	0.0229797701361633	TRUE	TRUE	TRUE	""	1.16965776597028	0.0759621446694425	1.01987672162844	1.31943881031213	6.75803546130684e-36	1.91431634418905e-35	1.27972857419443e-34	TRUE	TRUE	TRUE	201.864616908148	1.05826522596265	"ICGC-LIRI-JP"	TRUE
"90864"	"SPSB3"	"SPSB3"	"current_symbol"	"current symbol present in frozen matrix"	"intermediate"	29	-0.666512140640604	0.0230194341631006	TRUE	TRUE	TRUE	""	-0.561401637024976	0.0565756000409693	-0.672956576597551	-0.4498466974524	3.7314161046482e-19	4.56549735156956e-19	1.79280277738969e-18	TRUE	TRUE	TRUE	201.864616908148	5.43042279447097	"ICGC-LIRI-JP"	TRUE
"1786"	"DNMT1"	"DNMT1"	"current_symbol"	"current symbol present in frozen matrix"	"intermediate"	30	0.710644546958904	0.023434351427024	TRUE	TRUE	TRUE	""	0.462917251272251	0.0506455668015919	0.363055064391703	0.562779438152799	6.75263079180135e-17	7.55132905749828e-17	2.76403688057808e-16	TRUE	TRUE	TRUE	201.864616908148	4.88743460403076	"ICGC-LIRI-JP"	TRUE
"65062"	"TMEM237"	"TMEM237"	"current_symbol"	"current symbol present in frozen matrix"	"intermediate"	31	0.748977946075405	0.0235541760066957	TRUE	TRUE	TRUE	""	0.872246386681081	0.0570691616290892	0.759718249597596	0.984774523764565	1.5191276933147e-35	4.15761263433497e-35	2.8106766968183e-34	TRUE	TRUE	TRUE	201.864616908148	2.61497979497311	"ICGC-LIRI-JP"	TRUE
"4860"	"PNP"	"PNP"	"current_symbol"	"current symbol present in frozen matrix"	"intermediate"	32	-0.743831389724769	0.0235541760066957	TRUE	TRUE	TRUE	""	-0.748422216949574	0.0676263274821977	-0.881766819045331	-0.615077614853816	1.48039184593013e-22	1.99949028541212e-22	9.31139543177779e-22	TRUE	TRUE	TRUE	201.864616908148	5.19588570816911	"ICGC-LIRI-JP"	TRUE
"23557"	"SNAPIN"	"SNAPIN"	"current_symbol"	"current symbol present in frozen matrix"	"intermediate"	33	0.588661478766796	0.0235541760066957	TRUE	TRUE	TRUE	""	0.582288567571415	0.0331038920021517	0.517014798150625	0.647562336992206	1.32389068901357e-42	7.64914620318952e-42	4.86171850179879e-41	TRUE	TRUE	TRUE	201.864616908148	4.31182916076606	"ICGC-LIRI-JP"	TRUE
"29902"	"FAM216A"	"FAM216A"	"unmapped"	""	"intermediate"	34	0.632799815655993	0.0243061667252363	FALSE	FALSE	FALSE	"absent_after_identifier_harmonization"	NA	NA	NA	NA	NA	NA	NA	NA	FALSE	FALSE	NA	NA	NA	TRUE
"112817"	"HOGA1"	"HOGA1"	"current_symbol"	"current symbol present in frozen matrix"	"intermediate"	35	-1.42909110909374	0.0243463972657534	TRUE	TRUE	TRUE	""	-1.82425251136327	0.123628495493338	-2.06802136815349	-1.58048365457305	6.53707672946471e-34	1.61870471396269e-33	1.04706604592313e-32	TRUE	TRUE	TRUE	201.864616908148	4.13270170689045	"ICGC-LIRI-JP"	TRUE
"51506"	"UFC1"	"UFC1"	"current_symbol"	"current symbol present in frozen matrix"	"intermediate"	36	0.78469618345431	0.0243463972657534	TRUE	TRUE	TRUE	""	0.665017250251482	0.0423764253561489	0.581460035365848	0.748574465137116	8.30028429849351e-37	2.69759239701039e-36	1.72170848905407e-35	TRUE	TRUE	TRUE	201.864616908148	5.77905285250001	"ICGC-LIRI-JP"	TRUE
"128240"	"NAXE"	"NAXE"	"unmapped"	""	"intermediate"	37	0.783555410334113	0.0243463972657534	FALSE	FALSE	FALSE	"absent_after_identifier_harmonization"	NA	NA	NA	NA	NA	NA	NA	NA	FALSE	FALSE	NA	NA	NA	TRUE
"10878"	"CFHR3"	"CFHR3"	"current_symbol"	"current symbol present in frozen matrix"	"intermediate"	38	-1.3577497442368	0.0245956291512756	TRUE	TRUE	TRUE	""	-2.87708148546139	0.225415307131702	-3.32155208670293	-2.43261088421985	9.67747916636018e-28	1.73527212638183e-27	9.23512102103396e-27	TRUE	TRUE	TRUE	201.864616908148	6.16189270243836	"ICGC-LIRI-JP"	TRUE
"55502"	"HES6"	"HES6"	"current_symbol"	"current symbol present in frozen matrix"	"intermediate"	39	0.637139837490428	0.0245956291512756	TRUE	TRUE	TRUE	""	1.72068001071188	0.0957712297823761	1.5318397024619	1.90952031896186	9.64580192488026e-44	7.16545285848248e-43	4.04935368009127e-42	TRUE	TRUE	TRUE	201.864616908148	1.38947644030043	"ICGC-LIRI-JP"	TRUE
"23234"	"DNAJC9"	"DNAJC9"	"current_symbol"	"current symbol present in frozen matrix"	"intermediate"	40	0.62734229448629	0.0245956291512756	TRUE	TRUE	TRUE	""	0.720595615861909	0.0474351335825778	0.627063714183631	0.814127517540187	2.94134179179558e-35	7.84357811145488e-35	5.31501285682725e-34	TRUE	TRUE	TRUE	201.864616908148	3.9802748459942	"ICGC-LIRI-JP"	TRUE
"64151"	"NCAPG"	"NCAPG"	"current_symbol"	"current symbol present in frozen matrix"	"intermediate"	41	1.57330440894971	0.024804943569186	TRUE	TRUE	TRUE	""	1.97891665517041	0.0837263491688588	1.81382626610868	2.14400704423214	4.72036526697024e-60	9.8183597552981e-59	1.363481030025e-57	TRUE	TRUE	TRUE	201.864616908148	2.78737183965048	"ICGC-LIRI-JP"	TRUE
"64651"	"CSRNP1"	"CSRNP1"	"current_symbol"	"current symbol present in frozen matrix"	"intermediate"	42	-1.51764279278949	0.0250186030384493	TRUE	TRUE	TRUE	""	-1.72532082962305	0.0831541282176661	-1.88928292179378	-1.56135873745231	6.00307858164812e-52	8.91885960702006e-51	6.14696189368444e-50	TRUE	TRUE	TRUE	201.864616908148	5.50909487619501	"ICGC-LIRI-JP"	TRUE
"4201"	"MEA1"	"MEA1"	"current_symbol"	"current symbol present in frozen matrix"	"intermediate"	43	0.652883221846822	0.0255721745479553	TRUE	TRUE	TRUE	""	0.675510218548642	0.042973751363372	0.590775204990212	0.760245232107072	6.89977729975925e-37	2.39192279724987e-36	1.44358259548368e-35	TRUE	TRUE	TRUE	201.864616908148	5.23645173916781	"ICGC-LIRI-JP"	TRUE
"84790"	"TUBA1C"	"TUBA1C"	"current_symbol"	"current symbol present in frozen matrix"	"intermediate"	44	0.950372288827705	0.0262373322192413	TRUE	TRUE	TRUE	""	0.726502430220096	0.0762114733520442	0.576229763233485	0.876775097206706	5.08163673189305e-18	5.87211355685419e-18	2.24429291812702e-17	TRUE	TRUE	TRUE	201.864616908148	5.24597762642664	"ICGC-LIRI-JP"	TRUE
"199920"	"FYB2"	"FYB2"	"unmapped"	""	"intermediate"	45	-0.959441527900755	0.026395845439173	FALSE	FALSE	FALSE	"absent_after_identifier_harmonization"	NA	NA	NA	NA	NA	NA	NA	NA	FALSE	FALSE	NA	NA	NA	TRUE
"116238"	"TLCD1"	"TLCD1"	"current_symbol"	"current symbol present in frozen matrix"	"intermediate"	46	0.838440119015045	0.0265892017403729	TRUE	TRUE	TRUE	""	1.32419593168736	0.0823154829543254	1.16188746796435	1.48650439541037	5.0956710423456e-38	1.96277699408868e-37	1.21299534664839e-36	TRUE	TRUE	TRUE	201.864616908148	2.15224563910383	"ICGC-LIRI-JP"	TRUE
"7873"	"MANF"	"MANF"	"current_symbol"	"current symbol present in frozen matrix"	"intermediate"	47	0.752447696264514	0.0266651810017218	TRUE	TRUE	TRUE	""	0.683108170703985	0.0683708650083204	0.548295500418479	0.817920840989492	2.3561667946489e-19	2.91715888861292e-19	1.14455060182832e-18	TRUE	TRUE	TRUE	201.864616908148	5.56596572449711	"ICGC-LIRI-JP"	TRUE
"22977"	"AKR7A3"	"AKR7A3"	"current_symbol"	"current symbol present in frozen matrix"	"intermediate"	48	-1.37118154693966	0.0270607022391699	TRUE	TRUE	TRUE	""	-2.69840374980701	0.162744827223984	-3.01930161661839	-2.37750588299563	1.55984522392374e-39	7.37381378582132e-39	4.23984334530844e-38	TRUE	TRUE	TRUE	201.864616908148	5.81682118878416	"ICGC-LIRI-JP"	TRUE
"9719"	"ADAMTSL2"	"ADAMTSL2"	"current_symbol"	"current symbol present in frozen matrix"	"intermediate"	49	-1.37032210959132	0.0270694017806083	TRUE	TRUE	TRUE	""	-2.4692493778604	0.158845024323766	-2.7824576704284	-2.1560410852924	2.375294297319e-36	7.26560608591694e-36	4.71477646523228e-35	TRUE	TRUE	TRUE	201.864616908148	4.26007205080011	"ICGC-LIRI-JP"	TRUE
"5993"	"RFX5"	"RFX5"	"current_symbol"	"current symbol present in frozen matrix"	"intermediate"	50	0.636224316933827	0.027263654433374	TRUE	TRUE	TRUE	""	1.07179988849018	0.0592854286618657	0.954901748530206	1.18869802845015	4.4371078185414e-44	3.54968625483312e-43	1.91677115205874e-42	TRUE	TRUE	TRUE	201.864616908148	4.78924518302262	"ICGC-LIRI-JP"	TRUE
"54206"	"ERRFI1"	"ERRFI1"	"current_symbol"	"current symbol present in frozen matrix"	"intermediate"	51	-1.12146140416682	0.0273100173143949	TRUE	TRUE	TRUE	""	-1.64814487736698	0.102297027027785	-1.84985265705071	-1.44643709768325	4.28382917805059e-38	1.71353167122024e-37	1.03115604580613e-36	TRUE	TRUE	TRUE	201.864616908148	8.24246956989724	"ICGC-LIRI-JP"	TRUE
"27141"	"CIDEB"	"CIDEB"	"current_symbol"	"current symbol present in frozen matrix"	"intermediate"	52	-1.11397149852274	0.0273291652661832	TRUE	TRUE	TRUE	""	-1.74761505377689	0.0912638348092746	-1.92756774663278	-1.567662360921	2.83659210900932e-47	2.95005579336969e-46	1.77085700276314e-45	TRUE	TRUE	TRUE	201.864616908148	6.93089359496622	"ICGC-LIRI-JP"	TRUE
"10923"	"SUB1"	"SUB1"	"current_symbol"	"current symbol present in frozen matrix"	"intermediate"	53	0.600168043980239	0.0273291652661832	TRUE	TRUE	TRUE	""	0.501352312202788	0.0405274396986564	0.421440900156943	0.581263724248633	1.57002427796498e-26	2.55128945169309e-26	1.34505001555805e-25	TRUE	TRUE	TRUE	201.864616908148	6.68263278177741	"ICGC-LIRI-JP"	TRUE
"166785"	"MMAA"	"MMAA"	"current_symbol"	"current symbol present in frozen matrix"	"intermediate"	54	-0.653835674535683	0.0287343359437929	TRUE	TRUE	TRUE	""	-0.982782286807966	0.0656700732466467	-1.11226957545274	-0.853294998163192	1.46801326237102e-34	3.72374095820942e-34	2.46832846799882e-33	TRUE	TRUE	TRUE	201.864616908148	4.43320426739837	"ICGC-LIRI-JP"	TRUE
"90634"	"N4BP2L1"	"N4BP2L1"	"current_symbol"	"current symbol present in frozen matrix"	"intermediate"	55	-0.640803631975571	0.0287627514851275	TRUE	TRUE	TRUE	""	-1.41549354096908	0.0857584660749464	-1.5845908283845	-1.24639625355367	2.64625259562176e-39	1.19656639106375e-38	7.09320311399833e-38	TRUE	TRUE	TRUE	201.864616908148	5.67175617010555	"ICGC-LIRI-JP"	TRUE
"6296"	"ACSM3"	"ACSM3"	"current_symbol"	"current symbol present in frozen matrix"	"intermediate"	56	-1.39935184662258	0.0289092504517092	TRUE	TRUE	TRUE	""	-2.02441622330505	0.113634719054005	-2.24847949807785	-1.80035294853224	2.75950768351014e-43	1.79367999428159e-42	1.09212172186036e-41	TRUE	TRUE	TRUE	201.864616908148	5.54390903397573	"ICGC-LIRI-JP"	TRUE
"54102"	"CLIC6"	"CLIC6"	"current_symbol"	"current symbol present in frozen matrix"	"intermediate"	57	-0.718345305908593	0.0293205572719323	TRUE	TRUE	TRUE	""	-1.92842099758054	0.247866519731573	-2.41716057101321	-1.43968142414788	3.67226170620345e-13	3.93727028293978e-13	1.15748014332501e-12	TRUE	TRUE	TRUE	201.864616908148	-0.32842673568667	"ICGC-LIRI-JP"	TRUE
"10974"	"ADIRF"	"ADIRF"	"unmapped"	""	"intermediate"	58	-1.67336498909767	0.02933888309067	FALSE	FALSE	FALSE	"absent_after_identifier_harmonization"	NA	NA	NA	NA	NA	NA	NA	NA	FALSE	FALSE	NA	NA	NA	TRUE
"642946"	"FLVCR1-DT"	"FLVCR1-DT"	"unmapped"	""	"intermediate"	59	0.753657650113627	0.02933888309067	FALSE	FALSE	FALSE	"absent_after_identifier_harmonization"	NA	NA	NA	NA	NA	NA	NA	NA	FALSE	FALSE	NA	NA	NA	TRUE
"8655"	"DYNLL1"	"DYNLL1"	"current_symbol"	"current symbol present in frozen matrix"	"intermediate"	60	0.771267794443017	0.0294523728326812	TRUE	TRUE	TRUE	""	0.478141613043806	0.0429615965548244	0.393430566158855	0.562852659928757	9.59055613118519e-23	1.31239189163587e-22	6.13370894933335e-22	TRUE	TRUE	TRUE	201.864616908148	6.53331287503573	"ICGC-LIRI-JP"	TRUE
"2806"	"GOT2"	"GOT2"	"current_symbol"	"current symbol present in frozen matrix"	"intermediate"	61	-0.946275158759096	0.0299635747926304	TRUE	TRUE	TRUE	""	-1.18159323758298	0.081816349674996	-1.34291751761596	-1.02026895755001	6.13657136331302e-33	1.32959046205115e-32	8.99705042380279e-32	TRUE	TRUE	TRUE	201.864616908148	8.02901132344625	"ICGC-LIRI-JP"	TRUE
"78989"	"COLEC11"	"COLEC11"	"current_symbol"	"current symbol present in frozen matrix"	"intermediate"	62	-1.10998028202925	0.0304834200669758	TRUE	TRUE	TRUE	""	-2.21896792897322	0.125661257625667	-2.46674495636478	-1.97119090158166	8.21062129744236e-43	5.02296832314121e-42	3.08543988290101e-41	TRUE	TRUE	TRUE	201.864616908148	5.4689962014881	"ICGC-LIRI-JP"	TRUE
"22889"	"KHDC4"	"KHDC4"	"unmapped"	""	"intermediate"	63	0.666462419152729	0.0304834200669758	FALSE	FALSE	FALSE	"absent_after_identifier_harmonization"	NA	NA	NA	NA	NA	NA	NA	NA	FALSE	FALSE	NA	NA	NA	TRUE
"79080"	"CCDC86"	"CCDC86"	"current_symbol"	"current symbol present in frozen matrix"	"intermediate"	64	0.604123894517019	0.0305563824122931	TRUE	TRUE	TRUE	""	0.544834745071075	0.0561701787664589	0.434079209229909	0.655590280912242	1.66983412389716e-18	1.9961235504058e-18	7.63798151732019e-18	TRUE	TRUE	TRUE	201.864616908148	3.85969868686221	"ICGC-LIRI-JP"	TRUE
"55337"	"SHFL"	"SHFL"	"unmapped"	""	"intermediate"	65	-0.843427298991881	0.0305679559760907	FALSE	FALSE	FALSE	"absent_after_identifier_harmonization"	NA	NA	NA	NA	NA	NA	NA	NA	FALSE	FALSE	NA	NA	NA	TRUE
"929"	"CD14"	"CD14"	"current_symbol"	"current symbol present in frozen matrix"	"intermediate"	66	-1.15236810445799	0.0307657778240864	TRUE	TRUE	TRUE	""	-1.4841263851456	0.111782305914094	-1.70453709881899	-1.26371567147222	2.50395114588634e-29	4.82242442911443e-29	2.7163097828665e-28	TRUE	TRUE	TRUE	201.864616908148	7.77497275457902	"ICGC-LIRI-JP"	TRUE
"23645"	"PPP1R15A"	"PPP1R15A"	"current_symbol"	"current symbol present in frozen matrix"	"intermediate"	67	-0.632323846607318	0.0313501630485988	TRUE	TRUE	TRUE	""	-0.791857178370565	0.0857724479318215	-0.960982035006593	-0.622732321734536	3.70181499446244e-17	4.18466042852276e-17	1.54067151801788e-16	TRUE	TRUE	TRUE	201.864616908148	6.01382540294181	"ICGC-LIRI-JP"	TRUE
"5118"	"PCOLCE"	"PCOLCE"	"current_symbol"	"current symbol present in frozen matrix"	"intermediate"	68	-0.972999630717017	0.031543962323982	TRUE	TRUE	TRUE	""	-1.12361663083521	0.107329313322108	-1.33524699893283	-0.911986262737598	9.15741807860777e-21	1.19046435021901e-20	5.0063139004321e-20	TRUE	TRUE	TRUE	201.864616908148	4.99052177015893	"ICGC-LIRI-JP"	TRUE
"84988"	"PPP1R16A"	"PPP1R16A"	"current_symbol"	"current symbol present in frozen matrix"	"intermediate"	69	0.64241938081857	0.0319850876572599	TRUE	TRUE	TRUE	""	0.889669369591269	0.0657206621242339	0.760082330538577	1.01925640864396	3.91609413559801e-30	7.98576059023908e-30	4.57658030230847e-29	TRUE	TRUE	TRUE	201.864616908148	5.34052915131327	"ICGC-LIRI-JP"	TRUE
"254295"	"PHYHD1"	"PHYHD1"	"current_symbol"	"current symbol present in frozen matrix"	"intermediate"	70	-0.907631361380325	0.0322829974321606	TRUE	TRUE	TRUE	""	-1.71856037032112	0.127362385238542	-1.96969165622557	-1.46742908441666	5.34713470226871e-30	1.04924907365273e-29	6.17809539659739e-29	TRUE	TRUE	TRUE	201.864616908148	3.81163420801073	"ICGC-LIRI-JP"	TRUE
"2114"	"ETS2"	"ETS2"	"current_symbol"	"current symbol present in frozen matrix"	"intermediate"	71	-0.728701388513261	0.032509720331531	TRUE	TRUE	TRUE	""	-1.48000312560066	0.0771495910867577	-1.63212555939721	-1.32788069180412	2.24210557225766e-47	2.59087755016441e-46	1.42735095854942e-45	TRUE	TRUE	TRUE	201.864616908148	7.99945160087538	"ICGC-LIRI-JP"	TRUE
"8365"	"H4C8"	"H4C8"	"unmapped"	""	"intermediate"	72	0.755961352822337	0.032724962635739	FALSE	FALSE	FALSE	"absent_after_identifier_harmonization"	NA	NA	NA	NA	NA	NA	NA	NA	FALSE	FALSE	NA	NA	NA	TRUE
"4153"	"MBL2"	"MBL2"	"current_symbol"	"current symbol present in frozen matrix"	"intermediate"	73	-1.50680659050837	0.03284577080165	TRUE	TRUE	TRUE	""	-2.29184291830797	0.173214930697365	-2.63338558180636	-1.95030025480958	3.46852312654637e-29	6.55866191201495e-29	3.71891014227435e-28	TRUE	TRUE	TRUE	201.864616908148	6.36002600615587	"ICGC-LIRI-JP"	TRUE
"10449"	"ACAA2"	"ACAA2"	"current_symbol"	"current symbol present in frozen matrix"	"intermediate"	74	-0.805660746209632	0.0329225246412599	TRUE	TRUE	TRUE	""	-1.55135800762835	0.0944977712261939	-1.73768732894791	-1.36502868630878	4.9472315082827e-39	2.14380032025584e-38	1.28342857077473e-37	TRUE	TRUE	TRUE	201.864616908148	8.3725545829334	"ICGC-LIRI-JP"	TRUE
"6913"	"TBX15"	"TBX15"	"current_symbol"	"current symbol present in frozen matrix"	"intermediate"	75	-1.02648636651222	0.0329584701409357	TRUE	TRUE	TRUE	""	-2.17690819107162	0.165674710408274	-2.50358315863564	-1.85023322350759	6.6590734616002e-29	1.21498884211653e-28	6.98877704459591e-28	TRUE	TRUE	TRUE	201.864616908148	3.80060547891055	"ICGC-LIRI-JP"	TRUE
"29968"	"PSAT1"	"PSAT1"	"current_symbol"	"current symbol present in frozen matrix"	"intermediate"	76	-0.692243644646195	0.0329832488358709	TRUE	TRUE	TRUE	""	-1.38108276813433	0.135527030907089	-1.64831298279122	-1.11385255347743	6.11336472728609e-20	7.66011965828619e-20	3.12086382398226e-19	TRUE	TRUE	TRUE	201.864616908148	6.16861124420497	"ICGC-LIRI-JP"	TRUE
"6347"	"CCL2"	"CCL2"	"current_symbol"	"current symbol present in frozen matrix"	"intermediate"	77	-1.13490660492001	0.0335358574938648	TRUE	TRUE	TRUE	""	-1.81711822525545	0.15742097152159	-2.12751859136434	-1.50671785914656	5.35141141999311e-24	7.83868715041244e-24	3.74831216833611e-23	TRUE	TRUE	TRUE	201.864616908148	4.69050296778556	"ICGC-LIRI-JP"	TRUE
"115353"	"LRRC42"	"LRRC42"	"current_symbol"	"current symbol present in frozen matrix"	"intermediate"	78	0.637937177006998	0.0338071787206911	TRUE	TRUE	TRUE	""	0.569260851597455	0.0474958264288327	0.47560927665382	0.662912426541091	2.38792836252776e-25	3.65212573092481e-25	1.86044998389693e-24	TRUE	TRUE	TRUE	201.864616908148	4.36152903137458	"ICGC-LIRI-JP"	TRUE
"7764"	"ZNF217"	"ZNF217"	"current_symbol"	"current symbol present in frozen matrix"	"intermediate"	79	0.603953013036935	0.0342233295263454	TRUE	TRUE	TRUE	""	0.202950244922208	0.0565665779637219	0.0914130949494147	0.314487394895002	0.000418458135532131	0.000418458135532131	0.000651469736702866	TRUE	TRUE	TRUE	201.864616908148	5.19812641997402	"ICGC-LIRI-JP"	TRUE
"3294"	"HSD17B2"	"HSD17B2"	"current_symbol"	"current symbol present in frozen matrix"	"intermediate"	80	-1.08881372069727	0.0358204382963748	TRUE	TRUE	TRUE	""	-1.83430206373625	0.126568634193612	-2.08386824295534	-1.58473588451717	4.2788332175186e-33	9.67388379612901e-33	6.3406017809064e-32	TRUE	TRUE	TRUE	201.864616908148	6.31715958908513	"ICGC-LIRI-JP"	TRUE
"92912"	"UBE2Q2"	"UBE2Q2"	"current_symbol"	"current symbol present in frozen matrix"	"intermediate"	81	0.677866563077852	0.0361588269628663	TRUE	TRUE	TRUE	""	0.690908023573645	0.0825758439229676	0.528086183905831	0.853729863241459	9.70084485687219e-15	1.06198722643653e-14	3.39986328350321e-14	TRUE	TRUE	TRUE	201.864616908148	3.66148434407146	"ICGC-LIRI-JP"	TRUE
"283537"	"SLC46A3"	"SLC46A3"	"current_symbol"	"current symbol present in frozen matrix"	"intermediate"	82	-1.37062712997461	0.0363612455553973	TRUE	TRUE	TRUE	""	-1.57915779949627	0.129150572275091	-1.83381500641017	-1.32450059258237	4.33180991329024e-26	6.93089586126439e-26	3.57194364089927e-25	TRUE	TRUE	TRUE	201.864616908148	5.473302726378	"ICGC-LIRI-JP"	TRUE
"252995"	"FNDC5"	"FNDC5"	"current_symbol"	"current symbol present in frozen matrix"	"intermediate"	83	-0.877335213949898	0.0370088281983207	TRUE	TRUE	TRUE	""	-1.10305497023864	0.192891828225635	-1.48339625210171	-0.722713688375579	3.8295747609488e-08	3.90466446214387e-08	8.28827559255671e-08	TRUE	TRUE	TRUE	201.864616908148	3.26628093178836	"ICGC-LIRI-JP"	TRUE
"6309"	"SC5D"	"SC5D"	"unmapped"	""	"intermediate"	84	-0.703332375281895	0.0371188005555073	FALSE	FALSE	FALSE	"absent_after_identifier_harmonization"	NA	NA	NA	NA	NA	NA	NA	NA	FALSE	FALSE	NA	NA	NA	TRUE
"154661"	"RUNDC3B"	"RUNDC3B"	"current_symbol"	"current symbol present in frozen matrix"	"intermediate"	85	-0.952996989696355	0.037290842144754	TRUE	TRUE	TRUE	""	-0.814600556221917	0.121297434069094	-1.05377306023579	-0.57542805220804	1.86103425646696e-10	1.91631250170855e-10	4.78244535458838e-10	TRUE	TRUE	TRUE	201.864616908148	2.90078601475955	"ICGC-LIRI-JP"	TRUE
"3020"	"H3-3A"	"H3-3A"	"unmapped"	""	"intermediate"	86	0.632215894089263	0.037290842144754	FALSE	FALSE	FALSE	"absent_after_identifier_harmonization"	NA	NA	NA	NA	NA	NA	NA	NA	FALSE	FALSE	NA	NA	NA	TRUE
"284018"	"C17orf58"	"C17orf58"	"current_symbol"	"current symbol present in frozen matrix"	"intermediate"	87	0.585575810999466	0.037290842144754	TRUE	TRUE	TRUE	""	0.852690382758928	0.0562189394023368	0.74183870141007	0.963542064107786	3.48596392710385e-35	9.06350621047001e-35	6.24665369270749e-34	TRUE	TRUE	TRUE	201.864616908148	3.13100196582187	"ICGC-LIRI-JP"	TRUE
"201895"	"SMIM14"	"SMIM14"	"unmapped"	""	"intermediate"	88	-0.696498990351458	0.0375669709214474	FALSE	FALSE	FALSE	"absent_after_identifier_harmonization"	NA	NA	NA	NA	NA	NA	NA	NA	FALSE	FALSE	NA	NA	NA	TRUE
"994"	"CDC25B"	"CDC25B"	"current_symbol"	"current symbol present in frozen matrix"	"intermediate"	89	0.605471944570272	0.0375669709214474	TRUE	TRUE	TRUE	""	0.61435900411247	0.0630728496415156	0.489992882934184	0.738725125290755	1.27141477206045e-18	1.53752484063124e-18	5.87668738564266e-18	TRUE	TRUE	TRUE	201.864616908148	5.00213309763351	"ICGC-LIRI-JP"	TRUE
"57149"	"LYRM1"	"LYRM1"	"current_symbol"	"current symbol present in frozen matrix"	"intermediate"	90	-0.699371459872506	0.0381589527724517	TRUE	TRUE	TRUE	""	-0.847793969243082	0.0585139391251943	-0.963170897433636	-0.732417041052528	4.39632478121881e-33	9.72803781376077e-33	6.50972253182308e-32	TRUE	TRUE	TRUE	201.864616908148	5.25249351191643	"ICGC-LIRI-JP"	TRUE
"128346"	"C1orf162"	"C1orf162"	"current_symbol"	"current symbol present in frozen matrix"	"intermediate"	91	-1.0024802936337	0.038466853844165	TRUE	TRUE	TRUE	""	-1.18200956041705	0.0895094874848197	-1.35850305691219	-1.00551606392191	4.16844985542452e-29	7.74140687435982e-29	4.44473884584192e-28	TRUE	TRUE	TRUE	201.864616908148	3.73556473411002	"ICGC-LIRI-JP"	TRUE
"201799"	"TMEM154"	"TMEM154"	"current_symbol"	"current symbol present in frozen matrix"	"intermediate"	92	-0.741373414196669	0.038466853844165	TRUE	TRUE	TRUE	""	-1.61828859470864	0.141621237158744	-1.89753527599875	-1.33904191341854	1.2064642029261e-23	1.69557131222047e-23	8.20115971873157e-23	TRUE	TRUE	TRUE	201.864616908148	1.31042843178433	"ICGC-LIRI-JP"	TRUE
"389432"	"SAMD5"	"SAMD5"	"current_symbol"	"current symbol present in frozen matrix"	"intermediate"	93	-0.839367663536335	0.0385018662795669	TRUE	TRUE	TRUE	""	-2.01191390388826	0.167845854177215	-2.342869900938	-1.68095790683851	2.36807675050163e-25	3.65212573092481e-25	1.84572651439622e-24	TRUE	TRUE	TRUE	201.864616908148	2.71038311870948	"ICGC-LIRI-JP"	TRUE
"57600"	"FNIP2"	"FNIP2"	"current_symbol"	"current symbol present in frozen matrix"	"intermediate"	94	-0.69264250154225	0.0385143951760701	TRUE	TRUE	TRUE	""	-0.907119294624434	0.0953856779467332	-1.09519937741156	-0.719039211837306	5.90849685796415e-18	6.75256783767332e-18	2.59820812752057e-17	TRUE	TRUE	TRUE	201.864616908148	4.53370206378723	"ICGC-LIRI-JP"	TRUE
"5342"	"PLGLB2"	"PLGLB2"	"current_symbol"	"current symbol present in frozen matrix"	"intermediate"	95	-0.854252149275789	0.0386378144641048	TRUE	TRUE	TRUE	""	-1.75977511051963	0.119534044666484	-1.99547058913548	-1.52407963190378	8.32867607346591e-34	2.01437746893129e-33	1.3222841760074e-32	TRUE	TRUE	TRUE	201.864616908148	3.60465908287437	"ICGC-LIRI-JP"	TRUE
"57406"	"ABHD6"	"ABHD6"	"current_symbol"	"current symbol present in frozen matrix"	"intermediate"	96	-0.744159262239815	0.0387552161541325	TRUE	TRUE	TRUE	""	-1.05353733474795	0.082864281167049	-1.21692791074929	-0.890146758746621	1.3751977189808e-27	2.38367604623339e-27	1.28882331503319e-26	TRUE	TRUE	TRUE	201.864616908148	5.13154796505736	"ICGC-LIRI-JP"	TRUE
"4060"	"LUM"	"LUM"	"current_symbol"	"current symbol present in frozen matrix"	"intermediate"	97	-0.72401345968857	0.0398601464367114	TRUE	TRUE	TRUE	""	-1.68883418292438	0.238611216508299	-2.15932428501161	-1.21834408083715	2.3694879314873e-11	2.46426744874679e-11	6.54441272128925e-11	TRUE	TRUE	TRUE	201.864616908148	5.03615041488633	"ICGC-LIRI-JP"	TRUE
"27289"	"RND1"	"RND1"	"current_symbol"	"current symbol present in frozen matrix"	"intermediate"	98	-0.638003132842401	0.0403714061893813	TRUE	TRUE	TRUE	""	-1.17723997861041	0.135673722331473	-1.44475943726951	-0.909720519951316	1.35443639873291e-15	1.49852537732152e-15	5.03794111564059e-15	TRUE	TRUE	TRUE	201.864616908148	5.67072627481485	"ICGC-LIRI-JP"	TRUE
"3697"	"ITIH1"	"ITIH1"	"current_symbol"	"current symbol present in frozen matrix"	"intermediate"	99	-0.837234776025658	0.0403853524769091	TRUE	TRUE	TRUE	""	-2.19825833361356	0.229812628505024	-2.65139950873725	-1.74511715848987	4.08824988660775e-18	4.7772807663731e-18	1.82261921344206e-17	TRUE	TRUE	TRUE	201.864616908148	9.77478553238238	"ICGC-LIRI-JP"	TRUE
"25903"	"OLFML2B"	"OLFML2B"	"current_symbol"	"current symbol present in frozen matrix"	"intermediate"	100	0.629426057186168	0.0407090452218885	TRUE	TRUE	TRUE	""	2.34696940780058	0.141423379782073	2.06811285878804	2.62582595681313	1.40578475327862e-39	6.96198163528459e-39	3.84811206933537e-38	TRUE	TRUE	TRUE	201.864616908148	1.26136116546377	"ICGC-LIRI-JP"	TRUE
"7057"	"THBS1"	"THBS1"	"current_symbol"	"current symbol present in frozen matrix"	"intermediate"	101	-0.791375180107484	0.0407522433763736	TRUE	TRUE	TRUE	""	-1.70318381660188	0.147937127431234	-1.99488407783076	-1.41148355537299	6.60987749065556e-24	9.54760081983581e-24	4.58005582086133e-23	TRUE	TRUE	TRUE	201.864616908148	7.05694243312464	"ICGC-LIRI-JP"	TRUE
"5050"	"PAFAH1B3"	"PAFAH1B3"	"current_symbol"	"current symbol present in frozen matrix"	"intermediate"	102	0.816991557246348	0.0416629427462599	TRUE	TRUE	TRUE	""	1.52127357687357	0.0967144953216386	1.33057335144804	1.71197380229911	6.40918004113312e-37	2.29846456647533e-36	1.34822675365271e-35	TRUE	TRUE	TRUE	201.864616908148	1.94153234605996	"ICGC-LIRI-JP"	TRUE
"22822"	"PHLDA1"	"PHLDA1"	"current_symbol"	"current symbol present in frozen matrix"	"intermediate"	103	-0.749756055180773	0.0418973475000115	TRUE	TRUE	TRUE	""	-1.98704136778938	0.102198599459786	-2.18855506943607	-1.78552766614269	3.84284868600079e-48	4.99570329180103e-47	2.61868488099202e-46	TRUE	TRUE	TRUE	201.864616908148	6.75499907435003	"ICGC-LIRI-JP"	TRUE
"29958"	"DMGDH"	"DMGDH"	"current_symbol"	"current symbol present in frozen matrix"	"intermediate"	104	-0.894292651948564	0.0427180675803318	TRUE	TRUE	TRUE	""	-1.85037465781164	0.170128163113463	-2.18583087819591	-1.51491843742737	5.547624548052e-22	7.396832730736e-22	3.34152436596484e-21	TRUE	TRUE	TRUE	201.864616908148	6.27462047023734	"ICGC-LIRI-JP"	TRUE
"55526"	"DHTKD1"	"DHTKD1"	"current_symbol"	"current symbol present in frozen matrix"	"intermediate"	105	-0.683853366313665	0.0427180675803318	TRUE	TRUE	TRUE	""	-0.815700398671091	0.0975193584097643	-1.00798764134602	-0.623413155996162	9.85190649393095e-15	1.06728987017585e-14	3.44968240233482e-14	TRUE	TRUE	TRUE	201.864616908148	7.07156997104084	"ICGC-LIRI-JP"	TRUE
"55256"	"ADI1"	"ADI1"	"current_symbol"	"current symbol present in frozen matrix"	"intermediate"	106	-0.597318446868208	0.0427424242886628	TRUE	TRUE	TRUE	""	-1.11276450641422	0.0997710411606474	-1.30949158415991	-0.916037428668528	8.13521780736395e-23	1.12808353595447e-22	5.23407148357429e-22	TRUE	TRUE	TRUE	201.864616908148	8.43504609597906	"ICGC-LIRI-JP"	TRUE
"6781"	"STC1"	"STC1"	"current_symbol"	"current symbol present in frozen matrix"	"intermediate"	107	0.590796914280522	0.0428873301537611	TRUE	TRUE	TRUE	""	0.936128801817349	0.130012951401261	0.679771168372595	1.1924864352621	1.16334784739918e-11	1.22210278918702e-11	3.28579551820145e-11	TRUE	TRUE	TRUE	201.864616908148	3.26710897043072	"ICGC-LIRI-JP"	TRUE
"50808"	"AK3"	"AK3"	"current_symbol"	"current symbol present in frozen matrix"	"intermediate"	108	-0.592692876044834	0.043171032547501	TRUE	TRUE	TRUE	""	-0.63457740048447	0.0619759383362333	-0.756780648016013	-0.512374152952926	4.39262898957091e-20	5.57113920628506e-20	2.26694796893775e-19	TRUE	TRUE	TRUE	201.864616908148	6.94699593681544	"ICGC-LIRI-JP"	TRUE
"646962"	"HRCT1"	"HRCT1"	"current_symbol"	"current symbol present in frozen matrix"	"intermediate"	109	0.762991524599011	0.0440444050785244	TRUE	TRUE	TRUE	""	2.24482517177117	0.131135246343058	1.98625461359695	2.50339572994538	3.56475285149558e-41	1.951233139766e-40	1.13281875098512e-39	TRUE	TRUE	TRUE	201.864616908148	0.342921558480528	"ICGC-LIRI-JP"	TRUE
"10404"	"CPQ"	"CPQ"	"unmapped"	""	"intermediate"	110	0.587313486987667	0.044161421281225	FALSE	FALSE	FALSE	"absent_after_identifier_harmonization"	NA	NA	NA	NA	NA	NA	NA	NA	FALSE	FALSE	NA	NA	NA	TRUE
"25987"	"TSKU"	"TSKU"	"current_symbol"	"current symbol present in frozen matrix"	"intermediate"	111	-0.761525907555659	0.0442480793245133	TRUE	TRUE	TRUE	""	-0.710426007235753	0.136058156039988	-0.978703486651009	-0.442148527820498	4.39910099779026e-07	4.44181071621541e-07	8.76423734921092e-07	TRUE	TRUE	TRUE	201.864616908148	6.87450090728621	"ICGC-LIRI-JP"	TRUE
"124"	"ADH1A"	"ADH1A"	"current_symbol"	"current symbol present in frozen matrix"	"intermediate"	112	-1.16139295462948	0.0443988379115687	TRUE	TRUE	TRUE	""	-3.17477996151947	0.229617861737532	-3.62753709838352	-2.72202282465543	4.97166413949681e-31	1.05521034797483e-30	6.2356847758705e-30	TRUE	TRUE	TRUE	201.864616908148	8.67452909956429	"ICGC-LIRI-JP"	TRUE
"875"	"CBS"	"CBS"	"current_symbol"	"current symbol present in frozen matrix"	"intermediate"	113	-0.845553526480472	0.0447030833663977	TRUE	TRUE	TRUE	""	-1.69217718667962	0.13479992472015	-1.95797370400608	-1.42638066935317	4.3048622632161e-27	7.10643929165832e-27	3.86061164874983e-26	TRUE	TRUE	TRUE	201.864616908148	7.43489946343369	"ICGC-LIRI-JP"	TRUE
"339324"	"ZNF260"	"ZNF260"	"current_symbol"	"current symbol present in frozen matrix"	"intermediate"	114	0.594755296425619	0.0454102396850823	TRUE	TRUE	TRUE	""	0.483692822267877	0.0421622787352063	0.400557858553094	0.566827785982659	8.78934238915238e-24	1.25218028557787e-23	6.02978175318206e-23	TRUE	TRUE	TRUE	201.864616908148	3.7054520598826	"ICGC-LIRI-JP"	TRUE
"6694"	"SPP2"	"SPP2"	"current_symbol"	"current symbol present in frozen matrix"	"intermediate"	115	-1.71692805258778	0.0463054557231985	TRUE	TRUE	TRUE	""	-2.88860037071671	0.197984560635026	-3.27898342775808	-2.49821731367535	2.13434921996768e-33	5.04482542901452e-33	3.26530122166281e-32	TRUE	TRUE	TRUE	201.864616908148	5.87824824236953	"ICGC-LIRI-JP"	TRUE
"2542"	"SLC37A4"	"SLC37A4"	"current_symbol"	"current symbol present in frozen matrix"	"intermediate"	116	-0.737328664952706	0.0469049727783672	TRUE	TRUE	TRUE	""	-0.91690151260574	0.0787736451956931	-1.07222623250891	-0.761576792702575	2.71792754830496e-24	4.03806378605308e-24	1.94167780887212e-23	TRUE	TRUE	TRUE	201.864616908148	6.89013016062498	"ICGC-LIRI-JP"	TRUE
"83643"	"CCDC3"	"CCDC3"	"current_symbol"	"current symbol present in frozen matrix"	"intermediate"	117	-0.731106855078824	0.0480643462758048	TRUE	TRUE	TRUE	""	-1.60984231610115	0.117240364203715	-1.84101514917303	-1.37866948302928	9.8107760472476e-31	2.0406414178275e-30	1.20169587874926e-29	TRUE	TRUE	TRUE	201.864616908148	3.90660672482428	"ICGC-LIRI-JP"	TRUE
"26022"	"TMEM98"	"TMEM98"	"current_symbol"	"current symbol present in frozen matrix"	"intermediate"	118	0.621009792964563	0.0482249769148412	TRUE	TRUE	TRUE	""	0.970147825504528	0.10036474282287	0.77225009551643	1.16804555549263	2.08856300980831e-18	2.46830173886437e-18	9.49271017586197e-18	TRUE	TRUE	TRUE	201.864616908148	4.26994194303399	"ICGC-LIRI-JP"	TRUE
"51066"	"SSUH2"	"SSUH2"	"unmapped"	""	"intermediate"	119	0.738657692805928	0.0493877979346011	FALSE	FALSE	FALSE	"absent_after_identifier_harmonization"	NA	NA	NA	NA	NA	NA	NA	NA	FALSE	FALSE	NA	NA	NA	TRUE
