gse	gsm	platform	assay	title	source_name	group	patient_id	pair_id_source	pairing_confidence	paired_candidate	complete_pair	status	exclusion_reason	metadata_source
GSE121248	GSM3428716	GPL570	expression_array	Tumor (HCC 17T)	Tumor sample from hepatocellular carcinoma patient	tumor	17	GEO characteristic: individual id	high	yes	no	include		NCBI GEO GSE121248 full SOFT export
GSE121248	GSM3428717	GPL570	expression_array	Tumor (HCC 32T)	Tumor sample from hepatocellular carcinoma patient	tumor	32	GEO characteristic: individual id	high	yes	no	include		NCBI GEO GSE121248 full SOFT export
GSE121248	GSM3428718	GPL570	expression_array	Tumor (HCC 37T)	Tumor sample from hepatocellular carcinoma patient	tumor	37	GEO characteristic: individual id	high	yes	no	include		NCBI GEO GSE121248 full SOFT export
GSE121248	GSM3428719	GPL570	expression_array	Tumor (HCC 38T)	Tumor sample from hepatocellular carcinoma patient	tumor	38	GEO characteristic: individual id	high	yes	no	include		NCBI GEO GSE121248 full SOFT export
GSE121248	GSM3428720	GPL570	expression_array	Tumor (HCC 40T)	Tumor sample from hepatocellular carcinoma patient	tumor	40	GEO characteristic: individual id	high	yes	no	include		NCBI GEO GSE121248 full SOFT export
GSE121248	GSM3428721	GPL570	expression_array	Tumor (HCC 42T)	Tumor sample from hepatocellular carcinoma patient	tumor	42	GEO characteristic: individual id	high	yes	no	include		NCBI GEO GSE121248 full SOFT export
GSE121248	GSM3428722	GPL570	expression_array	Tumor (HCC 43T)	Tumor sample from hepatocellular carcinoma patient	tumor	43	GEO characteristic: individual id	high	yes	no	include		NCBI GEO GSE121248 full SOFT export
GSE121248	GSM3428723	GPL570	expression_array	Tumor (HCC 44T)	Tumor sample from hepatocellular carcinoma patient	tumor	44	GEO characteristic: individual id	high	yes	no	include		NCBI GEO GSE121248 full SOFT export
GSE121248	GSM3428724	GPL570	expression_array	Tumor (HCC 45T)	Tumor sample from hepatocellular carcinoma patient	tumor	45	GEO characteristic: individual id	high	yes	no	include		NCBI GEO GSE121248 full SOFT export
GSE121248	GSM3428725	GPL570	expression_array	Tumor (HCC 53T)	Tumor sample from hepatocellular carcinoma patient	tumor	53	GEO characteristic: individual id	high	yes	yes	include		NCBI GEO GSE121248 full SOFT export
GSE121248	GSM3428726	GPL570	expression_array	Tumor (HCC 54T)	Tumor sample from hepatocellular carcinoma patient	tumor	54	GEO characteristic: individual id	high	yes	no	include		NCBI GEO GSE121248 full SOFT export
GSE121248	GSM3428727	GPL570	expression_array	Tumor (HCC 55T)	Tumor sample from hepatocellular carcinoma patient	tumor	55	GEO characteristic: individual id	high	yes	no	include		NCBI GEO GSE121248 full SOFT export
GSE121248	GSM3428728	GPL570	expression_array	Tumor (HCC 56T)	Tumor sample from hepatocellular carcinoma patient	tumor	56	GEO characteristic: individual id	high	yes	yes	include		NCBI GEO GSE121248 full SOFT export
GSE121248	GSM3428729	GPL570	expression_array	Tumor (HCC 60T)	Tumor sample from hepatocellular carcinoma patient	tumor	60	GEO characteristic: individual id	high	yes	yes	include		NCBI GEO GSE121248 full SOFT export
GSE121248	GSM3428730	GPL570	expression_array	Tumor (HCC 62T)	Tumor sample from hepatocellular carcinoma patient	tumor	62	GEO characteristic: individual id	high	yes	yes	include		NCBI GEO GSE121248 full SOFT export
GSE121248	GSM3428731	GPL570	expression_array	Tumor (HCC 64T)	Tumor sample from hepatocellular carcinoma patient	tumor	64	GEO characteristic: individual id	high	yes	yes	include		NCBI GEO GSE121248 full SOFT export
GSE121248	GSM3428732	GPL570	expression_array	Tumor (HCC 65T)	Tumor sample from hepatocellular carcinoma patient	tumor	65	GEO characteristic: individual id	high	yes	yes	include		NCBI GEO GSE121248 full SOFT export
GSE121248	GSM3428733	GPL570	expression_array	Tumor (HCC 66T)	Tumor sample from hepatocellular carcinoma patient	tumor	66	GEO characteristic: individual id	high	yes	yes	include		NCBI GEO GSE121248 full SOFT export
GSE121248	GSM3428734	GPL570	expression_array	Tumor (HCC 67T)	Tumor sample from hepatocellular carcinoma patient	tumor	67	GEO characteristic: individual id	high	yes	yes	include		NCBI GEO GSE121248 full SOFT export
GSE121248	GSM3428735	GPL570	expression_array	Tumor (HCC 68T)	Tumor sample from hepatocellular carcinoma patient	tumor	68	GEO characteristic: individual id	high	yes	yes	include		NCBI GEO GSE121248 full SOFT export
GSE121248	GSM3428736	GPL570	expression_array	Tumor (HCC 71T)	Tumor sample from hepatocellular carcinoma patient	tumor	71	GEO characteristic: individual id	high	yes	yes	include		NCBI GEO GSE121248 full SOFT export
GSE121248	GSM3428737	GPL570	expression_array	Tumor (HCC 72T)	Tumor sample from hepatocellular carcinoma patient	tumor	72	GEO characteristic: individual id	high	yes	yes	include		NCBI GEO GSE121248 full SOFT export
GSE121248	GSM3428738	GPL570	expression_array	Tumor (HCC 73T)	Tumor sample from hepatocellular carcinoma patient	tumor	73	GEO characteristic: individual id	high	yes	yes	include		NCBI GEO GSE121248 full SOFT export
GSE121248	GSM3428739	GPL570	expression_array	Tumor (HCC 75T)	Tumor sample from hepatocellular carcinoma patient	tumor	75	GEO characteristic: individual id	high	yes	yes	include		NCBI GEO GSE121248 full SOFT export
GSE121248	GSM3428740	GPL570	expression_array	Tumor (HCC 77T)	Tumor sample from hepatocellular carcinoma patient	tumor	77	GEO characteristic: individual id	high	yes	yes	include		NCBI GEO GSE121248 full SOFT export
GSE121248	GSM3428741	GPL570	expression_array	Tumor (HCC 78T)	Tumor sample from hepatocellular carcinoma patient	tumor	78	GEO characteristic: individual id	high	yes	yes	include		NCBI GEO GSE121248 full SOFT export
GSE121248	GSM3428742	GPL570	expression_array	Tumor (HCC 79T)	Tumor sample from hepatocellular carcinoma patient	tumor	79	GEO characteristic: individual id	high	yes	yes	include		NCBI GEO GSE121248 full SOFT export
GSE121248	GSM3428743	GPL570	expression_array	Tumor (HCC 80T)	Tumor sample from hepatocellular carcinoma patient	tumor	80	GEO characteristic: individual id	high	yes	yes	include		NCBI GEO GSE121248 full SOFT export
GSE121248	GSM3428744	GPL570	expression_array	Tumor (HCC 81T)	Tumor sample from hepatocellular carcinoma patient	tumor	81	GEO characteristic: individual id	high	yes	yes	include		NCBI GEO GSE121248 full SOFT export
GSE121248	GSM3428745	GPL570	expression_array	Tumor (HCC 82T)	Tumor sample from hepatocellular carcinoma patient	tumor	82	GEO characteristic: individual id	high	yes	yes	include		NCBI GEO GSE121248 full SOFT export
GSE121248	GSM3428746	GPL570	expression_array	Tumor (HCC 83T)	Tumor sample from hepatocellular carcinoma patient	tumor	83	GEO characteristic: individual id	high	yes	yes	include		NCBI GEO GSE121248 full SOFT export
GSE121248	GSM3428747	GPL570	expression_array	Tumor (HCC 84T)	Tumor sample from hepatocellular carcinoma patient	tumor	84	GEO characteristic: individual id	high	yes	yes	include		NCBI GEO GSE121248 full SOFT export
GSE121248	GSM3428748	GPL570	expression_array	Tumor (HCC 85T)	Tumor sample from hepatocellular carcinoma patient	tumor	85	GEO characteristic: individual id	high	yes	yes	include		NCBI GEO GSE121248 full SOFT export
GSE121248	GSM3428749	GPL570	expression_array	Tumor (HCC 87T)	Tumor sample from hepatocellular carcinoma patient	tumor	87	GEO characteristic: individual id	high	yes	no	include		NCBI GEO GSE121248 full SOFT export
GSE121248	GSM3428750	GPL570	expression_array	Tumor (HCC 88T)	Tumor sample from hepatocellular carcinoma patient	tumor	88	GEO characteristic: individual id	high	yes	no	include		NCBI GEO GSE121248 full SOFT export
GSE121248	GSM3428751	GPL570	expression_array	Tumor (HCC 89T)	Tumor sample from hepatocellular carcinoma patient	tumor	89	GEO characteristic: individual id	high	yes	no	include		NCBI GEO GSE121248 full SOFT export
GSE121248	GSM3428752	GPL570	expression_array	Tumor (HCC 92T)	Tumor sample from hepatocellular carcinoma patient	tumor	92	GEO characteristic: individual id	high	yes	no	include		NCBI GEO GSE121248 full SOFT export
GSE121248	GSM3428753	GPL570	expression_array	Tumor (HCC 93T)	Tumor sample from hepatocellular carcinoma patient	tumor	93	GEO characteristic: individual id	high	yes	no	include		NCBI GEO GSE121248 full SOFT export
GSE121248	GSM3428754	GPL570	expression_array	Tumor (HCC 95T)	Tumor sample from hepatocellular carcinoma patient	tumor	95	GEO characteristic: individual id	high	yes	no	include		NCBI GEO GSE121248 full SOFT export
GSE121248	GSM3428755	GPL570	expression_array	Tumor (HCC 97T)	Tumor sample from hepatocellular carcinoma patient	tumor	97	GEO characteristic: individual id	high	yes	no	include		NCBI GEO GSE121248 full SOFT export
GSE121248	GSM3428756	GPL570	expression_array	Tumor (HCC 101T)	Tumor sample from hepatocellular carcinoma patient	tumor	101	GEO characteristic: individual id	high	yes	no	include		NCBI GEO GSE121248 full SOFT export
GSE121248	GSM3428757	GPL570	expression_array	Tumor (HCC 102T)	Tumor sample from hepatocellular carcinoma patient	tumor	102	GEO characteristic: individual id	high	yes	no	include		NCBI GEO GSE121248 full SOFT export
GSE121248	GSM3428758	GPL570	expression_array	Tumor (HCC 104T)	Tumor sample from hepatocellular carcinoma patient	tumor	104	GEO characteristic: individual id	high	yes	no	include		NCBI GEO GSE121248 full SOFT export
GSE121248	GSM3428759	GPL570	expression_array	Tumor (HCC 106T)	Tumor sample from hepatocellular carcinoma patient	tumor	106	GEO characteristic: individual id	high	yes	no	include		NCBI GEO GSE121248 full SOFT export
GSE121248	GSM3428760	GPL570	expression_array	Tumor (HCC 107T)	Tumor sample from hepatocellular carcinoma patient	tumor	107	GEO characteristic: individual id	high	yes	no	include		NCBI GEO GSE121248 full SOFT export
GSE121248	GSM3428761	GPL570	expression_array	Tumor (HCC 108T)	Tumor sample from hepatocellular carcinoma patient	tumor	108	GEO characteristic: individual id	high	yes	no	include		NCBI GEO GSE121248 full SOFT export
GSE121248	GSM3428762	GPL570	expression_array	Tumor (HCC 126T)	Tumor sample from hepatocellular carcinoma patient	tumor	126	GEO characteristic: individual id	high	yes	no	include		NCBI GEO GSE121248 full SOFT export
GSE121248	GSM3428763	GPL570	expression_array	Tumor (HCC 127T)	Tumor sample from hepatocellular carcinoma patient	tumor	127	GEO characteristic: individual id	high	yes	no	include		NCBI GEO GSE121248 full SOFT export
GSE121248	GSM3428764	GPL570	expression_array	Tumor (HCC 132T)	Tumor sample from hepatocellular carcinoma patient	tumor	132	GEO characteristic: individual id	high	yes	no	include		NCBI GEO GSE121248 full SOFT export
GSE121248	GSM3428765	GPL570	expression_array	Tumor (HCC 133T)	Tumor sample from hepatocellular carcinoma patient	tumor	133	GEO characteristic: individual id	high	yes	no	include		NCBI GEO GSE121248 full SOFT export
GSE121248	GSM3428766	GPL570	expression_array	Tumor (HCC 146T)	Tumor sample from hepatocellular carcinoma patient	tumor	146	GEO characteristic: individual id	high	yes	no	include		NCBI GEO GSE121248 full SOFT export
GSE121248	GSM3428767	GPL570	expression_array	Tumor (HCC 152T)	Tumor sample from hepatocellular carcinoma patient	tumor	152	GEO characteristic: individual id	high	yes	no	include		NCBI GEO GSE121248 full SOFT export
GSE121248	GSM3428768	GPL570	expression_array	Tumor (HCC 154T)	Tumor sample from hepatocellular carcinoma patient	tumor	154	GEO characteristic: individual id	high	yes	no	include		NCBI GEO GSE121248 full SOFT export
GSE121248	GSM3428769	GPL570	expression_array	Tumor (HCC 157T)	Tumor sample from hepatocellular carcinoma patient	tumor	157	GEO characteristic: individual id	high	yes	no	include		NCBI GEO GSE121248 full SOFT export
GSE121248	GSM3428770	GPL570	expression_array	Tumor (HCC 162T)	Tumor sample from hepatocellular carcinoma patient	tumor	162	GEO characteristic: individual id	high	yes	yes	include		NCBI GEO GSE121248 full SOFT export
GSE121248	GSM3428771	GPL570	expression_array	Tumor (HCC 165T)	Tumor sample from hepatocellular carcinoma patient	tumor	165	GEO characteristic: individual id	high	yes	yes	include		NCBI GEO GSE121248 full SOFT export
GSE121248	GSM3428772	GPL570	expression_array	Tumor (HCC 166T)	Tumor sample from hepatocellular carcinoma patient	tumor	166	GEO characteristic: individual id	high	yes	yes	include		NCBI GEO GSE121248 full SOFT export
GSE121248	GSM3428773	GPL570	expression_array	Tumor (HCC 167T)	Tumor sample from hepatocellular carcinoma patient	tumor	167	GEO characteristic: individual id	high	yes	yes	include		NCBI GEO GSE121248 full SOFT export
GSE121248	GSM3428774	GPL570	expression_array	Tumor (HCC 168T)	Tumor sample from hepatocellular carcinoma patient	tumor	168	GEO characteristic: individual id	high	yes	yes	include		NCBI GEO GSE121248 full SOFT export
GSE121248	GSM3428775	GPL570	expression_array	Tumor (HCC 169T)	Tumor sample from hepatocellular carcinoma patient	tumor	169	GEO characteristic: individual id	high	yes	yes	include		NCBI GEO GSE121248 full SOFT export
GSE121248	GSM3428776	GPL570	expression_array	Tumor (HCC 170T)	Tumor sample from hepatocellular carcinoma patient	tumor	170	GEO characteristic: individual id	high	yes	yes	include		NCBI GEO GSE121248 full SOFT export
GSE121248	GSM3428777	GPL570	expression_array	Tumor (HCC 171T)	Tumor sample from hepatocellular carcinoma patient	tumor	171	GEO characteristic: individual id	high	yes	yes	include		NCBI GEO GSE121248 full SOFT export
GSE121248	GSM3428778	GPL570	expression_array	Tumor (HCC 172T)	Tumor sample from hepatocellular carcinoma patient	tumor	172	GEO characteristic: individual id	high	yes	yes	include		NCBI GEO GSE121248 full SOFT export
GSE121248	GSM3428779	GPL570	expression_array	Tumor (HCC 173T)	Tumor sample from hepatocellular carcinoma patient	tumor	173	GEO characteristic: individual id	high	yes	yes	include		NCBI GEO GSE121248 full SOFT export
GSE121248	GSM3428780	GPL570	expression_array	Tumor (HCC 174T)	Tumor sample from hepatocellular carcinoma patient	tumor	174	GEO characteristic: individual id	high	yes	yes	include		NCBI GEO GSE121248 full SOFT export
GSE121248	GSM3428781	GPL570	expression_array	Tumor (HCC 175T)	Tumor sample from hepatocellular carcinoma patient	tumor	175	GEO characteristic: individual id	high	yes	yes	include		NCBI GEO GSE121248 full SOFT export
GSE121248	GSM3428782	GPL570	expression_array	Tumor (HCC 176T)	Tumor sample from hepatocellular carcinoma patient	tumor	176	GEO characteristic: individual id	high	yes	yes	include		NCBI GEO GSE121248 full SOFT export
GSE121248	GSM3428783	GPL570	expression_array	Tumor (HCC 177T)	Tumor sample from hepatocellular carcinoma patient	tumor	177	GEO characteristic: individual id	high	yes	yes	include		NCBI GEO GSE121248 full SOFT export
GSE121248	GSM3428784	GPL570	expression_array	Tumor (HCC 178T)	Tumor sample from hepatocellular carcinoma patient	tumor	178	GEO characteristic: individual id	high	yes	yes	include		NCBI GEO GSE121248 full SOFT export
GSE121248	GSM3428785	GPL570	expression_array	Tumor (HCC 179T)	Tumor sample from hepatocellular carcinoma patient	tumor	179	GEO characteristic: individual id	high	yes	no	include		NCBI GEO GSE121248 full SOFT export
GSE121248	GSM3428786	GPL570	expression_array	Adjacent Normal (HCC 53N)	Adjacent Normal sample from hepatocellular carcinoma patient	control	53	GEO characteristic: individual id	high	yes	yes	include		NCBI GEO GSE121248 full SOFT export
GSE121248	GSM3428787	GPL570	expression_array	Adjacent Normal (HCC 56N)	Adjacent Normal sample from hepatocellular carcinoma patient	control	56	GEO characteristic: individual id	high	yes	yes	include		NCBI GEO GSE121248 full SOFT export
GSE121248	GSM3428788	GPL570	expression_array	Adjacent Normal (HCC 60N)	Adjacent Normal sample from hepatocellular carcinoma patient	control	60	GEO characteristic: individual id	high	yes	yes	include		NCBI GEO GSE121248 full SOFT export
GSE121248	GSM3428789	GPL570	expression_array	Adjacent Normal (HCC 62N)	Adjacent Normal sample from hepatocellular carcinoma patient	control	62	GEO characteristic: individual id	high	yes	yes	include		NCBI GEO GSE121248 full SOFT export
GSE121248	GSM3428790	GPL570	expression_array	Adjacent Normal (HCC 64N)	Adjacent Normal sample from hepatocellular carcinoma patient	control	64	GEO characteristic: individual id	high	yes	yes	include		NCBI GEO GSE121248 full SOFT export
GSE121248	GSM3428791	GPL570	expression_array	Adjacent Normal (HCC 65N)	Adjacent Normal sample from hepatocellular carcinoma patient	control	65	GEO characteristic: individual id	high	yes	yes	include		NCBI GEO GSE121248 full SOFT export
GSE121248	GSM3428792	GPL570	expression_array	Adjacent Normal (HCC 66N)	Adjacent Normal sample from hepatocellular carcinoma patient	control	66	GEO characteristic: individual id	high	yes	yes	include		NCBI GEO GSE121248 full SOFT export
GSE121248	GSM3428793	GPL570	expression_array	Adjacent Normal (HCC 67N)	Adjacent Normal sample from hepatocellular carcinoma patient	control	67	GEO characteristic: individual id	high	yes	yes	include		NCBI GEO GSE121248 full SOFT export
GSE121248	GSM3428794	GPL570	expression_array	Adjacent Normal (HCC 68N)	Adjacent Normal sample from hepatocellular carcinoma patient	control	68	GEO characteristic: individual id	high	yes	yes	include		NCBI GEO GSE121248 full SOFT export
GSE121248	GSM3428795	GPL570	expression_array	Adjacent Normal (HCC 71N)	Adjacent Normal sample from hepatocellular carcinoma patient	control	71	GEO characteristic: individual id	high	yes	yes	include		NCBI GEO GSE121248 full SOFT export
GSE121248	GSM3428796	GPL570	expression_array	Adjacent Normal (HCC 72N)	Adjacent Normal sample from hepatocellular carcinoma patient	control	72	GEO characteristic: individual id	high	yes	yes	include		NCBI GEO GSE121248 full SOFT export
GSE121248	GSM3428797	GPL570	expression_array	Adjacent Normal (HCC 73N)	Adjacent Normal sample from hepatocellular carcinoma patient	control	73	GEO characteristic: individual id	high	yes	yes	include		NCBI GEO GSE121248 full SOFT export
GSE121248	GSM3428798	GPL570	expression_array	Adjacent Normal (HCC 75N)	Adjacent Normal sample from hepatocellular carcinoma patient	control	75	GEO characteristic: individual id	high	yes	yes	include		NCBI GEO GSE121248 full SOFT export
GSE121248	GSM3428799	GPL570	expression_array	Adjacent Normal (HCC 77N)	Adjacent Normal sample from hepatocellular carcinoma patient	control	77	GEO characteristic: individual id	high	yes	yes	include		NCBI GEO GSE121248 full SOFT export
GSE121248	GSM3428800	GPL570	expression_array	Adjacent Normal (HCC 78N)	Adjacent Normal sample from hepatocellular carcinoma patient	control	78	GEO characteristic: individual id	high	yes	yes	include		NCBI GEO GSE121248 full SOFT export
GSE121248	GSM3428801	GPL570	expression_array	Adjacent Normal (HCC 79N)	Adjacent Normal sample from hepatocellular carcinoma patient	control	79	GEO characteristic: individual id	high	yes	yes	include		NCBI GEO GSE121248 full SOFT export
GSE121248	GSM3428802	GPL570	expression_array	Adjacent Normal (HCC 80N)	Adjacent Normal sample from hepatocellular carcinoma patient	control	80	GEO characteristic: individual id	high	yes	yes	include		NCBI GEO GSE121248 full SOFT export
GSE121248	GSM3428803	GPL570	expression_array	Adjacent Normal (HCC 81N)	Adjacent Normal sample from hepatocellular carcinoma patient	control	81	GEO characteristic: individual id	high	yes	yes	include		NCBI GEO GSE121248 full SOFT export
GSE121248	GSM3428804	GPL570	expression_array	Adjacent Normal (HCC 82N)	Adjacent Normal sample from hepatocellular carcinoma patient	control	82	GEO characteristic: individual id	high	yes	yes	include		NCBI GEO GSE121248 full SOFT export
GSE121248	GSM3428805	GPL570	expression_array	Adjacent Normal (HCC 83N)	Adjacent Normal sample from hepatocellular carcinoma patient	control	83	GEO characteristic: individual id	high	yes	yes	include		NCBI GEO GSE121248 full SOFT export
GSE121248	GSM3428806	GPL570	expression_array	Adjacent Normal (HCC 84N)	Adjacent Normal sample from hepatocellular carcinoma patient	control	84	GEO characteristic: individual id	high	yes	yes	include		NCBI GEO GSE121248 full SOFT export
GSE121248	GSM3428807	GPL570	expression_array	Adjacent Normal (HCC 85N)	Adjacent Normal sample from hepatocellular carcinoma patient	control	85	GEO characteristic: individual id	high	yes	yes	include		NCBI GEO GSE121248 full SOFT export
GSE121248	GSM3428808	GPL570	expression_array	Adjacent Normal (HCC 162N)	Adjacent Normal sample from hepatocellular carcinoma patient	control	162	GEO characteristic: individual id	high	yes	yes	include		NCBI GEO GSE121248 full SOFT export
GSE121248	GSM3428809	GPL570	expression_array	Adjacent Normal (HCC 165N)	Adjacent Normal sample from hepatocellular carcinoma patient	control	165	GEO characteristic: individual id	high	yes	yes	include		NCBI GEO GSE121248 full SOFT export
GSE121248	GSM3428810	GPL570	expression_array	Adjacent Normal (HCC 166N)	Adjacent Normal sample from hepatocellular carcinoma patient	control	166	GEO characteristic: individual id	high	yes	yes	include		NCBI GEO GSE121248 full SOFT export
GSE121248	GSM3428811	GPL570	expression_array	Adjacent Normal (HCC 167N)	Adjacent Normal sample from hepatocellular carcinoma patient	control	167	GEO characteristic: individual id	high	yes	yes	include		NCBI GEO GSE121248 full SOFT export
GSE121248	GSM3428812	GPL570	expression_array	Adjacent Normal (HCC 168N)	Adjacent Normal sample from hepatocellular carcinoma patient	control	168	GEO characteristic: individual id	high	yes	yes	include		NCBI GEO GSE121248 full SOFT export
GSE121248	GSM3428813	GPL570	expression_array	Adjacent Normal (HCC 169N)	Adjacent Normal sample from hepatocellular carcinoma patient	control	169	GEO characteristic: individual id	high	yes	yes	include		NCBI GEO GSE121248 full SOFT export
GSE121248	GSM3428814	GPL570	expression_array	Adjacent Normal (HCC 170N)	Adjacent Normal sample from hepatocellular carcinoma patient	control	170	GEO characteristic: individual id	high	yes	yes	include		NCBI GEO GSE121248 full SOFT export
GSE121248	GSM3428815	GPL570	expression_array	Adjacent Normal (HCC 171N)	Adjacent Normal sample from hepatocellular carcinoma patient	control	171	GEO characteristic: individual id	high	yes	yes	include		NCBI GEO GSE121248 full SOFT export
GSE121248	GSM3428816	GPL570	expression_array	Adjacent Normal (HCC 172N)	Adjacent Normal sample from hepatocellular carcinoma patient	control	172	GEO characteristic: individual id	high	yes	yes	include		NCBI GEO GSE121248 full SOFT export
GSE121248	GSM3428817	GPL570	expression_array	Adjacent Normal (HCC 173N)	Adjacent Normal sample from hepatocellular carcinoma patient	control	173	GEO characteristic: individual id	high	yes	yes	include		NCBI GEO GSE121248 full SOFT export
GSE121248	GSM3428818	GPL570	expression_array	Adjacent Normal (HCC 174N)	Adjacent Normal sample from hepatocellular carcinoma patient	control	174	GEO characteristic: individual id	high	yes	yes	include		NCBI GEO GSE121248 full SOFT export
GSE121248	GSM3428819	GPL570	expression_array	Adjacent Normal (HCC 175N)	Adjacent Normal sample from hepatocellular carcinoma patient	control	175	GEO characteristic: individual id	high	yes	yes	include		NCBI GEO GSE121248 full SOFT export
GSE121248	GSM3428820	GPL570	expression_array	Adjacent Normal (HCC 176N)	Adjacent Normal sample from hepatocellular carcinoma patient	control	176	GEO characteristic: individual id	high	yes	yes	include		NCBI GEO GSE121248 full SOFT export
GSE121248	GSM3428821	GPL570	expression_array	Adjacent Normal (HCC 177N)	Adjacent Normal sample from hepatocellular carcinoma patient	control	177	GEO characteristic: individual id	high	yes	yes	include		NCBI GEO GSE121248 full SOFT export
GSE121248	GSM3428822	GPL570	expression_array	Adjacent Normal (HCC 178N)	Adjacent Normal sample from hepatocellular carcinoma patient	control	178	GEO characteristic: individual id	high	yes	yes	include		NCBI GEO GSE121248 full SOFT export
GSE45114	GSM1097015	GPL5918	expression_array	Liver_Cancer-HCC_HK009_C_N3vsC5	Liver tissue, Hepatocellular carcinoma	tumor	HK009	GEO characteristic: case_id	high	yes	yes	include		NCBI GEO GSE45114 full SOFT export
GSE45114	GSM1097016	GPL5918	expression_array	Liver_Pericancer_HK009_P_N3vsP5	Liver tissue, Pericancer	control	HK009	GEO characteristic: case_id	high	yes	yes	include		NCBI GEO GSE45114 full SOFT export
GSE45114	GSM1097017	GPL5918	expression_array	Liver_Cancer-HCC_HK014_C_N3vsC5	Liver tissue, Hepatocellular carcinoma	tumor	HK014	GEO characteristic: case_id	high	yes	yes	include		NCBI GEO GSE45114 full SOFT export
GSE45114	GSM1097018	GPL5918	expression_array	Liver_Pericancer_HK014_P_N3vsP5	Liver tissue, Pericancer	control	HK014	GEO characteristic: case_id	high	yes	yes	include		NCBI GEO GSE45114 full SOFT export
GSE45114	GSM1097019	GPL5918	expression_array	Liver_Cancer-HCC_HK017_C_N3vsC5	Liver tissue, Hepatocellular carcinoma	tumor	HK017	GEO characteristic: case_id	high	yes	yes	include		NCBI GEO GSE45114 full SOFT export
GSE45114	GSM1097020	GPL5918	expression_array	Liver_Pericancer_HK017_P_N3vsP5	Liver tissue, Pericancer	control	HK017	GEO characteristic: case_id	high	yes	yes	include		NCBI GEO GSE45114 full SOFT export
GSE45114	GSM1097021	GPL5918	expression_array	Liver_Cancer-HCC_HK032_C_N3vsC5	Liver tissue, Hepatocellular carcinoma	tumor	HK032	GEO characteristic: case_id	high	yes	yes	include		NCBI GEO GSE45114 full SOFT export
GSE45114	GSM1097022	GPL5918	expression_array	Liver_Pericancer_HK032_P_N3vsP5	Liver tissue, Pericancer	control	HK032	GEO characteristic: case_id	high	yes	yes	include		NCBI GEO GSE45114 full SOFT export
GSE45114	GSM1097023	GPL5918	expression_array	Liver_Cancer-HCC_HK035_C_N3vsC5	Liver tissue, Hepatocellular carcinoma	tumor	HK035	GEO characteristic: case_id	high	yes	yes	include		NCBI GEO GSE45114 full SOFT export
GSE45114	GSM1097024	GPL5918	expression_array	Liver_Pericancer_HK035_P_N3vsP5	Liver tissue, Pericancer	control	HK035	GEO characteristic: case_id	high	yes	yes	include		NCBI GEO GSE45114 full SOFT export
GSE45114	GSM1097025	GPL5918	expression_array	Liver_Cancer-HCC_HK039_C_N3vsC5	Liver tissue, Hepatocellular carcinoma	tumor	HK039	GEO characteristic: case_id	high	yes	yes	include		NCBI GEO GSE45114 full SOFT export
GSE45114	GSM1097026	GPL5918	expression_array	Liver_Pericancer_HK039_P_N3vsP5	Liver tissue, Pericancer	control	HK039	GEO characteristic: case_id	high	yes	yes	include		NCBI GEO GSE45114 full SOFT export
GSE45114	GSM1097027	GPL5918	expression_array	Liver_Cancer-HCC_HK041_C_N3vsC5	Liver tissue, Hepatocellular carcinoma	tumor	HK041	GEO characteristic: case_id	high	yes	yes	include		NCBI GEO GSE45114 full SOFT export
GSE45114	GSM1097028	GPL5918	expression_array	Liver_Pericancer_HK041_P_N3vsP5	Liver tissue, Pericancer	control	HK041	GEO characteristic: case_id	high	yes	yes	include		NCBI GEO GSE45114 full SOFT export
GSE45114	GSM1097029	GPL5918	expression_array	Liver_Cancer-HCC_HK042_C_N3vsC5	Liver tissue, Hepatocellular carcinoma	tumor	HK042	GEO characteristic: case_id	high	yes	yes	include		NCBI GEO GSE45114 full SOFT export
GSE45114	GSM1097030	GPL5918	expression_array	Liver_Pericancer_HK042_P_N3vsP5	Liver tissue, Pericancer	control	HK042	GEO characteristic: case_id	high	yes	yes	include		NCBI GEO GSE45114 full SOFT export
GSE45114	GSM1097031	GPL5918	expression_array	Liver_Pericancer_HK043_P_P3vsN5	Liver tissue, Pericancer	control	HK043	GEO characteristic: case_id	high	yes	no	include		NCBI GEO GSE45114 full SOFT export
GSE45114	GSM1097032	GPL5918	expression_array	Liver_Pericancer_QD127_P_N3vsP5	Liver tissue, Pericancer	control	QD127	GEO characteristic: case_id	high	yes	no	include		NCBI GEO GSE45114 full SOFT export
GSE45114	GSM1097033	GPL5918	expression_array	Liver_Cancer-HCC_QD128_C_N3vsC5	Liver tissue, Hepatocellular carcinoma	tumor	QD128	GEO characteristic: case_id	high	yes	yes	include		NCBI GEO GSE45114 full SOFT export
GSE45114	GSM1097034	GPL5918	expression_array	Liver_Pericancer_QD128_P_N3vsP5	Liver tissue, Pericancer	control	QD128	GEO characteristic: case_id	high	yes	yes	include		NCBI GEO GSE45114 full SOFT export
GSE45114	GSM1097035	GPL5918	expression_array	Liver_Cancer-HCC_QD130_C_N3vsC5	Liver tissue, Hepatocellular carcinoma	tumor	QD130	GEO characteristic: case_id	high	yes	yes	include		NCBI GEO GSE45114 full SOFT export
GSE45114	GSM1097036	GPL5918	expression_array	Liver_Pericancer_QD130_P_N3vsP5	Liver tissue, Pericancer	control	QD130	GEO characteristic: case_id	high	yes	yes	include		NCBI GEO GSE45114 full SOFT export
GSE45114	GSM1097037	GPL5918	expression_array	Liver_Cancer-HCC_QD131_C_N3vsC5	Liver tissue, Hepatocellular carcinoma	tumor	QD131	GEO characteristic: case_id	high	yes	yes	include		NCBI GEO GSE45114 full SOFT export
GSE45114	GSM1097038	GPL5918	expression_array	Liver_Pericancer_QD131_P_N3vsP5	Liver tissue, Pericancer	control	QD131	GEO characteristic: case_id	high	yes	yes	include		NCBI GEO GSE45114 full SOFT export
GSE45114	GSM1097039	GPL5918	expression_array	Liver_Cancer-HCC_QD132_C_N3vsC5	Liver tissue, Hepatocellular carcinoma	tumor	QD132	GEO characteristic: case_id	high	yes	no	include		NCBI GEO GSE45114 full SOFT export
GSE45114	GSM1097040	GPL5918	expression_array	Liver_Cancer-HCC_QD133_C_N3vsC5	Liver tissue, Hepatocellular carcinoma	tumor	QD133	GEO characteristic: case_id	high	yes	yes	include		NCBI GEO GSE45114 full SOFT export
GSE45114	GSM1097041	GPL5918	expression_array	Liver_Pericancer_QD133_P_N3vsP5	Liver tissue, Pericancer	control	QD133	GEO characteristic: case_id	high	yes	yes	include		NCBI GEO GSE45114 full SOFT export
GSE45114	GSM1097042	GPL5918	expression_array	Liver_Cancer-HCC_QD313_C_C3vsN5	Liver tissue, Hepatocellular carcinoma	tumor	QD313	GEO characteristic: case_id	high	yes	yes	include		NCBI GEO GSE45114 full SOFT export
GSE45114	GSM1097043	GPL5918	expression_array	Liver_Pericancer_QD313_P_P3vsN5	Liver tissue, Pericancer	control	QD313	GEO characteristic: case_id	high	yes	yes	include		NCBI GEO GSE45114 full SOFT export
GSE45114	GSM1097044	GPL5918	expression_array	Liver_Cancer-HCC_QD314_C_C3vsN5	Liver tissue, Hepatocellular carcinoma	tumor	QD314	GEO characteristic: case_id	high	yes	yes	include		NCBI GEO GSE45114 full SOFT export
GSE45114	GSM1097045	GPL5918	expression_array	Liver_Pericancer_QD314_P_P3vsN5	Liver tissue, Pericancer	control	QD314	GEO characteristic: case_id	high	yes	yes	include		NCBI GEO GSE45114 full SOFT export
GSE45114	GSM1097046	GPL5918	expression_array	Liver_Cancer-HCC_QD315_C_C3vsN5	Liver tissue, Hepatocellular carcinoma	tumor	QD315	GEO characteristic: case_id	high	yes	yes	include		NCBI GEO GSE45114 full SOFT export
GSE45114	GSM1097047	GPL5918	expression_array	Liver_Pericancer_QD315_P_P3vsN5	Liver tissue, Pericancer	control	QD315	GEO characteristic: case_id	high	yes	yes	include		NCBI GEO GSE45114 full SOFT export
GSE45114	GSM1097048	GPL5918	expression_array	Liver_Cancer-HCC_QD316_C_C3vsN5	Liver tissue, Hepatocellular carcinoma	tumor	QD316	GEO characteristic: case_id	high	yes	yes	include		NCBI GEO GSE45114 full SOFT export
GSE45114	GSM1097049	GPL5918	expression_array	Liver_Pericancer_QD316_P_N3vsP5	Liver tissue, Pericancer	control	QD316	GEO characteristic: case_id	high	yes	yes	include		NCBI GEO GSE45114 full SOFT export
GSE45114	GSM1097050	GPL5918	expression_array	Liver_Cancer-HCC_QD317_C_C3vsN5	Liver tissue, Hepatocellular carcinoma	tumor	QD317	GEO characteristic: case_id	high	yes	yes	include		NCBI GEO GSE45114 full SOFT export
GSE45114	GSM1097051	GPL5918	expression_array	Liver_Pericancer_QD317_P_P3vsN5	Liver tissue, Pericancer	control	QD317	GEO characteristic: case_id	high	yes	yes	include		NCBI GEO GSE45114 full SOFT export
GSE45114	GSM1097052	GPL5918	expression_array	Liver_Cancer-HCC_QD318_C_C3vsN5	Liver tissue, Hepatocellular carcinoma	tumor	QD318	GEO characteristic: case_id	high	yes	yes	include		NCBI GEO GSE45114 full SOFT export
GSE45114	GSM1097054	GPL5918	expression_array	Liver_Pericancer_QD318_P_P3vsN5	Liver tissue, Pericancer	control	QD318	GEO characteristic: case_id	high	yes	yes	include		NCBI GEO GSE45114 full SOFT export
GSE45114	GSM1097055	GPL5918	expression_array	Liver_Cancer-HCC_QD321_C_C3vsN5	Liver tissue, Hepatocellular carcinoma	tumor	QD321	GEO characteristic: case_id	high	yes	yes	include		NCBI GEO GSE45114 full SOFT export
GSE45114	GSM1097056	GPL5918	expression_array	Liver_Pericancer_QD321_P_P3vsN5	Liver tissue, Pericancer	control	QD321	GEO characteristic: case_id	high	yes	yes	include		NCBI GEO GSE45114 full SOFT export
GSE45114	GSM1097057	GPL5918	expression_array	Liver_Cancer-HCC_QD323_C_C3vsN5	Liver tissue, Hepatocellular carcinoma	tumor	QD323	GEO characteristic: case_id	high	yes	yes	include		NCBI GEO GSE45114 full SOFT export
GSE45114	GSM1097058	GPL5918	expression_array	Liver_Pericancer_QD323_P_P3vsN5	Liver tissue, Pericancer	control	QD323	GEO characteristic: case_id	high	yes	yes	include		NCBI GEO GSE45114 full SOFT export
GSE45114	GSM1097059	GPL5918	expression_array	Liver_Cancer-HCC_QD338_C_C3vsN5	Liver tissue, Hepatocellular carcinoma	tumor	QD338	GEO characteristic: case_id	high	yes	yes	include		NCBI GEO GSE45114 full SOFT export
GSE45114	GSM1097060	GPL5918	expression_array	Liver_Pericancer_QD338_P_P3vsN5	Liver tissue, Pericancer	control	QD338	GEO characteristic: case_id	high	yes	yes	include		NCBI GEO GSE45114 full SOFT export
GSE45114	GSM1097061	GPL5918	expression_array	Liver_Cancer-HCC_QD341_C_C3vsN5	Liver tissue, Hepatocellular carcinoma	tumor	QD341	GEO characteristic: case_id	high	yes	yes	include		NCBI GEO GSE45114 full SOFT export
GSE45114	GSM1097062	GPL5918	expression_array	Liver_Pericancer_QD341_P_P3vsN5	Liver tissue, Pericancer	control	QD341	GEO characteristic: case_id	high	yes	yes	include		NCBI GEO GSE45114 full SOFT export
GSE45114	GSM1097063	GPL5918	expression_array	Liver_Cancer-HCC_QD344_C_C3vsN5	Liver tissue, Hepatocellular carcinoma	tumor	QD344	GEO characteristic: case_id	high	yes	yes	include		NCBI GEO GSE45114 full SOFT export
GSE45114	GSM1097064	GPL5918	expression_array	Liver_Pericancer_QD344_P_P3vsN5	Liver tissue, Pericancer	control	QD344	GEO characteristic: case_id	high	yes	yes	include		NCBI GEO GSE45114 full SOFT export
GSE57555	GSM1384672	GPL16699	mrna_array	liver_patient_1_CCC_rep1 (mRNA)	liver mRNA CCC tumor part	unknown	1	GEO characteristic: patient	high	yes	no	exclude	cholangiocarcinoma, not HCC	NCBI GEO GSE57555 full SOFT export
GSE57555	GSM1384673	GPL16699	mrna_array	liver_patient_1_non_tumor_rep1 (mRNA)	liver mRNA non-tumor part	unknown	1	GEO characteristic: patient	high	yes	no	exclude	cholangiocarcinoma, not HCC	NCBI GEO GSE57555 full SOFT export
GSE57555	GSM1384674	GPL16699	mrna_array	liver_patient_2_CCC_rep1 (mRNA)	liver mRNA CCC tumor part	unknown	2	GEO characteristic: patient	high	yes	no	exclude	cholangiocarcinoma, not HCC	NCBI GEO GSE57555 full SOFT export
GSE57555	GSM1384675	GPL16699	mrna_array	liver_patient_2_non_tumor_rep1 (mRNA)	liver mRNA non-tumor part	unknown	2	GEO characteristic: patient	high	yes	no	exclude	cholangiocarcinoma, not HCC	NCBI GEO GSE57555 full SOFT export
GSE57555	GSM1384676	GPL16699	mrna_array	liver_patient_3_CCC_rep1 (mRNA)	liver mRNA CCC tumor part	unknown	3	GEO characteristic: patient	high	yes	no	exclude	cholangiocarcinoma, not HCC	NCBI GEO GSE57555 full SOFT export
GSE57555	GSM1384677	GPL16699	mrna_array	liver_patient_3_non_tumor_rep1 (mRNA)	liver mRNA non-tumor part	unknown	3	GEO characteristic: patient	high	yes	no	exclude	cholangiocarcinoma, not HCC	NCBI GEO GSE57555 full SOFT export
GSE57555	GSM1384678	GPL16699	mrna_array	liver_patient_4_CCC_rep1 (mRNA)	liver mRNA CCC tumor part	unknown	4	GEO characteristic: patient	high	yes	no	exclude	cholangiocarcinoma, not HCC	NCBI GEO GSE57555 full SOFT export
GSE57555	GSM1384679	GPL16699	mrna_array	liver_patient_4_non_tumor_rep1 (mRNA)	liver mRNA non-tumor part	unknown	4	GEO characteristic: patient	high	yes	no	exclude	cholangiocarcinoma, not HCC	NCBI GEO GSE57555 full SOFT export
GSE57555	GSM1384680	GPL16699	mrna_array	liver_patient_5_CCC_rep1 (mRNA)	liver mRNA CCC tumor part	unknown	5	GEO characteristic: patient	high	yes	no	exclude	cholangiocarcinoma, not HCC	NCBI GEO GSE57555 full SOFT export
GSE57555	GSM1384681	GPL16699	mrna_array	liver_patient_5_non_tumor_rep1 (mRNA)	liver mRNA non-tumor part	unknown	5	GEO characteristic: patient	high	yes	no	exclude	cholangiocarcinoma, not HCC	NCBI GEO GSE57555 full SOFT export
GSE57555	GSM1384682	GPL16699	mrna_array	liver_patient_6_HCC_rep1 (mRNA)	liver mRNA HCC tumor part	tumor	6	GEO characteristic: patient	high	yes	yes	include		NCBI GEO GSE57555 full SOFT export
GSE57555	GSM1384683	GPL16699	mrna_array	liver_patient_6_non_tumor_rep1 (mRNA)	liver mRNA non-tumor part	control	6	GEO characteristic: patient	high	yes	yes	include		NCBI GEO GSE57555 full SOFT export
GSE57555	GSM1384684	GPL16699	mrna_array	liver_patient_7_HCC_rep1 (mRNA)	liver mRNA HCC tumor part	tumor	7	GEO characteristic: patient	high	yes	yes	include		NCBI GEO GSE57555 full SOFT export
GSE57555	GSM1384685	GPL16699	mrna_array	liver_patient_7_non_tumor_rep1 (mRNA)	liver mRNA non-tumor part	control	7	GEO characteristic: patient	high	yes	yes	include		NCBI GEO GSE57555 full SOFT export
GSE57555	GSM1384686	GPL16699	mrna_array	liver_patient_8_HCC_rep1 (mRNA)	liver mRNA HCC tumor part	tumor	8	GEO characteristic: patient	high	yes	yes	include		NCBI GEO GSE57555 full SOFT export
GSE57555	GSM1384687	GPL16699	mrna_array	liver_patient_8_non_tumor_rep1 (mRNA)	liver mRNA non-tumor part	control	8	GEO characteristic: patient	high	yes	yes	include		NCBI GEO GSE57555 full SOFT export
GSE57555	GSM1384688	GPL16699	mrna_array	liver_patient_9_HCC_rep1 (mRNA)	liver mRNA HCC tumor part	tumor	9	GEO characteristic: patient	high	yes	yes	include		NCBI GEO GSE57555 full SOFT export
GSE57555	GSM1384689	GPL16699	mrna_array	liver_patient_9_non_tumor_rep1 (mRNA)	liver mRNA non-tumor part	control	9	GEO characteristic: patient	high	yes	yes	include		NCBI GEO GSE57555 full SOFT export
GSE57555	GSM1384690	GPL16699	mrna_array	liver_patient_10_HCC_rep1 (mRNA)	liver mRNA HCC tumor part	tumor	10	GEO characteristic: patient	high	yes	yes	include		NCBI GEO GSE57555 full SOFT export
GSE57555	GSM1384691	GPL16699	mrna_array	liver_patient_10_non_tumor_rep1 (mRNA)	liver mRNA non-tumor part	control	10	GEO characteristic: patient	high	yes	yes	include		NCBI GEO GSE57555 full SOFT export
GSE57555	GSM1384692	GPL16699	mrna_array	liver_patient_11_CCC_rep1 (mRNA)	liver mRNA CCC tumor part	unknown	11	GEO characteristic: patient	high	yes	no	exclude	cholangiocarcinoma, not HCC	NCBI GEO GSE57555 full SOFT export
GSE57555	GSM1384693	GPL16699	mrna_array	liver_patient_11_non_tumor_rep1 (mRNA)	liver mRNA non-tumor part	unknown	11	GEO characteristic: patient	high	yes	no	exclude	cholangiocarcinoma, not HCC	NCBI GEO GSE57555 full SOFT export
GSE57555	GSM1384694	GPL16699	mrna_array	liver_patient_12_CCC_rep1 (mRNA)	liver mRNA CCC tumor part	unknown	12	GEO characteristic: patient	high	yes	no	exclude	cholangiocarcinoma, not HCC	NCBI GEO GSE57555 full SOFT export
GSE57555	GSM1384695	GPL16699	mrna_array	liver_patient_12_non_tumor_rep1 (mRNA)	liver mRNA non-tumor part	unknown	12	GEO characteristic: patient	high	yes	no	exclude	cholangiocarcinoma, not HCC	NCBI GEO GSE57555 full SOFT export
GSE57555	GSM1384696	GPL16699	mrna_array	liver_patient_13_CCC_rep1 (mRNA)	liver mRNA CCC tumor part	unknown	13	GEO characteristic: patient	high	yes	no	exclude	cholangiocarcinoma, not HCC	NCBI GEO GSE57555 full SOFT export
GSE57555	GSM1384697	GPL16699	mrna_array	liver_patient_13_non_tumor_rep1 (mRNA)	liver mRNA non-tumor part	unknown	13	GEO characteristic: patient	high	yes	no	exclude	cholangiocarcinoma, not HCC	NCBI GEO GSE57555 full SOFT export
GSE57555	GSM1384698	GPL16699	mrna_array	liver_patient_14_CCC_rep1 (mRNA)	liver mRNA CCC tumor part	unknown	14	GEO characteristic: patient	high	yes	no	exclude	cholangiocarcinoma, not HCC	NCBI GEO GSE57555 full SOFT export
GSE57555	GSM1384699	GPL16699	mrna_array	liver_patient_14_non_tumor_rep1 (mRNA)	liver mRNA non-tumor part	unknown	14	GEO characteristic: patient	high	yes	no	exclude	cholangiocarcinoma, not HCC	NCBI GEO GSE57555 full SOFT export
GSE57555	GSM1384700	GPL16699	mrna_array	liver_patient_15_CCC_rep1 (mRNA)	liver mRNA CCC tumor part	unknown	15	GEO characteristic: patient	high	yes	no	exclude	cholangiocarcinoma, not HCC	NCBI GEO GSE57555 full SOFT export
GSE57555	GSM1384701	GPL16699	mrna_array	liver_patient_15_non_tumor_rep1 (mRNA)	liver mRNA non-tumor part	unknown	15	GEO characteristic: patient	high	yes	no	exclude	cholangiocarcinoma, not HCC	NCBI GEO GSE57555 full SOFT export
GSE57555	GSM1384702	GPL16699	mrna_array	liver_patient_16_CCC_rep1 (mRNA)	liver mRNA CCC tumor part	unknown	16	GEO characteristic: patient	high	yes	no	exclude	cholangiocarcinoma, not HCC	NCBI GEO GSE57555 full SOFT export
GSE57555	GSM1384703	GPL16699	mrna_array	liver_patient_16_non_tumor_rep1 (mRNA)	liver mRNA non-tumor part	unknown	16	GEO characteristic: patient	high	yes	no	exclude	cholangiocarcinoma, not HCC	NCBI GEO GSE57555 full SOFT export
GSE57555	GSM1384704	GPL18044	mirna_array	liver_patient_1_CCC_rep1 (miRNA)	liver microRNA CCC tumor part	unknown	1	GEO characteristic: patient	high	yes	no	exclude	non-mRNA platform	NCBI GEO GSE57555 full SOFT export
GSE57555	GSM1384705	GPL18044	mirna_array	liver_patient_1_non_tumor_rep1 (miRNA)	liver microRNA non-tumor part	unknown	1	GEO characteristic: patient	high	yes	no	exclude	non-mRNA platform	NCBI GEO GSE57555 full SOFT export
GSE57555	GSM1384706	GPL18044	mirna_array	liver_patient_2_CCC_rep1 (miRNA)	liver microRNA CCC tumor part	unknown	2	GEO characteristic: patient	high	yes	no	exclude	non-mRNA platform	NCBI GEO GSE57555 full SOFT export
GSE57555	GSM1384707	GPL18044	mirna_array	liver_patient_2_non_tumor_rep1 (miRNA)	liver microRNA non-tumor part	unknown	2	GEO characteristic: patient	high	yes	no	exclude	non-mRNA platform	NCBI GEO GSE57555 full SOFT export
GSE57555	GSM1384708	GPL18044	mirna_array	liver_patient_3_CCC_rep1 (miRNA)	liver microRNA CCC tumor part	unknown	3	GEO characteristic: patient	high	yes	no	exclude	non-mRNA platform	NCBI GEO GSE57555 full SOFT export
GSE57555	GSM1384709	GPL18044	mirna_array	liver_patient_3_non_tumor_rep1 (miRNA)	liver microRNA non-tumor part	unknown	3	GEO characteristic: patient	high	yes	no	exclude	non-mRNA platform	NCBI GEO GSE57555 full SOFT export
GSE57555	GSM1384710	GPL18044	mirna_array	liver_patient_4_CCC_rep1 (miRNA)	liver microRNA CCC tumor part	unknown	4	GEO characteristic: patient	high	yes	no	exclude	non-mRNA platform	NCBI GEO GSE57555 full SOFT export
GSE57555	GSM1384711	GPL18044	mirna_array	liver_patient_4_non_tumor_rep1 (miRNA)	liver microRNA non-tumor part	unknown	4	GEO characteristic: patient	high	yes	no	exclude	non-mRNA platform	NCBI GEO GSE57555 full SOFT export
GSE57555	GSM1384712	GPL18044	mirna_array	liver_patient_5_CCC_rep1 (miRNA)	liver microRNA CCC tumor part	unknown	5	GEO characteristic: patient	high	yes	no	exclude	non-mRNA platform	NCBI GEO GSE57555 full SOFT export
GSE57555	GSM1384713	GPL18044	mirna_array	liver_patient_5_non_tumor_rep1 (miRNA)	liver microRNA non-tumor part	unknown	5	GEO characteristic: patient	high	yes	no	exclude	non-mRNA platform	NCBI GEO GSE57555 full SOFT export
GSE57555	GSM1384714	GPL18044	mirna_array	liver_patient_6_HCC_rep1 (miRNA)	liver microRNA HCC tumor part	unknown	6	GEO characteristic: patient	high	yes	no	exclude	non-mRNA platform	NCBI GEO GSE57555 full SOFT export
GSE57555	GSM1384715	GPL18044	mirna_array	liver_patient_6_non_tumor_rep1 (miRNA)	liver microRNA non-tumor part	unknown	6	GEO characteristic: patient	high	yes	no	exclude	non-mRNA platform	NCBI GEO GSE57555 full SOFT export
GSE57555	GSM1384716	GPL18044	mirna_array	liver_patient_7_HCC_rep1 (miRNA)	liver microRNA HCC tumor part	unknown	7	GEO characteristic: patient	high	yes	no	exclude	non-mRNA platform	NCBI GEO GSE57555 full SOFT export
GSE57555	GSM1384717	GPL18044	mirna_array	liver_patient_7_non_tumor_rep1 (miRNA)	liver microRNA non-tumor part	unknown	7	GEO characteristic: patient	high	yes	no	exclude	non-mRNA platform	NCBI GEO GSE57555 full SOFT export
GSE57555	GSM1384718	GPL18044	mirna_array	liver_patient_8_HCC_rep1 (miRNA)	liver microRNA HCC tumor part	unknown	8	GEO characteristic: patient	high	yes	no	exclude	non-mRNA platform	NCBI GEO GSE57555 full SOFT export
GSE57555	GSM1384719	GPL18044	mirna_array	liver_patient_8_non_tumor_rep1 (miRNA)	liver microRNA non-tumor part	unknown	8	GEO characteristic: patient	high	yes	no	exclude	non-mRNA platform	NCBI GEO GSE57555 full SOFT export
GSE57555	GSM1384720	GPL18044	mirna_array	liver_patient_9_HCC_rep1 (miRNA)	liver microRNA HCC tumor part	unknown	9	GEO characteristic: patient	high	yes	no	exclude	non-mRNA platform	NCBI GEO GSE57555 full SOFT export
GSE57555	GSM1384721	GPL18044	mirna_array	liver_patient_9_non_tumor_rep1 (miRNA)	liver microRNA non-tumor part	unknown	9	GEO characteristic: patient	high	yes	no	exclude	non-mRNA platform	NCBI GEO GSE57555 full SOFT export
GSE57555	GSM1384722	GPL18044	mirna_array	liver_patient_10_HCC_rep1 (miRNA)	liver microRNA HCC tumor part	unknown	10	GEO characteristic: patient	high	yes	no	exclude	non-mRNA platform	NCBI GEO GSE57555 full SOFT export
GSE57555	GSM1384723	GPL18044	mirna_array	liver_patient_10_non_tumor_rep1 (miRNA)	liver microRNA non-tumor part	unknown	10	GEO characteristic: patient	high	yes	no	exclude	non-mRNA platform	NCBI GEO GSE57555 full SOFT export
GSE57555	GSM1384724	GPL18044	mirna_array	liver_patient_11_CCC_rep1 (miRNA)	liver microRNA CCC tumor part	unknown	11	GEO characteristic: patient	high	yes	no	exclude	non-mRNA platform	NCBI GEO GSE57555 full SOFT export
GSE57555	GSM1384725	GPL18044	mirna_array	liver_patient_11_non_tumor_rep1 (miRNA)	liver microRNA non-tumor part	unknown	11	GEO characteristic: patient	high	yes	no	exclude	non-mRNA platform	NCBI GEO GSE57555 full SOFT export
GSE57555	GSM1384726	GPL18044	mirna_array	liver_patient_12_CCC_rep1 (miRNA)	liver microRNA CCC tumor part	unknown	12	GEO characteristic: patient	high	yes	no	exclude	non-mRNA platform	NCBI GEO GSE57555 full SOFT export
GSE57555	GSM1384727	GPL18044	mirna_array	liver_patient_12_non_tumor_rep1 (miRNA)	liver microRNA non-tumor part	unknown	12	GEO characteristic: patient	high	yes	no	exclude	non-mRNA platform	NCBI GEO GSE57555 full SOFT export
GSE57555	GSM1384728	GPL18044	mirna_array	liver_patient_13_CCC_rep1 (miRNA)	liver microRNA CCC tumor part	unknown	13	GEO characteristic: patient	high	yes	no	exclude	non-mRNA platform	NCBI GEO GSE57555 full SOFT export
GSE57555	GSM1384729	GPL18044	mirna_array	liver_patient_13_non_tumor_rep1 (miRNA)	liver microRNA non-tumor part	unknown	13	GEO characteristic: patient	high	yes	no	exclude	non-mRNA platform	NCBI GEO GSE57555 full SOFT export
GSE57555	GSM1384730	GPL18044	mirna_array	liver_patient_14_CCC_rep1 (miRNA)	liver microRNA CCC tumor part	unknown	14	GEO characteristic: patient	high	yes	no	exclude	non-mRNA platform	NCBI GEO GSE57555 full SOFT export
GSE57555	GSM1384731	GPL18044	mirna_array	liver_patient_14_non_tumor_rep1 (miRNA)	liver microRNA non-tumor part	unknown	14	GEO characteristic: patient	high	yes	no	exclude	non-mRNA platform	NCBI GEO GSE57555 full SOFT export
GSE57555	GSM1384732	GPL18044	mirna_array	liver_patient_15_CCC_rep1 (miRNA)	liver microRNA CCC tumor part	unknown	15	GEO characteristic: patient	high	yes	no	exclude	non-mRNA platform	NCBI GEO GSE57555 full SOFT export
GSE57555	GSM1384733	GPL18044	mirna_array	liver_patient_15_non_tumor_rep1 (miRNA)	liver microRNA non-tumor part	unknown	15	GEO characteristic: patient	high	yes	no	exclude	non-mRNA platform	NCBI GEO GSE57555 full SOFT export
GSE57555	GSM1384734	GPL18044	mirna_array	liver_patient_16_CCC_rep1 (miRNA)	liver microRNA CCC tumor part	unknown	16	GEO characteristic: patient	high	yes	no	exclude	non-mRNA platform	NCBI GEO GSE57555 full SOFT export
GSE57555	GSM1384735	GPL18044	mirna_array	liver_patient_16_non_tumor_rep1 (miRNA)	liver microRNA non-tumor part	unknown	16	GEO characteristic: patient	high	yes	no	exclude	non-mRNA platform	NCBI GEO GSE57555 full SOFT export
GSE57957	GSM1398645	GPL10558	expression_array	RNA from HCC_1T	HCC_1T	tumor	1	GEO sample title/source	high	yes	no	include		NCBI GEO GSE57957 full SOFT export
GSE57957	GSM1398646	GPL10558	expression_array	RNA from HCC_2N	HCC_2N	control	2	GEO sample title/source	high	yes	yes	include		NCBI GEO GSE57957 full SOFT export
GSE57957	GSM1398647	GPL10558	expression_array	RNA from HCC_2T	HCC_2T	tumor	2	GEO sample title/source	high	yes	yes	include		NCBI GEO GSE57957 full SOFT export
GSE57957	GSM1398648	GPL10558	expression_array	RNA from HCC_3N	HCC_3N	control	3	GEO sample title/source	high	yes	yes	include		NCBI GEO GSE57957 full SOFT export
GSE57957	GSM1398649	GPL10558	expression_array	RNA from HCC_3T	HCC_3T	tumor	3	GEO sample title/source	high	yes	yes	include		NCBI GEO GSE57957 full SOFT export
GSE57957	GSM1398650	GPL10558	expression_array	RNA from HCC_4N	HCC_4N	control	4	GEO sample title/source	high	yes	yes	include		NCBI GEO GSE57957 full SOFT export
GSE57957	GSM1398651	GPL10558	expression_array	RNA from HCC_4T	HCC_4T	tumor	4	GEO sample title/source	high	yes	yes	include		NCBI GEO GSE57957 full SOFT export
GSE57957	GSM1398652	GPL10558	expression_array	RNA from HCC_5N	HCC_5N	control	5	GEO sample title/source	high	yes	yes	include		NCBI GEO GSE57957 full SOFT export
GSE57957	GSM1398653	GPL10558	expression_array	RNA from HCC_5T	HCC_5T	tumor	5	GEO sample title/source	high	yes	yes	include		NCBI GEO GSE57957 full SOFT export
GSE57957	GSM1398654	GPL10558	expression_array	RNA from HCC_6N	HCC_6N	control	6	GEO sample title/source	high	yes	yes	include		NCBI GEO GSE57957 full SOFT export
GSE57957	GSM1398655	GPL10558	expression_array	RNA from HCC_6T	HCC_6T	tumor	6	GEO sample title/source	high	yes	yes	include		NCBI GEO GSE57957 full SOFT export
GSE57957	GSM1398656	GPL10558	expression_array	RNA from HCC_7N	HCC_7N	control	7	GEO sample title/source	high	yes	yes	include		NCBI GEO GSE57957 full SOFT export
GSE57957	GSM1398657	GPL10558	expression_array	RNA from HCC_7T	HCC_7T	tumor	7	GEO sample title/source	high	yes	yes	include		NCBI GEO GSE57957 full SOFT export
GSE57957	GSM1398658	GPL10558	expression_array	RNA from HCC_8N	HCC_8N	control	8	GEO sample title/source	high	yes	yes	include		NCBI GEO GSE57957 full SOFT export
GSE57957	GSM1398659	GPL10558	expression_array	RNA from HCC_8T	HCC_8T	tumor	8	GEO sample title/source	high	yes	yes	include		NCBI GEO GSE57957 full SOFT export
GSE57957	GSM1398660	GPL10558	expression_array	RNA from HCC_9N	HCC_9N	control	9	GEO sample title/source	high	yes	yes	include		NCBI GEO GSE57957 full SOFT export
GSE57957	GSM1398661	GPL10558	expression_array	RNA from HCC_9T	HCC_9T	tumor	9	GEO sample title/source	high	yes	yes	include		NCBI GEO GSE57957 full SOFT export
GSE57957	GSM1398662	GPL10558	expression_array	RNA from HCC_10N	HCC_10N	control	10	GEO sample title/source	high	yes	yes	include		NCBI GEO GSE57957 full SOFT export
GSE57957	GSM1398663	GPL10558	expression_array	RNA from HCC_10T	HCC_10T	tumor	10	GEO sample title/source	high	yes	yes	include		NCBI GEO GSE57957 full SOFT export
GSE57957	GSM1398664	GPL10558	expression_array	RNA from HCC_11N	HCC_11N	control	11	GEO sample title/source	high	yes	yes	include		NCBI GEO GSE57957 full SOFT export
GSE57957	GSM1398665	GPL10558	expression_array	RNA from HCC_11T	HCC_11T	tumor	11	GEO sample title/source	high	yes	yes	include		NCBI GEO GSE57957 full SOFT export
GSE57957	GSM1398666	GPL10558	expression_array	RNA from HCC_12N	HCC_12N	control	12	GEO sample title/source	high	yes	yes	include		NCBI GEO GSE57957 full SOFT export
GSE57957	GSM1398667	GPL10558	expression_array	RNA from HCC_12T	HCC_12T	tumor	12	GEO sample title/source	high	yes	yes	include		NCBI GEO GSE57957 full SOFT export
GSE57957	GSM1398668	GPL10558	expression_array	RNA from HCC_13N	HCC_13N	control	13	GEO sample title/source	high	yes	yes	include		NCBI GEO GSE57957 full SOFT export
GSE57957	GSM1398669	GPL10558	expression_array	RNA from HCC_13T	HCC_13T	tumor	13	GEO sample title/source	high	yes	yes	include		NCBI GEO GSE57957 full SOFT export
GSE57957	GSM1398670	GPL10558	expression_array	RNA from HCC_14N	HCC_14N	control	14	GEO sample title/source	high	yes	yes	include		NCBI GEO GSE57957 full SOFT export
GSE57957	GSM1398671	GPL10558	expression_array	RNA from HCC_14T	HCC_14T	tumor	14	GEO sample title/source	high	yes	yes	include		NCBI GEO GSE57957 full SOFT export
GSE57957	GSM1398672	GPL10558	expression_array	RNA from HCC_15N	HCC_15N	control	15	GEO sample title/source	high	yes	yes	include		NCBI GEO GSE57957 full SOFT export
GSE57957	GSM1398673	GPL10558	expression_array	RNA from HCC_15T	HCC_15T	tumor	15	GEO sample title/source	high	yes	yes	include		NCBI GEO GSE57957 full SOFT export
GSE57957	GSM1398674	GPL10558	expression_array	RNA from HCC_16N	HCC_16N	control	16	GEO sample title/source	high	yes	yes	include		NCBI GEO GSE57957 full SOFT export
GSE57957	GSM1398675	GPL10558	expression_array	RNA from HCC_16T	HCC_16T	tumor	16	GEO sample title/source	high	yes	yes	include		NCBI GEO GSE57957 full SOFT export
GSE57957	GSM1398676	GPL10558	expression_array	RNA from HCC_17N	HCC_17N	control	17	GEO sample title/source	high	yes	yes	include		NCBI GEO GSE57957 full SOFT export
GSE57957	GSM1398677	GPL10558	expression_array	RNA from HCC_17T	HCC_17T	tumor	17	GEO sample title/source	high	yes	yes	include		NCBI GEO GSE57957 full SOFT export
GSE57957	GSM1398678	GPL10558	expression_array	RNA from HCC_18N	HCC_18N	control	18	GEO sample title/source	high	yes	yes	include		NCBI GEO GSE57957 full SOFT export
GSE57957	GSM1398679	GPL10558	expression_array	RNA from HCC_18T	HCC_18T	tumor	18	GEO sample title/source	high	yes	yes	include		NCBI GEO GSE57957 full SOFT export
GSE57957	GSM1398680	GPL10558	expression_array	RNA from HCC_19N	HCC_19N	control	19	GEO sample title/source	high	yes	yes	include		NCBI GEO GSE57957 full SOFT export
GSE57957	GSM1398681	GPL10558	expression_array	RNA from HCC_19T	HCC_19T	tumor	19	GEO sample title/source	high	yes	yes	include		NCBI GEO GSE57957 full SOFT export
GSE57957	GSM1398682	GPL10558	expression_array	RNA from HCC_20N	HCC_20N	control	20	GEO sample title/source	high	yes	yes	include		NCBI GEO GSE57957 full SOFT export
GSE57957	GSM1398683	GPL10558	expression_array	RNA from HCC_20T	HCC_20T	tumor	20	GEO sample title/source	high	yes	yes	include		NCBI GEO GSE57957 full SOFT export
GSE57957	GSM1398684	GPL10558	expression_array	RNA from HCC_21N	HCC_21N	control	21	GEO sample title/source	high	yes	yes	include		NCBI GEO GSE57957 full SOFT export
GSE57957	GSM1398685	GPL10558	expression_array	RNA from HCC_21T	HCC_21T	tumor	21	GEO sample title/source	high	yes	yes	include		NCBI GEO GSE57957 full SOFT export
GSE57957	GSM1398686	GPL10558	expression_array	RNA from HCC_22N	HCC_22N	control	22	GEO sample title/source	high	yes	yes	include		NCBI GEO GSE57957 full SOFT export
GSE57957	GSM1398687	GPL10558	expression_array	RNA from HCC_22T	HCC_22T	tumor	22	GEO sample title/source	high	yes	yes	include		NCBI GEO GSE57957 full SOFT export
GSE57957	GSM1398688	GPL10558	expression_array	RNA from HCC_23N	HCC_23N	control	23	GEO sample title/source	high	yes	yes	include		NCBI GEO GSE57957 full SOFT export
GSE57957	GSM1398689	GPL10558	expression_array	RNA from HCC_23T	HCC_23T	tumor	23	GEO sample title/source	high	yes	yes	include		NCBI GEO GSE57957 full SOFT export
GSE57957	GSM1398690	GPL10558	expression_array	RNA from HCC_24N	HCC_24N	control	24	GEO sample title/source	high	yes	yes	include		NCBI GEO GSE57957 full SOFT export
GSE57957	GSM1398691	GPL10558	expression_array	RNA from HCC_24T	HCC_24T	tumor	24	GEO sample title/source	high	yes	yes	include		NCBI GEO GSE57957 full SOFT export
GSE57957	GSM1398692	GPL10558	expression_array	RNA from HCC_25T	HCC_25T	tumor	25	GEO sample title/source	high	yes	no	include		NCBI GEO GSE57957 full SOFT export
GSE57957	GSM1398693	GPL10558	expression_array	RNA from HCC_26N	HCC_26N	control	26	GEO sample title/source	high	yes	yes	include		NCBI GEO GSE57957 full SOFT export
GSE57957	GSM1398694	GPL10558	expression_array	RNA from HCC_26T	HCC_26T	tumor	26	GEO sample title/source	high	yes	yes	include		NCBI GEO GSE57957 full SOFT export
GSE57957	GSM1398695	GPL10558	expression_array	RNA from HCC_27N	HCC_27N	control	27	GEO sample title/source	high	yes	yes	include		NCBI GEO GSE57957 full SOFT export
GSE57957	GSM1398696	GPL10558	expression_array	RNA from HCC_27T	HCC_27T	tumor	27	GEO sample title/source	high	yes	yes	include		NCBI GEO GSE57957 full SOFT export
GSE57957	GSM1398697	GPL10558	expression_array	RNA from HCC_28N	HCC_28N	control	28	GEO sample title/source	high	yes	yes	include		NCBI GEO GSE57957 full SOFT export
GSE57957	GSM1398698	GPL10558	expression_array	RNA from HCC_28T	HCC_28T	tumor	28	GEO sample title/source	high	yes	yes	include		NCBI GEO GSE57957 full SOFT export
GSE57957	GSM1398699	GPL10558	expression_array	RNA from HCC_29N	HCC_29N	control	29	GEO sample title/source	high	yes	yes	include		NCBI GEO GSE57957 full SOFT export
GSE57957	GSM1398700	GPL10558	expression_array	RNA from HCC_29T	HCC_29T	tumor	29	GEO sample title/source	high	yes	yes	include		NCBI GEO GSE57957 full SOFT export
GSE57957	GSM1398701	GPL10558	expression_array	RNA from HCC_30N	HCC_30N	control	30	GEO sample title/source	high	yes	yes	include		NCBI GEO GSE57957 full SOFT export
GSE57957	GSM1398702	GPL10558	expression_array	RNA from HCC_30T	HCC_30T	tumor	30	GEO sample title/source	high	yes	yes	include		NCBI GEO GSE57957 full SOFT export
GSE57957	GSM1398703	GPL10558	expression_array	RNA from HCC_31N	HCC_31N	control	31	GEO sample title/source	high	yes	yes	include		NCBI GEO GSE57957 full SOFT export
GSE57957	GSM1398704	GPL10558	expression_array	RNA from HCC_31T	HCC_31T	tumor	31	GEO sample title/source	high	yes	yes	include		NCBI GEO GSE57957 full SOFT export
GSE57957	GSM1398705	GPL10558	expression_array	RNA from HCC_32N	HCC_32N	control	32	GEO sample title/source	high	yes	no	include		NCBI GEO GSE57957 full SOFT export
GSE57957	GSM1398706	GPL10558	expression_array	RNA from HCC_33N	HCC_33N	control	33	GEO sample title/source	high	yes	yes	include		NCBI GEO GSE57957 full SOFT export
GSE57957	GSM1398707	GPL10558	expression_array	RNA from HCC_33T	HCC_33T	tumor	33	GEO sample title/source	high	yes	yes	include		NCBI GEO GSE57957 full SOFT export
GSE57957	GSM1398708	GPL10558	expression_array	RNA from HCC_34N	HCC_34N	control	34	GEO sample title/source	high	yes	no	include		NCBI GEO GSE57957 full SOFT export
GSE57957	GSM1398709	GPL10558	expression_array	RNA from HCC_35N	HCC_35N	control	35	GEO sample title/source	high	yes	yes	include		NCBI GEO GSE57957 full SOFT export
GSE57957	GSM1398710	GPL10558	expression_array	RNA from HCC_35T	HCC_35T	tumor	35	GEO sample title/source	high	yes	yes	include		NCBI GEO GSE57957 full SOFT export
GSE57957	GSM1398711	GPL10558	expression_array	RNA from HCC_36N	HCC_36N	control	36	GEO sample title/source	high	yes	yes	include		NCBI GEO GSE57957 full SOFT export
GSE57957	GSM1398712	GPL10558	expression_array	RNA from HCC_36T	HCC_36T	tumor	36	GEO sample title/source	high	yes	yes	include		NCBI GEO GSE57957 full SOFT export
GSE57957	GSM1398713	GPL10558	expression_array	RNA from HCC_37N	HCC_37N	control	37	GEO sample title/source	high	yes	yes	include		NCBI GEO GSE57957 full SOFT export
GSE57957	GSM1398714	GPL10558	expression_array	RNA from HCC_37T	HCC_37T	tumor	37	GEO sample title/source	high	yes	yes	include		NCBI GEO GSE57957 full SOFT export
GSE57957	GSM1398715	GPL10558	expression_array	RNA from HCC_38N	HCC_38N	control	38	GEO sample title/source	high	yes	yes	include		NCBI GEO GSE57957 full SOFT export
GSE57957	GSM1398716	GPL10558	expression_array	RNA from HCC_38T	HCC_38T	tumor	38	GEO sample title/source	high	yes	yes	include		NCBI GEO GSE57957 full SOFT export
GSE57957	GSM1398717	GPL10558	expression_array	RNA from HCC_39N	HCC_39N	control	39	GEO sample title/source	high	yes	yes	include		NCBI GEO GSE57957 full SOFT export
GSE57957	GSM1398718	GPL10558	expression_array	RNA from HCC_39T	HCC_39T	tumor	39	GEO sample title/source	high	yes	yes	include		NCBI GEO GSE57957 full SOFT export
GSE57957	GSM1398719	GPL10558	expression_array	RNA from HCC_40N	HCC_40N	control	40	GEO sample title/source	high	yes	yes	include		NCBI GEO GSE57957 full SOFT export
GSE57957	GSM1398720	GPL10558	expression_array	RNA from HCC_40T	HCC_40T	tumor	40	GEO sample title/source	high	yes	yes	include		NCBI GEO GSE57957 full SOFT export
GSE57957	GSM1398721	GPL10558	expression_array	RNA from HCC_41N	HCC_41N	control	41	GEO sample title/source	high	yes	yes	include		NCBI GEO GSE57957 full SOFT export
GSE57957	GSM1398722	GPL10558	expression_array	RNA from HCC_41T	HCC_41T	tumor	41	GEO sample title/source	high	yes	yes	include		NCBI GEO GSE57957 full SOFT export
GSE76427	GSM2011285	GPL10558	expression_array	Primary HCC tumor tissue, 19	hepatocellular carcinoma tumor tissue	tumor	HCC19	GEO characteristic: patient id	high	yes	yes	include		NCBI GEO GSE76427 full SOFT export
GSE76427	GSM2011286	GPL10558	expression_array	Primary HCC tumor tissue, 62	hepatocellular carcinoma tumor tissue	tumor	HCC62	GEO characteristic: patient id	high	yes	yes	include		NCBI GEO GSE76427 full SOFT export
GSE76427	GSM2011287	GPL10558	expression_array	Primary HCC tumor tissue, 21	hepatocellular carcinoma tumor tissue	tumor	HCC21	GEO characteristic: patient id	high	yes	yes	include		NCBI GEO GSE76427 full SOFT export
GSE76427	GSM2011288	GPL10558	expression_array	Primary HCC tumor tissue, 63	hepatocellular carcinoma tumor tissue	tumor	HCC63	GEO characteristic: patient id	high	yes	yes	include		NCBI GEO GSE76427 full SOFT export
GSE76427	GSM2011289	GPL10558	expression_array	Primary HCC tumor tissue, 46	hepatocellular carcinoma tumor tissue	tumor	HCC46	GEO characteristic: patient id	high	yes	yes	include		NCBI GEO GSE76427 full SOFT export
GSE76427	GSM2011290	GPL10558	expression_array	Primary HCC tumor tissue, 60	hepatocellular carcinoma tumor tissue	tumor	HCC60	GEO characteristic: patient id	high	yes	yes	include		NCBI GEO GSE76427 full SOFT export
GSE76427	GSM2011291	GPL10558	expression_array	Primary HCC tumor tissue, 8	hepatocellular carcinoma tumor tissue	tumor	HCC8	GEO characteristic: patient id	high	yes	yes	include		NCBI GEO GSE76427 full SOFT export
GSE76427	GSM2011292	GPL10558	expression_array	Primary HCC tumor tissue, 66	hepatocellular carcinoma tumor tissue	tumor	HCC66	GEO characteristic: patient id	high	yes	yes	include		NCBI GEO GSE76427 full SOFT export
GSE76427	GSM2011293	GPL10558	expression_array	Primary HCC tumor tissue, 17	hepatocellular carcinoma tumor tissue	tumor	HCC17	GEO characteristic: patient id	high	yes	yes	include		NCBI GEO GSE76427 full SOFT export
GSE76427	GSM2011294	GPL10558	expression_array	Primary HCC tumor tissue, 58	hepatocellular carcinoma tumor tissue	tumor	HCC58	GEO characteristic: patient id	high	yes	yes	include		NCBI GEO GSE76427 full SOFT export
GSE76427	GSM2011295	GPL10558	expression_array	Primary HCC tumor tissue, 61	hepatocellular carcinoma tumor tissue	tumor	HCC61	GEO characteristic: patient id	high	yes	yes	include		NCBI GEO GSE76427 full SOFT export
GSE76427	GSM2011296	GPL10558	expression_array	Primary HCC tumor tissue, 24	hepatocellular carcinoma tumor tissue	tumor	HCC24	GEO characteristic: patient id	high	yes	yes	include		NCBI GEO GSE76427 full SOFT export
GSE76427	GSM2011297	GPL10558	expression_array	Primary HCC tumor tissue, 25	hepatocellular carcinoma tumor tissue	tumor	HCC25	GEO characteristic: patient id	high	yes	yes	include		NCBI GEO GSE76427 full SOFT export
GSE76427	GSM2011298	GPL10558	expression_array	Primary HCC tumor tissue, 54	hepatocellular carcinoma tumor tissue	tumor	HCC54	GEO characteristic: patient id	high	yes	yes	include		NCBI GEO GSE76427 full SOFT export
GSE76427	GSM2011299	GPL10558	expression_array	Primary HCC tumor tissue, 83	hepatocellular carcinoma tumor tissue	tumor	HCC83	GEO characteristic: patient id	high	yes	yes	include		NCBI GEO GSE76427 full SOFT export
GSE76427	GSM2011300	GPL10558	expression_array	Primary HCC tumor tissue, 88	hepatocellular carcinoma tumor tissue	tumor	HCC88	GEO characteristic: patient id	high	yes	yes	include		NCBI GEO GSE76427 full SOFT export
GSE76427	GSM2011301	GPL10558	expression_array	Primary HCC tumor tissue, 85	hepatocellular carcinoma tumor tissue	tumor	HCC85	GEO characteristic: patient id	high	yes	yes	include		NCBI GEO GSE76427 full SOFT export
GSE76427	GSM2011302	GPL10558	expression_array	Primary HCC tumor tissue, 18	hepatocellular carcinoma tumor tissue	tumor	HCC18	GEO characteristic: patient id	high	yes	yes	include		NCBI GEO GSE76427 full SOFT export
GSE76427	GSM2011303	GPL10558	expression_array	Primary HCC tumor tissue, 73	hepatocellular carcinoma tumor tissue	tumor	HCC73	GEO characteristic: patient id	high	yes	yes	include		NCBI GEO GSE76427 full SOFT export
GSE76427	GSM2011304	GPL10558	expression_array	Primary HCC tumor tissue, 40	hepatocellular carcinoma tumor tissue	tumor	HCC40	GEO characteristic: patient id	high	yes	yes	include		NCBI GEO GSE76427 full SOFT export
GSE76427	GSM2011305	GPL10558	expression_array	Primary HCC tumor tissue, 53	hepatocellular carcinoma tumor tissue	tumor	HCC53	GEO characteristic: patient id	high	yes	yes	include		NCBI GEO GSE76427 full SOFT export
GSE76427	GSM2011306	GPL10558	expression_array	Primary HCC tumor tissue, 78	hepatocellular carcinoma tumor tissue	tumor	HCC78	GEO characteristic: patient id	high	yes	yes	include		NCBI GEO GSE76427 full SOFT export
GSE76427	GSM2011307	GPL10558	expression_array	Primary HCC tumor tissue, 16	hepatocellular carcinoma tumor tissue	tumor	HCC16	GEO characteristic: patient id	high	yes	yes	include		NCBI GEO GSE76427 full SOFT export
GSE76427	GSM2011308	GPL10558	expression_array	Primary HCC tumor tissue, 97	hepatocellular carcinoma tumor tissue	tumor	HCC97	GEO characteristic: patient id	high	yes	yes	include		NCBI GEO GSE76427 full SOFT export
GSE76427	GSM2011309	GPL10558	expression_array	Primary HCC tumor tissue, 41	hepatocellular carcinoma tumor tissue	tumor	HCC41	GEO characteristic: patient id	high	yes	yes	include		NCBI GEO GSE76427 full SOFT export
GSE76427	GSM2011310	GPL10558	expression_array	Primary HCC tumor tissue, 57	hepatocellular carcinoma tumor tissue	tumor	HCC57	GEO characteristic: patient id	high	yes	yes	include		NCBI GEO GSE76427 full SOFT export
GSE76427	GSM2011311	GPL10558	expression_array	Primary HCC tumor tissue, 99	hepatocellular carcinoma tumor tissue	tumor	HCC99	GEO characteristic: patient id	high	yes	yes	include		NCBI GEO GSE76427 full SOFT export
GSE76427	GSM2011312	GPL10558	expression_array	Primary HCC tumor tissue, 101	hepatocellular carcinoma tumor tissue	tumor	HCC101	GEO characteristic: patient id	high	yes	yes	include		NCBI GEO GSE76427 full SOFT export
GSE76427	GSM2011313	GPL10558	expression_array	Primary HCC tumor tissue, 76	hepatocellular carcinoma tumor tissue	tumor	HCC76	GEO characteristic: patient id	high	yes	yes	include		NCBI GEO GSE76427 full SOFT export
GSE76427	GSM2011314	GPL10558	expression_array	Primary HCC tumor tissue, 98	hepatocellular carcinoma tumor tissue	tumor	HCC98	GEO characteristic: patient id	high	yes	yes	include		NCBI GEO GSE76427 full SOFT export
GSE76427	GSM2011315	GPL10558	expression_array	Primary HCC tumor tissue, 6	hepatocellular carcinoma tumor tissue	tumor	HCC6	GEO characteristic: patient id	high	yes	yes	include		NCBI GEO GSE76427 full SOFT export
GSE76427	GSM2011316	GPL10558	expression_array	Primary HCC tumor tissue, 26	hepatocellular carcinoma tumor tissue	tumor	HCC26	GEO characteristic: patient id	high	yes	yes	include		NCBI GEO GSE76427 full SOFT export
GSE76427	GSM2011317	GPL10558	expression_array	Primary HCC tumor tissue, 3	hepatocellular carcinoma tumor tissue	tumor	HCC3	GEO characteristic: patient id	high	yes	yes	include		NCBI GEO GSE76427 full SOFT export
GSE76427	GSM2011318	GPL10558	expression_array	Primary HCC tumor tissue, 34	hepatocellular carcinoma tumor tissue	tumor	HCC34	GEO characteristic: patient id	high	yes	yes	include		NCBI GEO GSE76427 full SOFT export
GSE76427	GSM2011319	GPL10558	expression_array	Primary HCC tumor tissue, 72	hepatocellular carcinoma tumor tissue	tumor	HCC72	GEO characteristic: patient id	high	yes	yes	include		NCBI GEO GSE76427 full SOFT export
GSE76427	GSM2011320	GPL10558	expression_array	Primary HCC tumor tissue, 31	hepatocellular carcinoma tumor tissue	tumor	HCC31	GEO characteristic: patient id	high	yes	yes	include		NCBI GEO GSE76427 full SOFT export
GSE76427	GSM2011321	GPL10558	expression_array	Primary HCC tumor tissue, 22	hepatocellular carcinoma tumor tissue	tumor	HCC22	GEO characteristic: patient id	high	yes	yes	include		NCBI GEO GSE76427 full SOFT export
GSE76427	GSM2011322	GPL10558	expression_array	Primary HCC tumor tissue, 32	hepatocellular carcinoma tumor tissue	tumor	HCC32	GEO characteristic: patient id	high	yes	yes	include		NCBI GEO GSE76427 full SOFT export
GSE76427	GSM2011323	GPL10558	expression_array	Primary HCC tumor tissue, 102	hepatocellular carcinoma tumor tissue	tumor	HCC102	GEO characteristic: patient id	high	yes	yes	include		NCBI GEO GSE76427 full SOFT export
GSE76427	GSM2011324	GPL10558	expression_array	Primary HCC tumor tissue, 103	hepatocellular carcinoma tumor tissue	tumor	HCC103	GEO characteristic: patient id	high	yes	yes	include		NCBI GEO GSE76427 full SOFT export
GSE76427	GSM2011325	GPL10558	expression_array	Primary HCC tumor tissue, 5	hepatocellular carcinoma tumor tissue	tumor	HCC5	GEO characteristic: patient id	high	yes	yes	include		NCBI GEO GSE76427 full SOFT export
GSE76427	GSM2011326	GPL10558	expression_array	Primary HCC tumor tissue, 4	hepatocellular carcinoma tumor tissue	tumor	HCC4	GEO characteristic: patient id	high	yes	yes	include		NCBI GEO GSE76427 full SOFT export
GSE76427	GSM2011327	GPL10558	expression_array	Primary HCC tumor tissue, 7	hepatocellular carcinoma tumor tissue	tumor	HCC7	GEO characteristic: patient id	high	yes	yes	include		NCBI GEO GSE76427 full SOFT export
GSE76427	GSM2011328	GPL10558	expression_array	Primary HCC tumor tissue, 11	hepatocellular carcinoma tumor tissue	tumor	HCC11	GEO characteristic: patient id	high	yes	yes	include		NCBI GEO GSE76427 full SOFT export
GSE76427	GSM2011329	GPL10558	expression_array	Primary HCC tumor tissue, 23	hepatocellular carcinoma tumor tissue	tumor	HCC23	GEO characteristic: patient id	high	yes	yes	include		NCBI GEO GSE76427 full SOFT export
GSE76427	GSM2011330	GPL10558	expression_array	Primary HCC tumor tissue, 36	hepatocellular carcinoma tumor tissue	tumor	HCC36	GEO characteristic: patient id	high	yes	yes	include		NCBI GEO GSE76427 full SOFT export
GSE76427	GSM2011331	GPL10558	expression_array	Primary HCC tumor tissue, 47	hepatocellular carcinoma tumor tissue	tumor	HCC47	GEO characteristic: patient id	high	yes	yes	include		NCBI GEO GSE76427 full SOFT export
GSE76427	GSM2011332	GPL10558	expression_array	Primary HCC tumor tissue, 70	hepatocellular carcinoma tumor tissue	tumor	HCC70	GEO characteristic: patient id	high	yes	yes	include		NCBI GEO GSE76427 full SOFT export
GSE76427	GSM2011333	GPL10558	expression_array	Primary HCC tumor tissue, 84	hepatocellular carcinoma tumor tissue	tumor	HCC84	GEO characteristic: patient id	high	yes	yes	include		NCBI GEO GSE76427 full SOFT export
GSE76427	GSM2011334	GPL10558	expression_array	Primary HCC tumor tissue, 14	hepatocellular carcinoma tumor tissue	tumor	HCC14	GEO characteristic: patient id	high	yes	yes	include		NCBI GEO GSE76427 full SOFT export
GSE76427	GSM2011335	GPL10558	expression_array	Primary HCC tumor tissue, 37	hepatocellular carcinoma tumor tissue	tumor	HCC37	GEO characteristic: patient id	high	yes	yes	include		NCBI GEO GSE76427 full SOFT export
GSE76427	GSM2011336	GPL10558	expression_array	Primary HCC tumor tissue, 82	hepatocellular carcinoma tumor tissue	tumor	HCC82	GEO characteristic: patient id	high	yes	yes	include		NCBI GEO GSE76427 full SOFT export
GSE76427	GSM2011337	GPL10558	expression_array	Primary HCC tumor tissue, 104	hepatocellular carcinoma tumor tissue	tumor	HCC104	GEO characteristic: patient id	high	yes	no	include		NCBI GEO GSE76427 full SOFT export
GSE76427	GSM2011338	GPL10558	expression_array	Primary HCC tumor tissue, 29	hepatocellular carcinoma tumor tissue	tumor	HCC29	GEO characteristic: patient id	high	yes	no	include		NCBI GEO GSE76427 full SOFT export
GSE76427	GSM2011339	GPL10558	expression_array	Primary HCC tumor tissue, 51	hepatocellular carcinoma tumor tissue	tumor	HCC51	GEO characteristic: patient id	high	yes	no	include		NCBI GEO GSE76427 full SOFT export
GSE76427	GSM2011340	GPL10558	expression_array	Primary HCC tumor tissue, 100	hepatocellular carcinoma tumor tissue	tumor	HCC100	GEO characteristic: patient id	high	yes	no	include		NCBI GEO GSE76427 full SOFT export
GSE76427	GSM2011341	GPL10558	expression_array	Primary HCC tumor tissue, 115	hepatocellular carcinoma tumor tissue	tumor	HCC115	GEO characteristic: patient id	high	yes	no	include		NCBI GEO GSE76427 full SOFT export
GSE76427	GSM2011342	GPL10558	expression_array	Primary HCC tumor tissue, 109	hepatocellular carcinoma tumor tissue	tumor	HCC109	GEO characteristic: patient id	high	yes	no	include		NCBI GEO GSE76427 full SOFT export
GSE76427	GSM2011343	GPL10558	expression_array	Primary HCC tumor tissue, 107	hepatocellular carcinoma tumor tissue	tumor	HCC107	GEO characteristic: patient id	high	yes	no	include		NCBI GEO GSE76427 full SOFT export
GSE76427	GSM2011344	GPL10558	expression_array	Primary HCC tumor tissue, 110	hepatocellular carcinoma tumor tissue	tumor	HCC110	GEO characteristic: patient id	high	yes	no	include		NCBI GEO GSE76427 full SOFT export
GSE76427	GSM2011345	GPL10558	expression_array	Primary HCC tumor tissue, 30	hepatocellular carcinoma tumor tissue	tumor	HCC30	GEO characteristic: patient id	high	yes	no	include		NCBI GEO GSE76427 full SOFT export
GSE76427	GSM2011346	GPL10558	expression_array	Primary HCC tumor tissue, 33	hepatocellular carcinoma tumor tissue	tumor	HCC33	GEO characteristic: patient id	high	yes	no	include		NCBI GEO GSE76427 full SOFT export
GSE76427	GSM2011347	GPL10558	expression_array	Primary HCC tumor tissue, 96	hepatocellular carcinoma tumor tissue	tumor	HCC96	GEO characteristic: patient id	high	yes	no	include		NCBI GEO GSE76427 full SOFT export
GSE76427	GSM2011348	GPL10558	expression_array	Primary HCC tumor tissue, 79	hepatocellular carcinoma tumor tissue	tumor	HCC79	GEO characteristic: patient id	high	yes	no	include		NCBI GEO GSE76427 full SOFT export
GSE76427	GSM2011349	GPL10558	expression_array	Primary HCC tumor tissue, 92	hepatocellular carcinoma tumor tissue	tumor	HCC92	GEO characteristic: patient id	high	yes	no	include		NCBI GEO GSE76427 full SOFT export
GSE76427	GSM2011350	GPL10558	expression_array	Primary HCC tumor tissue, 94	hepatocellular carcinoma tumor tissue	tumor	HCC94	GEO characteristic: patient id	high	yes	no	include		NCBI GEO GSE76427 full SOFT export
GSE76427	GSM2011351	GPL10558	expression_array	Primary HCC tumor tissue, 95	hepatocellular carcinoma tumor tissue	tumor	HCC95	GEO characteristic: patient id	high	yes	no	include		NCBI GEO GSE76427 full SOFT export
GSE76427	GSM2011352	GPL10558	expression_array	Primary HCC tumor tissue, 93	hepatocellular carcinoma tumor tissue	tumor	HCC93	GEO characteristic: patient id	high	yes	no	include		NCBI GEO GSE76427 full SOFT export
GSE76427	GSM2011353	GPL10558	expression_array	Primary HCC tumor tissue, 114	hepatocellular carcinoma tumor tissue	tumor	HCC114	GEO characteristic: patient id	high	yes	no	include		NCBI GEO GSE76427 full SOFT export
GSE76427	GSM2011354	GPL10558	expression_array	Primary HCC tumor tissue, 35	hepatocellular carcinoma tumor tissue	tumor	HCC35	GEO characteristic: patient id	high	yes	no	include		NCBI GEO GSE76427 full SOFT export
GSE76427	GSM2011355	GPL10558	expression_array	Primary HCC tumor tissue, 44	hepatocellular carcinoma tumor tissue	tumor	HCC44	GEO characteristic: patient id	high	yes	no	include		NCBI GEO GSE76427 full SOFT export
GSE76427	GSM2011356	GPL10558	expression_array	Primary HCC tumor tissue, 2	hepatocellular carcinoma tumor tissue	tumor	HCC2	GEO characteristic: patient id	high	yes	no	include		NCBI GEO GSE76427 full SOFT export
GSE76427	GSM2011357	GPL10558	expression_array	Primary HCC tumor tissue, 1	hepatocellular carcinoma tumor tissue	tumor	HCC1	GEO characteristic: patient id	high	yes	no	include		NCBI GEO GSE76427 full SOFT export
GSE76427	GSM2011358	GPL10558	expression_array	Primary HCC tumor tissue, 43	hepatocellular carcinoma tumor tissue	tumor	HCC43	GEO characteristic: patient id	high	yes	no	include		NCBI GEO GSE76427 full SOFT export
GSE76427	GSM2011359	GPL10558	expression_array	Primary HCC tumor tissue, 48	hepatocellular carcinoma tumor tissue	tumor	HCC48	GEO characteristic: patient id	high	yes	no	include		NCBI GEO GSE76427 full SOFT export
GSE76427	GSM2011360	GPL10558	expression_array	Primary HCC tumor tissue, 80	hepatocellular carcinoma tumor tissue	tumor	HCC80	GEO characteristic: patient id	high	yes	no	include		NCBI GEO GSE76427 full SOFT export
GSE76427	GSM2011361	GPL10558	expression_array	Primary HCC tumor tissue, 81	hepatocellular carcinoma tumor tissue	tumor	HCC81	GEO characteristic: patient id	high	yes	no	include		NCBI GEO GSE76427 full SOFT export
GSE76427	GSM2011362	GPL10558	expression_array	Primary HCC tumor tissue, 86	hepatocellular carcinoma tumor tissue	tumor	HCC86	GEO characteristic: patient id	high	yes	no	include		NCBI GEO GSE76427 full SOFT export
GSE76427	GSM2011363	GPL10558	expression_array	Primary HCC tumor tissue, 87	hepatocellular carcinoma tumor tissue	tumor	HCC87	GEO characteristic: patient id	high	yes	no	include		NCBI GEO GSE76427 full SOFT export
GSE76427	GSM2011364	GPL10558	expression_array	Primary HCC tumor tissue, 89	hepatocellular carcinoma tumor tissue	tumor	HCC89	GEO characteristic: patient id	high	yes	no	include		NCBI GEO GSE76427 full SOFT export
GSE76427	GSM2011365	GPL10558	expression_array	Primary HCC tumor tissue, 90	hepatocellular carcinoma tumor tissue	tumor	HCC90	GEO characteristic: patient id	high	yes	no	include		NCBI GEO GSE76427 full SOFT export
GSE76427	GSM2011366	GPL10558	expression_array	Primary HCC tumor tissue, 105	hepatocellular carcinoma tumor tissue	tumor	HCC105	GEO characteristic: patient id	high	yes	no	include		NCBI GEO GSE76427 full SOFT export
GSE76427	GSM2011367	GPL10558	expression_array	Primary HCC tumor tissue, 106	hepatocellular carcinoma tumor tissue	tumor	HCC106	GEO characteristic: patient id	high	yes	no	include		NCBI GEO GSE76427 full SOFT export
GSE76427	GSM2011368	GPL10558	expression_array	Primary HCC tumor tissue, 113	hepatocellular carcinoma tumor tissue	tumor	HCC113	GEO characteristic: patient id	high	yes	no	include		NCBI GEO GSE76427 full SOFT export
GSE76427	GSM2011369	GPL10558	expression_array	Primary HCC tumor tissue, 112	hepatocellular carcinoma tumor tissue	tumor	HCC112	GEO characteristic: patient id	high	yes	no	include		NCBI GEO GSE76427 full SOFT export
GSE76427	GSM2011370	GPL10558	expression_array	Primary HCC tumor tissue, 111	hepatocellular carcinoma tumor tissue	tumor	HCC111	GEO characteristic: patient id	high	yes	no	include		NCBI GEO GSE76427 full SOFT export
GSE76427	GSM2011371	GPL10558	expression_array	Primary HCC tumor tissue, 108	hepatocellular carcinoma tumor tissue	tumor	HCC108	GEO characteristic: patient id	high	yes	no	include		NCBI GEO GSE76427 full SOFT export
GSE76427	GSM2011372	GPL10558	expression_array	Primary HCC tumor tissue, 9	hepatocellular carcinoma tumor tissue	tumor	HCC9	GEO characteristic: patient id	high	yes	no	include		NCBI GEO GSE76427 full SOFT export
GSE76427	GSM2011373	GPL10558	expression_array	Primary HCC tumor tissue, 10	hepatocellular carcinoma tumor tissue	tumor	HCC10	GEO characteristic: patient id	high	yes	no	include		NCBI GEO GSE76427 full SOFT export
GSE76427	GSM2011374	GPL10558	expression_array	Primary HCC tumor tissue, 12	hepatocellular carcinoma tumor tissue	tumor	HCC12	GEO characteristic: patient id	high	yes	no	include		NCBI GEO GSE76427 full SOFT export
GSE76427	GSM2011375	GPL10558	expression_array	Primary HCC tumor tissue, 13	hepatocellular carcinoma tumor tissue	tumor	HCC13	GEO characteristic: patient id	high	yes	no	include		NCBI GEO GSE76427 full SOFT export
GSE76427	GSM2011376	GPL10558	expression_array	Primary HCC tumor tissue, 15	hepatocellular carcinoma tumor tissue	tumor	HCC15	GEO characteristic: patient id	high	yes	no	include		NCBI GEO GSE76427 full SOFT export
GSE76427	GSM2011377	GPL10558	expression_array	Primary HCC tumor tissue, 20	hepatocellular carcinoma tumor tissue	tumor	HCC20	GEO characteristic: patient id	high	yes	no	include		NCBI GEO GSE76427 full SOFT export
GSE76427	GSM2011378	GPL10558	expression_array	Primary HCC tumor tissue, 91	hepatocellular carcinoma tumor tissue	tumor	HCC91	GEO characteristic: patient id	high	yes	no	include		NCBI GEO GSE76427 full SOFT export
GSE76427	GSM2011379	GPL10558	expression_array	Primary HCC tumor tissue, 27	hepatocellular carcinoma tumor tissue	tumor	HCC27	GEO characteristic: patient id	high	yes	no	include		NCBI GEO GSE76427 full SOFT export
GSE76427	GSM2011380	GPL10558	expression_array	Primary HCC tumor tissue, 28	hepatocellular carcinoma tumor tissue	tumor	HCC28	GEO characteristic: patient id	high	yes	no	include		NCBI GEO GSE76427 full SOFT export
GSE76427	GSM2011381	GPL10558	expression_array	Primary HCC tumor tissue, 38	hepatocellular carcinoma tumor tissue	tumor	HCC38	GEO characteristic: patient id	high	yes	no	include		NCBI GEO GSE76427 full SOFT export
GSE76427	GSM2011382	GPL10558	expression_array	Primary HCC tumor tissue, 39	hepatocellular carcinoma tumor tissue	tumor	HCC39	GEO characteristic: patient id	high	yes	no	include		NCBI GEO GSE76427 full SOFT export
GSE76427	GSM2011383	GPL10558	expression_array	Primary HCC tumor tissue, 42	hepatocellular carcinoma tumor tissue	tumor	HCC42	GEO characteristic: patient id	high	yes	no	include		NCBI GEO GSE76427 full SOFT export
GSE76427	GSM2011384	GPL10558	expression_array	Primary HCC tumor tissue, 45	hepatocellular carcinoma tumor tissue	tumor	HCC45	GEO characteristic: patient id	high	yes	no	include		NCBI GEO GSE76427 full SOFT export
GSE76427	GSM2011385	GPL10558	expression_array	Primary HCC tumor tissue, 49	hepatocellular carcinoma tumor tissue	tumor	HCC49	GEO characteristic: patient id	high	yes	no	include		NCBI GEO GSE76427 full SOFT export
GSE76427	GSM2011386	GPL10558	expression_array	Primary HCC tumor tissue, 50	hepatocellular carcinoma tumor tissue	tumor	HCC50	GEO characteristic: patient id	high	yes	no	include		NCBI GEO GSE76427 full SOFT export
GSE76427	GSM2011387	GPL10558	expression_array	Primary HCC tumor tissue, 52	hepatocellular carcinoma tumor tissue	tumor	HCC52	GEO characteristic: patient id	high	yes	no	include		NCBI GEO GSE76427 full SOFT export
GSE76427	GSM2011388	GPL10558	expression_array	Primary HCC tumor tissue, 55	hepatocellular carcinoma tumor tissue	tumor	HCC55	GEO characteristic: patient id	high	yes	no	include		NCBI GEO GSE76427 full SOFT export
GSE76427	GSM2011389	GPL10558	expression_array	Primary HCC tumor tissue, 56	hepatocellular carcinoma tumor tissue	tumor	HCC56	GEO characteristic: patient id	high	yes	no	include		NCBI GEO GSE76427 full SOFT export
GSE76427	GSM2011390	GPL10558	expression_array	Primary HCC tumor tissue, 59	hepatocellular carcinoma tumor tissue	tumor	HCC59	GEO characteristic: patient id	high	yes	no	include		NCBI GEO GSE76427 full SOFT export
GSE76427	GSM2011391	GPL10558	expression_array	Primary HCC tumor tissue, 64	hepatocellular carcinoma tumor tissue	tumor	HCC64	GEO characteristic: patient id	high	yes	no	include		NCBI GEO GSE76427 full SOFT export
GSE76427	GSM2011392	GPL10558	expression_array	Primary HCC tumor tissue, 65	hepatocellular carcinoma tumor tissue	tumor	HCC65	GEO characteristic: patient id	high	yes	no	include		NCBI GEO GSE76427 full SOFT export
GSE76427	GSM2011393	GPL10558	expression_array	Primary HCC tumor tissue, 67	hepatocellular carcinoma tumor tissue	tumor	HCC67	GEO characteristic: patient id	high	yes	no	include		NCBI GEO GSE76427 full SOFT export
GSE76427	GSM2011394	GPL10558	expression_array	Primary HCC tumor tissue, 68	hepatocellular carcinoma tumor tissue	tumor	HCC68	GEO characteristic: patient id	high	yes	no	include		NCBI GEO GSE76427 full SOFT export
GSE76427	GSM2011395	GPL10558	expression_array	Primary HCC tumor tissue, 69	hepatocellular carcinoma tumor tissue	tumor	HCC69	GEO characteristic: patient id	high	yes	no	include		NCBI GEO GSE76427 full SOFT export
GSE76427	GSM2011396	GPL10558	expression_array	Primary HCC tumor tissue, 71	hepatocellular carcinoma tumor tissue	tumor	HCC71	GEO characteristic: patient id	high	yes	no	include		NCBI GEO GSE76427 full SOFT export
GSE76427	GSM2011397	GPL10558	expression_array	Primary HCC tumor tissue, 74	hepatocellular carcinoma tumor tissue	tumor	HCC74	GEO characteristic: patient id	high	yes	no	include		NCBI GEO GSE76427 full SOFT export
GSE76427	GSM2011398	GPL10558	expression_array	Primary HCC tumor tissue, 75	hepatocellular carcinoma tumor tissue	tumor	HCC75	GEO characteristic: patient id	high	yes	no	include		NCBI GEO GSE76427 full SOFT export
GSE76427	GSM2011399	GPL10558	expression_array	Primary HCC tumor tissue, 77	hepatocellular carcinoma tumor tissue	tumor	HCC77	GEO characteristic: patient id	high	yes	no	include		NCBI GEO GSE76427 full SOFT export
GSE76427	GSM2011400	GPL10558	expression_array	Adjacent non-tumor tissue, 19	adjacent non-tumor tissue	control	HCC19	GEO characteristic: patient id	high	yes	yes	include		NCBI GEO GSE76427 full SOFT export
GSE76427	GSM2011401	GPL10558	expression_array	Adjacent non-tumor tissue, 62	adjacent non-tumor tissue	control	HCC62	GEO characteristic: patient id	high	yes	yes	include		NCBI GEO GSE76427 full SOFT export
GSE76427	GSM2011402	GPL10558	expression_array	Adjacent non-tumor tissue, 21	adjacent non-tumor tissue	control	HCC21	GEO characteristic: patient id	high	yes	yes	include		NCBI GEO GSE76427 full SOFT export
GSE76427	GSM2011403	GPL10558	expression_array	Adjacent non-tumor tissue, 63	adjacent non-tumor tissue	control	HCC63	GEO characteristic: patient id	high	yes	yes	include		NCBI GEO GSE76427 full SOFT export
GSE76427	GSM2011404	GPL10558	expression_array	Adjacent non-tumor tissue, 46	adjacent non-tumor tissue	control	HCC46	GEO characteristic: patient id	high	yes	yes	include		NCBI GEO GSE76427 full SOFT export
GSE76427	GSM2011405	GPL10558	expression_array	Adjacent non-tumor tissue, 60	adjacent non-tumor tissue	control	HCC60	GEO characteristic: patient id	high	yes	yes	include		NCBI GEO GSE76427 full SOFT export
GSE76427	GSM2011406	GPL10558	expression_array	Adjacent non-tumor tissue, 8	adjacent non-tumor tissue	control	HCC8	GEO characteristic: patient id	high	yes	yes	include		NCBI GEO GSE76427 full SOFT export
GSE76427	GSM2011407	GPL10558	expression_array	Adjacent non-tumor tissue, 66	adjacent non-tumor tissue	control	HCC66	GEO characteristic: patient id	high	yes	yes	include		NCBI GEO GSE76427 full SOFT export
GSE76427	GSM2011408	GPL10558	expression_array	Adjacent non-tumor tissue, 17	adjacent non-tumor tissue	control	HCC17	GEO characteristic: patient id	high	yes	yes	include		NCBI GEO GSE76427 full SOFT export
GSE76427	GSM2011409	GPL10558	expression_array	Adjacent non-tumor tissue, 58	adjacent non-tumor tissue	control	HCC58	GEO characteristic: patient id	high	yes	yes	include		NCBI GEO GSE76427 full SOFT export
GSE76427	GSM2011410	GPL10558	expression_array	Adjacent non-tumor tissue, 61	adjacent non-tumor tissue	control	HCC61	GEO characteristic: patient id	high	yes	yes	include		NCBI GEO GSE76427 full SOFT export
GSE76427	GSM2011411	GPL10558	expression_array	Adjacent non-tumor tissue, 24	adjacent non-tumor tissue	control	HCC24	GEO characteristic: patient id	high	yes	yes	include		NCBI GEO GSE76427 full SOFT export
GSE76427	GSM2011412	GPL10558	expression_array	Adjacent non-tumor tissue, 25	adjacent non-tumor tissue	control	HCC25	GEO characteristic: patient id	high	yes	yes	include		NCBI GEO GSE76427 full SOFT export
GSE76427	GSM2011413	GPL10558	expression_array	Adjacent non-tumor tissue, 54	adjacent non-tumor tissue	control	HCC54	GEO characteristic: patient id	high	yes	yes	include		NCBI GEO GSE76427 full SOFT export
GSE76427	GSM2011414	GPL10558	expression_array	Adjacent non-tumor tissue, 83	adjacent non-tumor tissue	control	HCC83	GEO characteristic: patient id	high	yes	yes	include		NCBI GEO GSE76427 full SOFT export
GSE76427	GSM2011415	GPL10558	expression_array	Adjacent non-tumor tissue, 88	adjacent non-tumor tissue	control	HCC88	GEO characteristic: patient id	high	yes	yes	include		NCBI GEO GSE76427 full SOFT export
GSE76427	GSM2011416	GPL10558	expression_array	Adjacent non-tumor tissue, 85	adjacent non-tumor tissue	control	HCC85	GEO characteristic: patient id	high	yes	yes	include		NCBI GEO GSE76427 full SOFT export
GSE76427	GSM2011417	GPL10558	expression_array	Adjacent non-tumor tissue, 18	adjacent non-tumor tissue	control	HCC18	GEO characteristic: patient id	high	yes	yes	include		NCBI GEO GSE76427 full SOFT export
GSE76427	GSM2011418	GPL10558	expression_array	Adjacent non-tumor tissue, 73	adjacent non-tumor tissue	control	HCC73	GEO characteristic: patient id	high	yes	yes	include		NCBI GEO GSE76427 full SOFT export
GSE76427	GSM2011419	GPL10558	expression_array	Adjacent non-tumor tissue, 40	adjacent non-tumor tissue	control	HCC40	GEO characteristic: patient id	high	yes	yes	include		NCBI GEO GSE76427 full SOFT export
GSE76427	GSM2011420	GPL10558	expression_array	Adjacent non-tumor tissue, 53	adjacent non-tumor tissue	control	HCC53	GEO characteristic: patient id	high	yes	yes	include		NCBI GEO GSE76427 full SOFT export
GSE76427	GSM2011421	GPL10558	expression_array	Adjacent non-tumor tissue, 78	adjacent non-tumor tissue	control	HCC78	GEO characteristic: patient id	high	yes	yes	include		NCBI GEO GSE76427 full SOFT export
GSE76427	GSM2011422	GPL10558	expression_array	Adjacent non-tumor tissue, 16	adjacent non-tumor tissue	control	HCC16	GEO characteristic: patient id	high	yes	yes	include		NCBI GEO GSE76427 full SOFT export
GSE76427	GSM2011423	GPL10558	expression_array	Adjacent non-tumor tissue, 97	adjacent non-tumor tissue	control	HCC97	GEO characteristic: patient id	high	yes	yes	include		NCBI GEO GSE76427 full SOFT export
GSE76427	GSM2011424	GPL10558	expression_array	Adjacent non-tumor tissue, 41	adjacent non-tumor tissue	control	HCC41	GEO characteristic: patient id	high	yes	yes	include		NCBI GEO GSE76427 full SOFT export
GSE76427	GSM2011425	GPL10558	expression_array	Adjacent non-tumor tissue, 57	adjacent non-tumor tissue	control	HCC57	GEO characteristic: patient id	high	yes	yes	include		NCBI GEO GSE76427 full SOFT export
GSE76427	GSM2011426	GPL10558	expression_array	Adjacent non-tumor tissue, 99	adjacent non-tumor tissue	control	HCC99	GEO characteristic: patient id	high	yes	yes	include		NCBI GEO GSE76427 full SOFT export
GSE76427	GSM2011427	GPL10558	expression_array	Adjacent non-tumor tissue, 101	adjacent non-tumor tissue	control	HCC101	GEO characteristic: patient id	high	yes	yes	include		NCBI GEO GSE76427 full SOFT export
GSE76427	GSM2011428	GPL10558	expression_array	Adjacent non-tumor tissue, 76	adjacent non-tumor tissue	control	HCC76	GEO characteristic: patient id	high	yes	yes	include		NCBI GEO GSE76427 full SOFT export
GSE76427	GSM2011429	GPL10558	expression_array	Adjacent non-tumor tissue, 98	adjacent non-tumor tissue	control	HCC98	GEO characteristic: patient id	high	yes	yes	include		NCBI GEO GSE76427 full SOFT export
GSE76427	GSM2011430	GPL10558	expression_array	Adjacent non-tumor tissue, 6	adjacent non-tumor tissue	control	HCC6	GEO characteristic: patient id	high	yes	yes	include		NCBI GEO GSE76427 full SOFT export
GSE76427	GSM2011431	GPL10558	expression_array	Adjacent non-tumor tissue, 26	adjacent non-tumor tissue	control	HCC26	GEO characteristic: patient id	high	yes	yes	include		NCBI GEO GSE76427 full SOFT export
GSE76427	GSM2011432	GPL10558	expression_array	Adjacent non-tumor tissue, 3	adjacent non-tumor tissue	control	HCC3	GEO characteristic: patient id	high	yes	yes	include		NCBI GEO GSE76427 full SOFT export
GSE76427	GSM2011433	GPL10558	expression_array	Adjacent non-tumor tissue, 34	adjacent non-tumor tissue	control	HCC34	GEO characteristic: patient id	high	yes	yes	include		NCBI GEO GSE76427 full SOFT export
GSE76427	GSM2011434	GPL10558	expression_array	Adjacent non-tumor tissue, 72	adjacent non-tumor tissue	control	HCC72	GEO characteristic: patient id	high	yes	yes	include		NCBI GEO GSE76427 full SOFT export
GSE76427	GSM2011435	GPL10558	expression_array	Adjacent non-tumor tissue, 31	adjacent non-tumor tissue	control	HCC31	GEO characteristic: patient id	high	yes	yes	include		NCBI GEO GSE76427 full SOFT export
GSE76427	GSM2011436	GPL10558	expression_array	Adjacent non-tumor tissue, 22	adjacent non-tumor tissue	control	HCC22	GEO characteristic: patient id	high	yes	yes	include		NCBI GEO GSE76427 full SOFT export
GSE76427	GSM2011437	GPL10558	expression_array	Adjacent non-tumor tissue, 32	adjacent non-tumor tissue	control	HCC32	GEO characteristic: patient id	high	yes	yes	include		NCBI GEO GSE76427 full SOFT export
GSE76427	GSM2011438	GPL10558	expression_array	Adjacent non-tumor tissue, 102	adjacent non-tumor tissue	control	HCC102	GEO characteristic: patient id	high	yes	yes	include		NCBI GEO GSE76427 full SOFT export
GSE76427	GSM2011439	GPL10558	expression_array	Adjacent non-tumor tissue, 103	adjacent non-tumor tissue	control	HCC103	GEO characteristic: patient id	high	yes	yes	include		NCBI GEO GSE76427 full SOFT export
GSE76427	GSM2011440	GPL10558	expression_array	Adjacent non-tumor tissue, 5	adjacent non-tumor tissue	control	HCC5	GEO characteristic: patient id	high	yes	yes	include		NCBI GEO GSE76427 full SOFT export
GSE76427	GSM2011441	GPL10558	expression_array	Adjacent non-tumor tissue, 4	adjacent non-tumor tissue	control	HCC4	GEO characteristic: patient id	high	yes	yes	include		NCBI GEO GSE76427 full SOFT export
GSE76427	GSM2011442	GPL10558	expression_array	Adjacent non-tumor tissue, 7	adjacent non-tumor tissue	control	HCC7	GEO characteristic: patient id	high	yes	yes	include		NCBI GEO GSE76427 full SOFT export
GSE76427	GSM2011443	GPL10558	expression_array	Adjacent non-tumor tissue, 11	adjacent non-tumor tissue	control	HCC11	GEO characteristic: patient id	high	yes	yes	include		NCBI GEO GSE76427 full SOFT export
GSE76427	GSM2011444	GPL10558	expression_array	Adjacent non-tumor tissue, 23	adjacent non-tumor tissue	control	HCC23	GEO characteristic: patient id	high	yes	yes	include		NCBI GEO GSE76427 full SOFT export
GSE76427	GSM2011445	GPL10558	expression_array	Adjacent non-tumor tissue, 36	adjacent non-tumor tissue	control	HCC36	GEO characteristic: patient id	high	yes	yes	include		NCBI GEO GSE76427 full SOFT export
GSE76427	GSM2011446	GPL10558	expression_array	Adjacent non-tumor tissue, 47	adjacent non-tumor tissue	control	HCC47	GEO characteristic: patient id	high	yes	yes	include		NCBI GEO GSE76427 full SOFT export
GSE76427	GSM2011447	GPL10558	expression_array	Adjacent non-tumor tissue, 70	adjacent non-tumor tissue	control	HCC70	GEO characteristic: patient id	high	yes	yes	include		NCBI GEO GSE76427 full SOFT export
GSE76427	GSM2011448	GPL10558	expression_array	Adjacent non-tumor tissue, 84	adjacent non-tumor tissue	control	HCC84	GEO characteristic: patient id	high	yes	yes	include		NCBI GEO GSE76427 full SOFT export
GSE76427	GSM2011449	GPL10558	expression_array	Adjacent non-tumor tissue, 14	adjacent non-tumor tissue	control	HCC14	GEO characteristic: patient id	high	yes	yes	include		NCBI GEO GSE76427 full SOFT export
GSE76427	GSM2011450	GPL10558	expression_array	Adjacent non-tumor tissue, 37	adjacent non-tumor tissue	control	HCC37	GEO characteristic: patient id	high	yes	yes	include		NCBI GEO GSE76427 full SOFT export
GSE76427	GSM2011451	GPL10558	expression_array	Adjacent non-tumor tissue, 82	adjacent non-tumor tissue	control	HCC82	GEO characteristic: patient id	high	yes	yes	include		NCBI GEO GSE76427 full SOFT export
GSE84402	GSM2233086	GPL570	expression_array	sample1,cancertissue,male	The hepatocellular carcinoma tissues	tumor	pair_1	inferred from consecutive tumor/non-tumor sample numbers and paired overall design	moderate	yes	yes	include		NCBI GEO GSE84402 full SOFT export
GSE84402	GSM2233087	GPL570	expression_array	sample2,non-canceroustissue,male	The corresponding non-cancerous tissues	control	pair_1	inferred from consecutive tumor/non-tumor sample numbers and paired overall design	moderate	yes	yes	include		NCBI GEO GSE84402 full SOFT export
GSE84402	GSM2233088	GPL570	expression_array	sample3,cancertissue,male	The hepatocellular carcinoma tissues	tumor	pair_2	inferred from consecutive tumor/non-tumor sample numbers and paired overall design	moderate	yes	yes	include		NCBI GEO GSE84402 full SOFT export
GSE84402	GSM2233089	GPL570	expression_array	sample4,non-canceroustissue,male	The corresponding non-cancerous tissues	control	pair_2	inferred from consecutive tumor/non-tumor sample numbers and paired overall design	moderate	yes	yes	include		NCBI GEO GSE84402 full SOFT export
GSE84402	GSM2233090	GPL570	expression_array	sample5,cancertissue,male	The hepatocellular carcinoma tissues	tumor	pair_3	inferred from consecutive tumor/non-tumor sample numbers and paired overall design	moderate	yes	yes	include		NCBI GEO GSE84402 full SOFT export
GSE84402	GSM2233091	GPL570	expression_array	sample6,non-canceroustissue,male	The corresponding non-cancerous tissues	control	pair_3	inferred from consecutive tumor/non-tumor sample numbers and paired overall design	moderate	yes	yes	include		NCBI GEO GSE84402 full SOFT export
GSE84402	GSM2233092	GPL570	expression_array	sample11,cancertissue,male	The hepatocellular carcinoma tissues	tumor	pair_6	inferred from consecutive tumor/non-tumor sample numbers and paired overall design	moderate	yes	yes	include		NCBI GEO GSE84402 full SOFT export
GSE84402	GSM2233093	GPL570	expression_array	sample12,non-canceroustissue,male	The corresponding non-cancerous tissues	control	pair_6	inferred from consecutive tumor/non-tumor sample numbers and paired overall design	moderate	yes	yes	include		NCBI GEO GSE84402 full SOFT export
GSE84402	GSM2233094	GPL570	expression_array	sample15,cancertissue,male	The hepatocellular carcinoma tissues	tumor	pair_8	inferred from consecutive tumor/non-tumor sample numbers and paired overall design	moderate	yes	yes	include		NCBI GEO GSE84402 full SOFT export
GSE84402	GSM2233095	GPL570	expression_array	sample16,non-canceroustissue,male	The corresponding non-cancerous tissues	control	pair_8	inferred from consecutive tumor/non-tumor sample numbers and paired overall design	moderate	yes	yes	include		NCBI GEO GSE84402 full SOFT export
GSE84402	GSM2233096	GPL570	expression_array	sample17,cancertissue,male	The hepatocellular carcinoma tissues	tumor	pair_9	inferred from consecutive tumor/non-tumor sample numbers and paired overall design	moderate	yes	yes	include		NCBI GEO GSE84402 full SOFT export
GSE84402	GSM2233097	GPL570	expression_array	sample18,non-canceroustissue,male	The corresponding non-cancerous tissues	control	pair_9	inferred from consecutive tumor/non-tumor sample numbers and paired overall design	moderate	yes	yes	include		NCBI GEO GSE84402 full SOFT export
GSE84402	GSM2233098	GPL570	expression_array	sample21,cancertissue,female	The hepatocellular carcinoma tissues	tumor	pair_11	inferred from consecutive tumor/non-tumor sample numbers and paired overall design	moderate	yes	yes	include		NCBI GEO GSE84402 full SOFT export
GSE84402	GSM2233099	GPL570	expression_array	sample22,non-canceroustissue,female	The corresponding non-cancerous tissues	control	pair_11	inferred from consecutive tumor/non-tumor sample numbers and paired overall design	moderate	yes	yes	include		NCBI GEO GSE84402 full SOFT export
GSE84402	GSM2233100	GPL570	expression_array	sample23,cancertissue,female	The hepatocellular carcinoma tissues	tumor	pair_12	inferred from consecutive tumor/non-tumor sample numbers and paired overall design	moderate	yes	yes	include		NCBI GEO GSE84402 full SOFT export
GSE84402	GSM2233101	GPL570	expression_array	sample24,non-canceroustissue,female	The corresponding non-cancerous tissues	control	pair_12	inferred from consecutive tumor/non-tumor sample numbers and paired overall design	moderate	yes	yes	include		NCBI GEO GSE84402 full SOFT export
GSE84402	GSM2233102	GPL570	expression_array	sample25,cancertissue,female	The hepatocellular carcinoma tissues	tumor	pair_13	inferred from consecutive tumor/non-tumor sample numbers and paired overall design	moderate	yes	yes	include		NCBI GEO GSE84402 full SOFT export
GSE84402	GSM2233103	GPL570	expression_array	sample26,non-canceroustissue,female	The corresponding non-cancerous tissues	control	pair_13	inferred from consecutive tumor/non-tumor sample numbers and paired overall design	moderate	yes	yes	include		NCBI GEO GSE84402 full SOFT export
GSE84402	GSM2233104	GPL570	expression_array	sample27,cancertissue,female	The hepatocellular carcinoma tissues	tumor	pair_14	inferred from consecutive tumor/non-tumor sample numbers and paired overall design	moderate	yes	yes	include		NCBI GEO GSE84402 full SOFT export
GSE84402	GSM2233105	GPL570	expression_array	sample28,non-canceroustissue,female	The corresponding non-cancerous tissues	control	pair_14	inferred from consecutive tumor/non-tumor sample numbers and paired overall design	moderate	yes	yes	include		NCBI GEO GSE84402 full SOFT export
GSE84402	GSM2233106	GPL570	expression_array	sample29,cancertissue,female	The hepatocellular carcinoma tissues	tumor	pair_15	inferred from consecutive tumor/non-tumor sample numbers and paired overall design	moderate	yes	yes	include		NCBI GEO GSE84402 full SOFT export
GSE84402	GSM2233107	GPL570	expression_array	sample30,non-canceroustissue,female	The corresponding non-cancerous tissues	control	pair_15	inferred from consecutive tumor/non-tumor sample numbers and paired overall design	moderate	yes	yes	include		NCBI GEO GSE84402 full SOFT export
GSE84402	GSM2233108	GPL570	expression_array	sample31,cancertissue,male	The hepatocellular carcinoma tissues	tumor	pair_16	inferred from consecutive tumor/non-tumor sample numbers and paired overall design	moderate	yes	yes	include		NCBI GEO GSE84402 full SOFT export
GSE84402	GSM2233109	GPL570	expression_array	sample32,non-canceroustissue,male	The corresponding non-cancerous tissues	control	pair_16	inferred from consecutive tumor/non-tumor sample numbers and paired overall design	moderate	yes	yes	include		NCBI GEO GSE84402 full SOFT export
GSE84402	GSM2233110	GPL570	expression_array	sample33,cancertissue,male	The hepatocellular carcinoma tissues	tumor	pair_17	inferred from consecutive tumor/non-tumor sample numbers and paired overall design	moderate	yes	yes	include		NCBI GEO GSE84402 full SOFT export
GSE84402	GSM2233111	GPL570	expression_array	sample34,non-canceroustissue,male	The corresponding non-cancerous tissues	control	pair_17	inferred from consecutive tumor/non-tumor sample numbers and paired overall design	moderate	yes	yes	include		NCBI GEO GSE84402 full SOFT export
GSE84402	GSM2233112	GPL570	expression_array	sample35,cancertissue,male	The hepatocellular carcinoma tissues	tumor	pair_18	inferred from consecutive tumor/non-tumor sample numbers and paired overall design	moderate	yes	yes	include		NCBI GEO GSE84402 full SOFT export
GSE84402	GSM2233113	GPL570	expression_array	sample36,non-canceroustissue,male	The corresponding non-cancerous tissues	control	pair_18	inferred from consecutive tumor/non-tumor sample numbers and paired overall design	moderate	yes	yes	include		NCBI GEO GSE84402 full SOFT export
