cohort	gsm	group	patient_id	complete_pair	median	iqr	missing_fraction	detected_fraction	median_spearman_correlation	pc1	pc2	robust_z_median	robust_z_iqr	robust_z_correlation	robust_z_detected_fraction	distribution_flags_enabled	flag_median	flag_iqr	flag_missing	flag_correlation	flag_detection	independent_qc_flags	qc_decision
"GSE121248"	"GSM3428716"	"tumor"	"17"	"no"	5.99106056860552	2.99099470704159	0	NA	0.763454410394519	-17.0216867788706	1.95401563995085	-0.493528901226597	0.588791969865452	0.183522498782481	NA	FALSE	FALSE	FALSE	FALSE	FALSE	FALSE	0	"retain"
"GSE121248"	"GSM3428717"	"tumor"	"32"	"no"	6.00178010939461	3.02664660318428	0	NA	0.616841471205593	-50.9708962960996	-44.1887719315006	-0.213178726308682	0.858117816637546	-2.99842025065978	NA	FALSE	FALSE	FALSE	FALSE	FALSE	FALSE	0	"retain"
"GSE121248"	"GSM3428718"	"tumor"	"37"	"no"	6.00348084652423	2.98272922058065	0	NA	0.368060404306372	-99.4559629442064	-85.5507558276919	-0.168699026929689	0.526351836775032	-8.39771936025892	NA	FALSE	FALSE	FALSE	FALSE	TRUE	FALSE	1	"review_single_flag"
"GSE121248"	"GSM3428719"	"tumor"	"38"	"no"	5.97752898942144	3.03477835608696	0	NA	0.586537550850029	-68.9321777724958	-12.4679075716293	-0.847422847414709	0.919547683579028	-3.65610667443993	NA	FALSE	FALSE	FALSE	FALSE	TRUE	FALSE	1	"review_single_flag"
"GSE121248"	"GSM3428720"	"tumor"	"40"	"no"	5.96838275869422	3.14992710579484	0	NA	0.748844876208612	-28.6977819424566	1.10032614979166	-1.08662594712461	1.78941823396156	-0.133548433924706	NA	FALSE	FALSE	FALSE	FALSE	FALSE	FALSE	0	"retain"
"GSE121248"	"GSM3428721"	"tumor"	"42"	"no"	5.98917589056713	3.05530601498153	0	NA	0.795938081063935	15.7329956824471	15.441670726208	-0.542819241934699	1.07462019618542	0.888516075295029	NA	FALSE	FALSE	FALSE	FALSE	FALSE	FALSE	0	"retain"
"GSE121248"	"GSM3428722"	"tumor"	"43"	"no"	6.00521524090053	3.03482279156633	0	NA	0.776814434683278	-0.355864225928678	8.87425817885645	-0.123339083221345	0.919883363427881	0.473475300037013	NA	FALSE	FALSE	FALSE	FALSE	FALSE	FALSE	0	"retain"
"GSE121248"	"GSM3428723"	"tumor"	"44"	"no"	6.02297860331179	3.05139865077975	0	NA	0.62440677387555	-64.7353242774729	-31.8005569184705	0.341229488988183	1.04510271503716	-2.83423037689299	NA	FALSE	FALSE	FALSE	FALSE	FALSE	FALSE	0	"retain"
"GSE121248"	"GSM3428724"	"tumor"	"45"	"no"	6.03130470970011	2.8752603123947	0	NA	0.794279525370476	8.80653707525451	-17.2313892879309	0.558983721961279	-0.285502730034261	0.852520416981761	NA	FALSE	FALSE	FALSE	FALSE	FALSE	FALSE	0	"retain"
"GSE121248"	"GSM3428725"	"tumor"	"53"	"yes"	6.03575910204621	2.69523509148298	0	NA	0.735792756581032	3.00139922985963	45.9583636978363	0.675480286315165	-1.64547093111753	-0.416818775843951	NA	FALSE	FALSE	FALSE	FALSE	FALSE	FALSE	0	"retain"
"GSE121248"	"GSM3428726"	"tumor"	"54"	"no"	5.97875558357996	2.90481043034153	0	NA	0.788284880671406	4.68774746591907	19.2052633945219	-0.815343498713046	-0.0622716708392044	0.722418555978162	NA	FALSE	FALSE	FALSE	FALSE	FALSE	FALSE	0	"retain"
"GSE121248"	"GSM3428727"	"tumor"	"55"	"no"	6.00004249406914	2.91305361668253	0	NA	0.652351466794902	-50.4170166597592	7.91923294890944	-0.258622908108971	0	-2.22774630043954	NA	FALSE	FALSE	FALSE	FALSE	FALSE	FALSE	0	"retain"
"GSE121248"	"GSM3428728"	"tumor"	"56"	"yes"	5.97571888263218	2.9733548413915	0	NA	0.685720407829355	-31.990613780067	32.9857882447343	-0.894762912159352	0.455534772712703	-1.50353968833197	NA	FALSE	FALSE	FALSE	FALSE	FALSE	FALSE	0	"retain"
"GSE121248"	"GSM3428729"	"tumor"	"60"	"yes"	6.02826847576666	2.83050274227147	0	NA	0.719290488124285	-28.7490299657028	11.9124264956366	0.479576522428822	-0.62361575562638	-0.774967747931827	NA	FALSE	FALSE	FALSE	FALSE	FALSE	FALSE	0	"retain"
"GSE121248"	"GSM3428730"	"tumor"	"62"	"yes"	6.06783356963307	2.74915105111478	0	NA	0.771920567438618	49.9805959634536	-8.75697109838391	1.51432989520256	-1.23817249671593	0.367263628120288	NA	FALSE	FALSE	FALSE	FALSE	FALSE	FALSE	0	"retain"
"GSE121248"	"GSM3428731"	"tumor"	"64"	"yes"	6.07902916836447	2.79625426357321	0	NA	0.794103364598384	-1.63748314886509	0.349017755492047	1.80713050340167	-0.882339737350835	0.848697197185507	NA	FALSE	FALSE	FALSE	FALSE	FALSE	FALSE	0	"retain"
"GSE121248"	"GSM3428732"	"tumor"	"65"	"yes"	6.01421694643621	2.82031675631791	0	NA	0.614313610667671	-53.9946893524521	41.7783918982244	0.112084221856825	-0.70056395723588	-3.05328244464306	NA	FALSE	FALSE	FALSE	FALSE	FALSE	FALSE	0	"retain"
"GSE121248"	"GSM3428733"	"tumor"	"66"	"yes"	6.03725866064607	2.96473612395418	0	NA	0.800108925731519	15.1751423993052	-17.0883009420407	0.714698525607733	0.390426219647133	0.979035977716239	NA	FALSE	FALSE	FALSE	FALSE	FALSE	FALSE	0	"retain"
"GSE121248"	"GSM3428734"	"tumor"	"67"	"yes"	6.02194914733607	2.82819407869512	0	NA	0.506519405145103	-74.8805888227751	-30.1944163512984	0.314305932415935	-0.641056140006555	-5.39274165330427	NA	FALSE	FALSE	FALSE	FALSE	TRUE	FALSE	1	"review_single_flag"
"GSE121248"	"GSM3428735"	"tumor"	"68"	"yes"	6.05157621429588	2.76556359075481	0	NA	0.749451032120695	-10.0316279656925	19.0539059522842	1.08914821044922	-1.11418691349365	-0.120393023357578	NA	FALSE	FALSE	FALSE	FALSE	FALSE	FALSE	0	"retain"
"GSE121248"	"GSM3428736"	"tumor"	"71"	"yes"	6.03463800848766	2.92846129139884	0	NA	0.660120667831123	-48.7965058303387	-21.3765782957994	0.646160114731179	0.116394511617288	-2.05913121746718	NA	FALSE	FALSE	FALSE	FALSE	FALSE	FALSE	0	"retain"
"GSE121248"	"GSM3428737"	"tumor"	"72"	"yes"	6.01591153282638	2.82928961235906	0	NA	0.732049428648186	0.183512401613684	42.2805257959696	0.156403059785251	-0.632780127686556	-0.498060276359503	NA	FALSE	FALSE	FALSE	FALSE	FALSE	FALSE	0	"retain"
"GSE121248"	"GSM3428738"	"tumor"	"73"	"yes"	6.05367890001213	2.75130269512278	0	NA	0.367845054691516	-109.201516500685	-30.3917623578929	1.14414014713258	-1.22191828846608	-8.40239309607908	NA	FALSE	FALSE	FALSE	FALSE	TRUE	FALSE	1	"review_single_flag"
"GSE121248"	"GSM3428739"	"tumor"	"75"	"yes"	5.99682627125677	3.0242213792863	0	NA	0.786276263762968	12.580769219876	2.0349107654033	-0.342737390787289	0.839796898240342	0.678825514029969	NA	FALSE	FALSE	FALSE	FALSE	FALSE	FALSE	0	"retain"
"GSE121248"	"GSM3428740"	"tumor"	"77"	"yes"	6.00738680180508	2.84932099021434	0	NA	0.701602600218017	-13.2411562725886	43.3350745902897	-0.0665458407294519	-0.481456681065613	-1.15884823615919	NA	FALSE	FALSE	FALSE	FALSE	FALSE	FALSE	0	"retain"
"GSE121248"	"GSM3428741"	"tumor"	"78"	"yes"	5.98554469001562	3.13518063652787	0	NA	0.754438674214175	18.5284573584821	-49.8963191187538	-0.637786715803766	1.67801868016701	-0.0121461545344295	NA	FALSE	FALSE	FALSE	FALSE	FALSE	FALSE	0	"retain"
"GSE121248"	"GSM3428742"	"tumor"	"79"	"yes"	6.03984220790074	2.8146880172293	0	NA	0.78838611469829	4.70979313479474	0.756287006436479	0.78226652492838	-0.743085255829173	0.724615639534514	NA	FALSE	FALSE	FALSE	FALSE	FALSE	FALSE	0	"retain"
"GSE121248"	"GSM3428743"	"tumor"	"80"	"yes"	6.01231620116389	2.9749744807599	0	NA	0.787424566053342	10.1015408032757	10.4749858549459	0.0623736717451807	0.46777004745416	0.703747135322299	NA	FALSE	FALSE	FALSE	FALSE	FALSE	FALSE	0	"retain"
"GSE121248"	"GSM3428744"	"tumor"	"81"	"yes"	5.96994731920701	2.98268734365543	0	NA	0.811421373229376	1.16132104361019	7.23349785769766	-1.04570770052614	0.526035485064027	1.22455019012739	NA	FALSE	FALSE	FALSE	FALSE	FALSE	FALSE	0	"retain"
"GSE121248"	"GSM3428745"	"tumor"	"82"	"yes"	5.96052863375073	3.00428053733921	0	NA	0.734878487330236	-18.0856408439842	20.2237806367466	-1.29203636022511	0.689157388878688	-0.43666117467792	NA	FALSE	FALSE	FALSE	FALSE	FALSE	FALSE	0	"retain"
"GSE121248"	"GSM3428746"	"tumor"	"83"	"yes"	5.99649641363022	3.00095731727779	0	NA	0.706145026380177	-31.5060111030017	26.9628349221453	-0.351364219596571	0.664052719733738	-1.06026389516229	NA	FALSE	FALSE	FALSE	FALSE	FALSE	FALSE	0	"retain"
"GSE121248"	"GSM3428747"	"tumor"	"84"	"yes"	5.97641833611291	3.0820225685697	0	NA	0.665634249653817	-47.3536941843463	-0.175821546398379	-0.876469973168197	1.27644560230595	-1.93946987105919	NA	FALSE	FALSE	FALSE	FALSE	FALSE	FALSE	0	"retain"
"GSE121248"	"GSM3428748"	"tumor"	"85"	"yes"	6.00103946816852	2.91533012176223	0	NA	0.788353938699206	7.04904990005059	23.3637693659499	-0.232548856183837	0.0171974487925084	0.723917323358876	NA	FALSE	FALSE	FALSE	FALSE	FALSE	FALSE	0	"retain"
"GSE121248"	"GSM3428749"	"tumor"	"87"	"no"	6.02745635854457	2.61008220274651	0	NA	0.375673266176515	-84.4228043876678	-97.1941349016429	0.458337067330288	-2.28874313667569	-8.2324973084795	NA	FALSE	FALSE	FALSE	FALSE	TRUE	FALSE	1	"review_single_flag"
"GSE121248"	"GSM3428750"	"tumor"	"88"	"no"	6.00228379151459	2.85320170486452	0	NA	0.730484491563211	6.43872738200334	50.9527594215573	-0.200005832691541	-0.452140519168962	-0.532024128652597	NA	FALSE	FALSE	FALSE	FALSE	FALSE	FALSE	0	"retain"
"GSE121248"	"GSM3428751"	"tumor"	"89"	"no"	5.9841412648407	2.90824783532897	0	NA	0.686236036416922	-34.923211460811	21.1164567728954	-0.674490759476595	-0.0363044121768363	-1.49234899360413	NA	FALSE	FALSE	FALSE	FALSE	FALSE	FALSE	0	"retain"
"GSE121248"	"GSM3428752"	"tumor"	"92"	"no"	5.9989787580141	3.03793868552871	0	NA	0.577948641781395	-68.718142128888	-43.5278464352596	-0.286442998070258	0.943421824790807	-3.84251189274976	NA	FALSE	FALSE	FALSE	FALSE	TRUE	FALSE	1	"review_single_flag"
"GSE121248"	"GSM3428753"	"tumor"	"93"	"no"	6.01002653360208	2.81023202453019	0	NA	0.735252534942291	-9.0626195317032	45.26022370579	0.00249156353856951	-0.776747252433612	-0.428543213918728	NA	FALSE	FALSE	FALSE	FALSE	FALSE	FALSE	0	"retain"
"GSE121248"	"GSM3428754"	"tumor"	"95"	"no"	5.98373007423967	2.89932537392452	0	NA	0.654895642805587	-41.3898941477859	45.4247465851765	-0.685244704929038	-0.10370754449342	-2.17253001151381	NA	FALSE	FALSE	FALSE	FALSE	FALSE	FALSE	0	"retain"
"GSE121248"	"GSM3428755"	"tumor"	"97"	"no"	6.01907986342303	2.84200058481413	0	NA	0.820346902533182	25.8996542194836	-1.80075318456624	0.239265008299972	-0.536757369007582	1.41826108229211	NA	FALSE	FALSE	FALSE	FALSE	FALSE	FALSE	0	"retain"
"GSE121248"	"GSM3428756"	"tumor"	"101"	"no"	5.97698987955531	2.94144080920674	0	NA	0.636053938999847	-51.272714785995	3.6719992697764	-0.861522289568354	0.214445947936878	-2.58145178297191	NA	FALSE	FALSE	FALSE	FALSE	FALSE	FALSE	0	"retain"
"GSE121248"	"GSM3428757"	"tumor"	"102"	"no"	5.98632693132889	2.94787418103179	0	NA	0.681322509084619	-55.3913756278757	-19.9961649179122	-0.61732861099143	0.263045700035456	-1.59898734868862	NA	FALSE	FALSE	FALSE	FALSE	FALSE	FALSE	0	"retain"
"GSE121248"	"GSM3428758"	"tumor"	"104"	"no"	5.98202526581309	2.96576422415444	0	NA	0.77097823615418	-9.81333151330123	38.840496364988	-0.729830881706511	0.398192817975909	0.346812198562458	NA	FALSE	FALSE	FALSE	FALSE	FALSE	FALSE	0	"retain"
"GSE121248"	"GSM3428759"	"tumor"	"106"	"no"	5.9691115298324	2.96599558277815	0	NA	0.746419318145629	-16.2020026607503	24.5225256397874	-1.0675662579006	0.399940575149655	-0.186190355807979	NA	FALSE	FALSE	FALSE	FALSE	FALSE	FALSE	0	"retain"
"GSE121248"	"GSM3428760"	"tumor"	"107"	"no"	5.98366401615063	2.9720538157597	0	NA	0.711313061285686	-36.6423661021605	13.968848987307	-0.686972334608463	0.445706408225301	-0.948101958518614	NA	FALSE	FALSE	FALSE	FALSE	FALSE	FALSE	0	"retain"
"GSE121248"	"GSM3428761"	"tumor"	"108"	"no"	5.97240689306337	3.03140147655873	0	NA	0.758140651143408	-20.6575454613664	26.3914378883775	-0.981382000906873	0.894037653628647	0.0681979045488963	NA	FALSE	FALSE	FALSE	FALSE	FALSE	FALSE	0	"retain"
"GSE121248"	"GSM3428762"	"tumor"	"126"	"no"	5.96200038492237	3.05477764143742	0	NA	0.527855322588003	-77.5911913199526	-6.90163051280309	-1.25354537385526	1.07062869313573	-4.92968792703903	NA	FALSE	FALSE	FALSE	FALSE	TRUE	FALSE	1	"review_single_flag"
"GSE121248"	"GSM3428763"	"tumor"	"127"	"no"	5.99541724906101	3.11106343308906	0	NA	0.725713599975213	-18.947758464382	-49.3492592973435	-0.379587814403001	1.49582959793874	-0.635566858105992	NA	FALSE	FALSE	FALSE	FALSE	FALSE	FALSE	0	"retain"
"GSE121248"	"GSM3428764"	"tumor"	"132"	"no"	6.02628309141333	2.92265437495507	0	NA	0.804841742131393	29.0116126254991	-37.1559419494088	0.427652390445218	0.0725272041929274	1.08175236080856	NA	FALSE	FALSE	FALSE	FALSE	FALSE	FALSE	0	"retain"
"GSE121248"	"GSM3428765"	"tumor"	"133"	"no"	5.9845962677678	3.04681405732536	0	NA	0.697536262979251	-40.1215313940916	-1.98573949449188	-0.662590981985075	1.01046922712204	-1.24710001233432	NA	FALSE	FALSE	FALSE	FALSE	FALSE	FALSE	0	"retain"
"GSE121248"	"GSM3428766"	"tumor"	"146"	"no"	5.99113265076544	3.02638149647464	0	NA	0.740048666590511	-28.9805254179876	0.569191497468119	-0.491643722883661	0.856115115609498	-0.324452699071617	NA	FALSE	FALSE	FALSE	FALSE	FALSE	FALSE	0	"retain"
"GSE121248"	"GSM3428767"	"tumor"	"152"	"no"	5.96147548455002	3.11240012421866	0	NA	0.592880964602253	-49.8410934722401	19.318239474159	-1.26727319243414	1.50592739102421	-3.51843547360824	NA	FALSE	FALSE	FALSE	FALSE	TRUE	FALSE	1	"review_single_flag"
"GSE121248"	"GSM3428768"	"tumor"	"154"	"no"	5.9433102419983	3.12080371169674	0	NA	0.685312168195276	-24.51306984415	34.9366122338253	-1.74235221186252	1.56941078344737	-1.51239971904194	NA	FALSE	FALSE	FALSE	FALSE	FALSE	FALSE	0	"retain"
"GSE121248"	"GSM3428769"	"tumor"	"157"	"no"	5.99378622990268	2.88651876534701	0	NA	0.734391362140479	-5.45876758224716	35.2416364415618	-0.422244166510713	-0.200452769084389	-0.447233259748936	NA	FALSE	FALSE	FALSE	FALSE	FALSE	FALSE	0	"retain"
"GSE121248"	"GSM3428770"	"tumor"	"162"	"yes"	5.99860421570175	3.04862350291475	0	NA	0.74295040911727	-25.6176342162261	-5.97527231841503	-0.296238473907224	1.02413835887307	-0.261476138852258	NA	FALSE	FALSE	FALSE	FALSE	FALSE	FALSE	0	"retain"
"GSE121248"	"GSM3428771"	"tumor"	"165"	"yes"	6.04274154962041	2.68335305797709	0	NA	0.751944357047482	-12.6101562415419	46.4804903518323	0.85809355653801	-1.7352316193721	-0.0662803562445535	NA	FALSE	FALSE	FALSE	FALSE	FALSE	FALSE	0	"retain"
"GSE121248"	"GSM3428772"	"tumor"	"166"	"yes"	5.99150569249736	2.83912814716829	0	NA	0.645035736732392	-26.1934826139466	52.3410831951935	-0.481887492010189	-0.558456683348909	-2.38651969628071	NA	FALSE	FALSE	FALSE	FALSE	FALSE	FALSE	0	"retain"
"GSE121248"	"GSM3428773"	"tumor"	"167"	"yes"	6.02083569054638	2.78282115931876	0	NA	0.723905777545982	-14.5017573539082	38.9576469344629	0.285185486690181	-0.983817711022348	-0.674802054554496	NA	FALSE	FALSE	FALSE	FALSE	FALSE	FALSE	0	"retain"
"GSE121248"	"GSM3428774"	"tumor"	"168"	"yes"	6.0187369069832	2.96839299061592	0	NA	0.723920120948714	-34.2776284523183	-11.3750019049293	0.230295603753179	0.418051362115355	-0.674490759476595	NA	FALSE	FALSE	FALSE	FALSE	FALSE	FALSE	0	"retain"
"GSE121248"	"GSM3428775"	"tumor"	"169"	"yes"	5.97991906629491	2.9605278359999	0	NA	0.75279923350944	-7.01650381924643	55.5614565995704	-0.784914715515214	0.358635464052772	-0.0477269599696695	NA	FALSE	FALSE	FALSE	FALSE	FALSE	FALSE	0	"retain"
"GSE121248"	"GSM3428776"	"tumor"	"170"	"yes"	5.93927862966341	3.10057599421973	0	NA	0.674196000709827	-24.8882796740741	50.690633801187	-1.84779173073066	1.41660412441425	-1.75365406349193	NA	FALSE	FALSE	FALSE	FALSE	FALSE	FALSE	0	"retain"
"GSE121248"	"GSM3428777"	"tumor"	"171"	"yes"	5.98003031383705	2.9369275036788	0	NA	0.74974946300731	19.5169749474409	48.5458173831385	-0.782005237533734	0.180350991859619	-0.113916173489309	NA	FALSE	FALSE	FALSE	FALSE	FALSE	FALSE	0	"retain"
"GSE121248"	"GSM3428778"	"tumor"	"172"	"yes"	5.97362431670246	2.9916285877786	0	NA	0.706923416628237	-22.531848854466	55.513508165563	-0.949542490531975	0.593580508056132	-1.04337048029895	NA	FALSE	FALSE	FALSE	FALSE	FALSE	FALSE	0	"retain"
"GSE121248"	"GSM3428779"	"tumor"	"173"	"yes"	5.99535457861429	2.98637621042051	0	NA	0.731815180230865	-34.0451288039905	-8.83319802311115	-0.381226846432998	0.553902366566182	-0.503144173164148	NA	FALSE	FALSE	FALSE	FALSE	FALSE	FALSE	0	"retain"
"GSE121248"	"GSM3428780"	"tumor"	"174"	"yes"	5.96037975214505	3.19440869280361	0	NA	0.630651300781311	-47.1003146200375	-55.6316396502899	-1.2959300889787	2.12544639467861	-2.69870531872689	NA	FALSE	FALSE	FALSE	FALSE	FALSE	FALSE	0	"retain"
"GSE121248"	"GSM3428781"	"tumor"	"175"	"yes"	6.00717800955949	3.10246381648441	0	NA	0.746770104113947	-22.8372675844045	-25.5001588979087	-0.0720064237642165	1.4308653386833	-0.178577242840791	NA	FALSE	FALSE	FALSE	FALSE	FALSE	FALSE	0	"retain"
"GSE121248"	"GSM3428782"	"tumor"	"176"	"yes"	6.01274996155417	3.01088745262514	0	NA	0.760842027959748	-15.646561940074	-17.2705310825945	0.0737178891590653	0.739068143886287	0.126825924843818	NA	FALSE	FALSE	FALSE	FALSE	FALSE	FALSE	0	"retain"
"GSE121248"	"GSM3428783"	"tumor"	"177"	"yes"	5.98843574080867	3.02346493497151	0	NA	0.643868331149348	-47.5100964365426	17.2304809006565	-0.562176518363911	0.834082475512299	-2.41185591661143	NA	FALSE	FALSE	FALSE	FALSE	FALSE	FALSE	0	"retain"
"GSE121248"	"GSM3428784"	"tumor"	"178"	"yes"	5.99780516190865	2.87951857554271	0	NA	0.740858255588038	-9.86922830243848	46.9830706978831	-0.317136278679969	-0.253334445813798	-0.306882177295307	NA	FALSE	FALSE	FALSE	FALSE	FALSE	FALSE	0	"retain"
"GSE121248"	"GSM3428785"	"tumor"	"179"	"no"	6.06892857415804	2.72258589478592	0	NA	0.783844125772552	45.3128215076355	-3.53348157904538	1.5429677553638	-1.43885419943013	0.626040787886007	NA	FALSE	FALSE	FALSE	FALSE	FALSE	FALSE	0	"retain"
"GSE121248"	"GSM3428786"	"control"	"53"	"yes"	6.10014953127851	2.69950167830181	0	NA	0.747253825292079	43.0104743884304	-12.0054254435966	2.35949534381629	-1.61323976722071	-0.168079035083537	NA	FALSE	FALSE	FALSE	FALSE	FALSE	FALSE	0	"retain"
"GSE121248"	"GSM3428787"	"control"	"56"	"yes"	6.06284564031977	2.71310535078559	0	NA	0.787856152488159	42.1430757088082	-9.07836939562838	1.38387963777301	-1.51047326649264	0.713113861987913	NA	FALSE	FALSE	FALSE	FALSE	FALSE	FALSE	0	"retain"
"GSE121248"	"GSM3428788"	"control"	"60"	"yes"	6.01970447528412	2.99118007615386	0	NA	0.762007870742319	29.7410633332082	-43.9831916057474	0.255600600277188	0.590192307534156	0.152128227693168	NA	FALSE	FALSE	FALSE	FALSE	FALSE	FALSE	0	"retain"
"GSE121248"	"GSM3428789"	"control"	"62"	"yes"	5.98412078266837	3.00561541209192	0	NA	0.616489476292691	-58.2456597179558	8.99342878342259	-0.675026433598051	0.699241460471073	-3.00605960136881	NA	FALSE	FALSE	FALSE	FALSE	FALSE	FALSE	0	"retain"
"GSE121248"	"GSM3428790"	"control"	"64"	"yes"	6.06422723107618	2.84358880137132	0	NA	0.777809897913723	27.6211971250771	-35.7342226763741	1.42001264177444	-0.524759472250223	0.495079852991022	NA	FALSE	FALSE	FALSE	FALSE	FALSE	FALSE	0	"retain"
"GSE121248"	"GSM3428791"	"control"	"65"	"yes"	6.02875382476446	2.82383577610199	0	NA	0.784219474831509	55.1692646577803	-3.74306634457684	0.492269946438898	-0.673980154249346	0.634186993966223	NA	FALSE	FALSE	FALSE	FALSE	FALSE	FALSE	0	"retain"
"GSE121248"	"GSM3428792"	"control"	"66"	"yes"	6.04995412677625	2.82906107194111	0	NA	0.771764184148826	55.0323805143875	-8.68292042204496	1.04672544917563	-0.634506595230967	0.363869639309759	NA	FALSE	FALSE	FALSE	FALSE	FALSE	FALSE	0	"retain"
"GSE121248"	"GSM3428793"	"control"	"67"	"yes"	6.05025944437264	2.81687668992829	0	NA	0.758295248382929	53.1284981994934	-7.00841971508907	1.05471047794098	-0.726551320983066	0.0715531306844576	NA	FALSE	FALSE	FALSE	FALSE	FALSE	FALSE	0	"retain"
"GSE121248"	"GSM3428794"	"control"	"68"	"yes"	6.04574526064901	2.76468478242228	0	NA	0.783788023113623	50.9715484122824	1.17383468037771	0.936650178397181	-1.1208257132187	0.62482319106413	NA	FALSE	FALSE	FALSE	FALSE	FALSE	FALSE	0	"retain"
"GSE121248"	"GSM3428795"	"control"	"71"	"yes"	6.0202151156427	2.91136087154976	0	NA	0.776742785225783	53.5398964940329	-3.30691244327323	0.268955474022642	-0.0127875391095303	0.471920290819966	NA	FALSE	FALSE	FALSE	FALSE	FALSE	FALSE	0	"retain"
"GSE121248"	"GSM3428796"	"control"	"72"	"yes"	6.04551887958315	2.85362257616967	0	NA	0.770664246144852	50.2574081737872	-8.19199606780781	0.930729591623875	-0.448961122477481	0.339997668827879	NA	FALSE	FALSE	FALSE	FALSE	FALSE	FALSE	0	"retain"
"GSE121248"	"GSM3428797"	"control"	"73"	"yes"	6.04316121314361	2.95201169568792	0	NA	0.782595685399795	32.3466022875642	-33.2751263791964	0.869069095924715	0.294301811458941	0.598945868336741	NA	FALSE	FALSE	FALSE	FALSE	FALSE	FALSE	0	"retain"
"GSE121248"	"GSM3428798"	"control"	"75"	"yes"	6.03887549425018	2.87709798151308	0	NA	0.774224559551289	53.8890525412827	2.46153567160317	0.756983880236433	-0.271620388702018	0.417267202417635	NA	FALSE	FALSE	FALSE	FALSE	FALSE	FALSE	0	"retain"
"GSE121248"	"GSM3428799"	"control"	"77"	"yes"	5.9996061019349	2.93408126297063	0	NA	0.7665750257192	53.0827157640564	-14.1518481761388	-0.270035954019612	0.158849577579301	0.251249258515279	NA	FALSE	FALSE	FALSE	FALSE	FALSE	FALSE	0	"retain"
"GSE121248"	"GSM3428800"	"control"	"78"	"yes"	6.00993126554317	2.92471221405099	0	NA	0.778404236904068	51.3481939396414	-9.56144639445952	0	0.0880727800807361	0.50797880073398	NA	FALSE	FALSE	FALSE	FALSE	FALSE	FALSE	0	"retain"
"GSE121248"	"GSM3428801"	"control"	"79"	"yes"	6.00361819437243	2.90501362353568	0	NA	0.757475787089304	58.205850421394	-14.466881508678	-0.165106942714213	-0.0607366843449563	0.0537683503224831	NA	FALSE	FALSE	FALSE	FALSE	FALSE	FALSE	0	"retain"
"GSE121248"	"GSM3428802"	"control"	"80"	"yes"	5.99188459919429	2.99942756885349	0	NA	0.754998327091791	50.9080485007541	-20.0624680571728	-0.47197787359928	0.652496509986233	0	NA	FALSE	FALSE	FALSE	FALSE	FALSE	FALSE	0	"retain"
"GSE121248"	"GSM3428803"	"control"	"81"	"yes"	5.9919071044249	2.99314730846449	0	NA	0.787724965392537	39.925890200558	-34.9594112149207	-0.471389290052474	0.6050534107343	0.71026670654553	NA	FALSE	FALSE	FALSE	FALSE	FALSE	FALSE	0	"retain"
"GSE121248"	"GSM3428804"	"control"	"82"	"yes"	5.99248951952534	2.92785916019017	0	NA	0.782295190563294	48.7156937489574	-11.6821325093432	-0.456157277926484	0.11184581953671	0.592424224534098	NA	FALSE	FALSE	FALSE	FALSE	FALSE	FALSE	0	"retain"
"GSE121248"	"GSM3428805"	"control"	"83"	"yes"	6.03667385165005	2.85975968496584	0	NA	0.784088321644064	52.3366990091163	-1.70275911931433	0.699403905478595	-0.402599436225369	0.631340574433504	NA	FALSE	FALSE	FALSE	FALSE	FALSE	FALSE	0	"retain"
"GSE121248"	"GSM3428806"	"control"	"84"	"yes"	6.00107222548161	2.8861593905352	0	NA	0.785785474426801	55.0067243776893	5.43478638520101	-0.231692147987451	-0.203167601560917	0.668173905936151	NA	FALSE	FALSE	FALSE	FALSE	FALSE	FALSE	0	"retain"
"GSE121248"	"GSM3428807"	"control"	"85"	"yes"	6.02939158041891	3.00233904841613	0	NA	0.774878032098761	27.6622145453818	-44.3776481957873	0.508949290526365	0.674490759476595	0.431449526610117	NA	FALSE	FALSE	FALSE	FALSE	FALSE	FALSE	0	"retain"
"GSE121248"	"GSM3428808"	"control"	"162"	"yes"	6.09612092941033	2.6265242699876	0	NA	0.793270939242919	41.6176986662737	-3.07301563590602	2.25413455825264	-2.16453449249404	0.830631057601048	NA	FALSE	FALSE	FALSE	FALSE	FALSE	FALSE	0	"retain"
"GSE121248"	"GSM3428809"	"control"	"165"	"yes"	6.06514821125899	2.71797617801762	0	NA	0.795914772991839	34.8040434992032	-20.0697155019511	1.44409921044632	-1.47367747690838	0.88801021986767	NA	FALSE	FALSE	FALSE	FALSE	FALSE	FALSE	0	"retain"
"GSE121248"	"GSM3428810"	"control"	"166"	"yes"	6.03926700744212	2.70558406046483	0	NA	0.782456174003293	42.3927576372601	-5.12020215484442	0.767223198692786	-1.56729150349048	0.595918050471422	NA	FALSE	FALSE	FALSE	FALSE	FALSE	FALSE	0	"retain"
"GSE121248"	"GSM3428811"	"control"	"167"	"yes"	6.10394371115179	2.60179624646851	0	NA	0.773777023667424	39.6865846917196	-3.40301768575797	2.45872524667063	-2.35133790532298	0.407554324627611	NA	FALSE	FALSE	FALSE	FALSE	FALSE	FALSE	0	"retain"
"GSE121248"	"GSM3428812"	"control"	"168"	"yes"	6.02959902226481	2.8245808536583	0	NA	0.779616201828964	49.6746407476292	-13.0751497972608	0.514374556302867	-0.668351599656907	0.53428209310834	NA	FALSE	FALSE	FALSE	FALSE	FALSE	FALSE	0	"retain"
"GSE121248"	"GSM3428813"	"control"	"169"	"yes"	6.05456086973794	2.77533758198602	0	NA	0.799020639474543	45.1767304936742	-1.32742030231267	1.16720646795441	-1.04035105202494	0.955416885268745	NA	FALSE	FALSE	FALSE	FALSE	FALSE	FALSE	0	"retain"
"GSE121248"	"GSM3428814"	"control"	"170"	"yes"	6.0517998425503	2.75721991616075	0	NA	0.777157408826756	51.6647429722464	-3.50865168374916	1.09499680242516	-1.17721770479417	0.480918872856181	NA	FALSE	FALSE	FALSE	FALSE	FALSE	FALSE	0	"retain"
"GSE121248"	"GSM3428815"	"control"	"171"	"yes"	6.0827479123409	2.58976042101666	0	NA	0.781196699570479	46.0932041993398	6.24594413806436	1.90438751699754	-2.44226038721418	0.568583658556422	NA	FALSE	FALSE	FALSE	FALSE	FALSE	FALSE	0	"retain"
"GSE121248"	"GSM3428816"	"control"	"172"	"yes"	6.07043808144356	2.6383471400299	0	NA	0.77777169554988	45.3743614045289	-7.78607431318632	1.58244618451134	-2.07522074400009	0.494250746533482	NA	FALSE	FALSE	FALSE	FALSE	FALSE	FALSE	0	"retain"
"GSE121248"	"GSM3428817"	"control"	"173"	"yes"	6.07234883371534	2.71939632118823	0	NA	0.80063526811462	40.9542291213992	-8.82056076331337	1.63241844956986	-1.46294926036609	0.990459194104219	NA	FALSE	FALSE	FALSE	FALSE	FALSE	FALSE	0	"retain"
"GSE121248"	"GSM3428818"	"control"	"174"	"yes"	6.06287638030225	2.69641047219368	0	NA	0.771267491247967	49.1114239420044	1.7808762125041	1.38468358634095	-1.63659172862233	0.353089906065666	NA	FALSE	FALSE	FALSE	FALSE	FALSE	FALSE	0	"retain"
"GSE121248"	"GSM3428819"	"control"	"175"	"yes"	6.02815186269937	2.86804218170236	0	NA	0.79986527643575	40.0021742796312	-17.0712757584723	0.476526718854666	-0.340030802062881	0.973748053510046	NA	FALSE	FALSE	FALSE	FALSE	FALSE	FALSE	0	"retain"
"GSE121248"	"GSM3428820"	"control"	"176"	"yes"	6.06234971163632	2.78244877119024	0	NA	0.792941046446955	41.0746974569976	-18.754149886385	1.37090952124585	-0.986630850262982	0.823471389457055	NA	FALSE	FALSE	FALSE	FALSE	FALSE	FALSE	0	"retain"
"GSE121248"	"GSM3428821"	"control"	"177"	"yes"	6.04119835887117	2.78946091737352	0	NA	0.789227230284694	47.9962791688286	-10.7770553015837	0.817734197402008	-0.933658851215771	0.74287038332729	NA	FALSE	FALSE	FALSE	FALSE	FALSE	FALSE	0	"retain"
"GSE121248"	"GSM3428822"	"control"	"178"	"yes"	6.01140706831315	2.87029066015242	0	NA	0.772372034383058	49.3520496178925	-17.8972562099751	0.0385969485866513	-0.323045075410721	0.377061821775103	NA	FALSE	FALSE	FALSE	FALSE	FALSE	FALSE	0	"retain"
"GSE45114"	"GSM1097015"	"tumor"	"HK009"	"yes"	-0.0133255141803605	0.796831086558792	0	NA	0.244138863990821	-60.1849709797801	34.9865446808329	-0.756936461121806	0.728217561146827	0.106011083652059	NA	TRUE	FALSE	FALSE	FALSE	FALSE	FALSE	0	"retain"
"GSE45114"	"GSM1097016"	"control"	"HK009"	"yes"	-0.00176949158330209	0.573174961726752	0	NA	0.218830570583331	-8.74206968739009	-26.9398001826639	0.20347898564491	-0.578418817174481	0	NA	TRUE	FALSE	FALSE	FALSE	FALSE	FALSE	0	"retain"
"GSE45114"	"GSM1097017"	"tumor"	"HK014"	"yes"	-0.012500106717685	0.710060348542791	0	NA	0.324016717336382	-47.5152547520389	4.42953442539313	-0.688337246264623	0.221288439708105	0.440602502228599	NA	TRUE	FALSE	FALSE	FALSE	FALSE	FALSE	0	"retain"
"GSE45114"	"GSM1097018"	"control"	"HK014"	"yes"	-0.00469570283451277	0.685494945057189	0	NA	0.339488027055362	-31.4648961238679	-23.7560599517247	-0.0397170156229211	0.0777732560012751	0.505408543569193	NA	TRUE	FALSE	FALSE	FALSE	FALSE	FALSE	0	"retain"
"GSE45114"	"GSM1097019"	"tumor"	"HK017"	"yes"	-0.0247358811053128	0.868573497220553	0	NA	0.37705913868114	-87.5614358517142	4.18050858394776	-1.70524653545394	1.14734868804765	0.662785976860786	NA	TRUE	FALSE	FALSE	FALSE	FALSE	FALSE	0	"retain"
"GSE45114"	"GSM1097020"	"control"	"HK017"	"yes"	-0.00766178239552512	0.767704960346026	0	NA	0.394939200777396	-65.5438443622488	-43.1792291359672	-0.286226452828455	0.558057874718576	0.737681772008684	NA	TRUE	FALSE	FALSE	FALSE	FALSE	FALSE	0	"retain"
"GSE45114"	"GSM1097021"	"tumor"	"HK032"	"yes"	-0.0101546046958327	0.571953782010551	0	NA	0.260170459391015	-10.369066458625	-12.6879482067043	-0.493403708077974	-0.585553152721315	0.173164043106174	NA	TRUE	FALSE	FALSE	FALSE	FALSE	FALSE	0	"retain"
"GSE45114"	"GSM1097022"	"control"	"HK032"	"yes"	-0.00616182545595509	0.787634703800322	0	NA	0.251685951957068	-15.266922348134	-1.59082298033189	-0.161565757321103	0.674490759476595	0.13762423752369	NA	TRUE	FALSE	FALSE	FALSE	FALSE	FALSE	0	"retain"
"GSE45114"	"GSM1097023"	"tumor"	"HK035"	"yes"	-0.0238006102982636	0.831824819530834	0	NA	0.326809268371684	-57.8066381176347	5.55487407454984	-1.62751663120222	0.932656784748992	0.452299907369258	NA	TRUE	FALSE	FALSE	FALSE	FALSE	FALSE	0	"retain"
"GSE45114"	"GSM1097024"	"control"	"HK035"	"yes"	-0.0143583226077519	0.805803641479827	0	NA	0.398846128674327	-57.6883625701071	-24.334779861106	-0.842772669807487	0.780636723265076	0.75404706592382	NA	TRUE	FALSE	FALSE	FALSE	FALSE	FALSE	0	"retain"
"GSE45114"	"GSM1097025"	"tumor"	"HK039"	"yes"	-0.0120089128941833	0.873122822158907	0	NA	0.349776081616293	-66.8674607554756	0.241327652255885	-0.647514365252995	1.17392660298613	0.548503026279478	NA	TRUE	FALSE	FALSE	FALSE	FALSE	FALSE	0	"retain"
"GSE45114"	"GSM1097026"	"control"	"HK039"	"yes"	-0.00862678423118084	0.571798082417595	0	NA	0.331767636287082	-21.124574090064	-17.1035939375488	-0.366427288482577	-0.586462775707938	0.473069460945769	NA	TRUE	FALSE	FALSE	FALSE	FALSE	FALSE	0	"retain"
"GSE45114"	"GSM1097027"	"tumor"	"HK041"	"yes"	-0.0425585971446758	0.783296339246244	0	NA	0.350548511660327	-107.261312019836	7.18489377060551	-3.18648384212884	0.64914531028295	0.551738572220682	NA	TRUE	FALSE	FALSE	FALSE	FALSE	FALSE	0	"retain"
"GSE45114"	"GSM1097028"	"control"	"HK041"	"yes"	-0.00821934114959092	0.645840262726776	0	NA	0.361256606683589	-34.5232357363445	-9.88917016500069	-0.332564891109211	-0.153896011015687	0.596592515510642	NA	TRUE	FALSE	FALSE	FALSE	FALSE	FALSE	0	"retain"
"GSE45114"	"GSM1097029"	"tumor"	"HK042"	"yes"	-0.0129944261860171	0.813509789546208	0	NA	0.317272008976669	-41.3070080084386	-1.61311873009902	-0.729419898105796	0.825657325351538	0.412350346675561	NA	TRUE	FALSE	FALSE	FALSE	FALSE	FALSE	0	"retain"
"GSE45114"	"GSM1097030"	"control"	"HK042"	"yes"	-0.0164027882366088	0.683828998193915	0	NA	0.289877587220528	-23.6560209559079	-13.2066620357411	-1.01268721902598	0.0680405166115574	0.297600912976858	NA	TRUE	FALSE	FALSE	FALSE	FALSE	FALSE	0	"retain"
"GSE45114"	"GSM1097031"	"control"	"HK043"	"no"	-0.0133835598982899	0.699368085449685	0	NA	-0.213648140675967	32.3979348717963	40.2322504919728	-0.761760612654038	0.158822455668876	-1.81156177142613	NA	TRUE	FALSE	FALSE	FALSE	FALSE	FALSE	0	"retain"
"GSE45114"	"GSM1097032"	"control"	"QD127"	"no"	-0.00388401383658629	0.653281511187374	0	NA	0.379853450959694	-28.8566355814363	-17.1593204701681	0.0277420642665231	-0.110422996601053	0.674490759476595	NA	TRUE	FALSE	FALSE	FALSE	FALSE	FALSE	0	"retain"
"GSE45114"	"GSM1097033"	"tumor"	"QD128"	"yes"	-0.0118827528952198	0.866377915834308	0	NA	0.33970592943584	-84.1975937206211	7.32863359190093	-0.637029268780489	1.13452173545251	0.506321290513955	NA	TRUE	FALSE	FALSE	FALSE	FALSE	FALSE	0	"retain"
"GSE45114"	"GSM1097034"	"control"	"QD128"	"yes"	-0.00120821352572092	0.579157566164013	0	NA	0.276994245364558	-7.6278720093764	-5.7132899904456	0.250126533441276	-0.543467444388686	0.243635321175748	NA	TRUE	FALSE	FALSE	FALSE	FALSE	FALSE	0	"retain"
"GSE45114"	"GSM1097035"	"tumor"	"QD130"	"yes"	-0.000638877947505879	0.795980888197363	0	NA	0.361608334582337	-55.3432174186678	-20.7661915981791	0.297443737878967	0.723250560539679	0.598065829222341	NA	TRUE	FALSE	FALSE	FALSE	FALSE	FALSE	0	"retain"
"GSE45114"	"GSM1097036"	"control"	"QD130"	"yes"	0.00625519302135585	0.844304397395749	0	NA	0.344004566560489	-41.4636307852761	-35.2161254221092	0.870406640468498	1.005564559739	0.524327371464327	NA	TRUE	FALSE	FALSE	FALSE	FALSE	FALSE	0	"retain"
"GSE45114"	"GSM1097037"	"tumor"	"QD131"	"yes"	-0.00922700496584425	0.773697791709844	0	NA	0.189279592967745	-45.7865980449654	41.0052761617188	-0.416311343329194	0.59306899491477	-0.123782789679486	NA	TRUE	FALSE	FALSE	FALSE	FALSE	FALSE	0	"retain"
"GSE45114"	"GSM1097038"	"control"	"QD131"	"yes"	-0.0130280410089904	0.572967010450858	0	NA	0.327522348915137	-16.2413116244014	-3.62245926073608	-0.732213609778886	-0.579633703206356	0.455286850816034	NA	TRUE	FALSE	FALSE	FALSE	FALSE	FALSE	0	"retain"
"GSE45114"	"GSM1097039"	"tumor"	"QD132"	"no"	0.000130272970748163	0.805624759102832	0	NA	0.250490787423945	-44.4260470108753	29.934032232528	0.361367498548492	0.779591662588121	0.132617946295002	NA	TRUE	FALSE	FALSE	FALSE	FALSE	FALSE	0	"retain"
"GSE45114"	"GSM1097040"	"tumor"	"QD133"	"yes"	-0.0311238863395001	0.817643849880472	0	NA	0.360092083543461	-86.8300765141662	16.2284221775357	-2.23615055968991	0.849809195223119	0.591714574590836	NA	TRUE	FALSE	FALSE	FALSE	FALSE	FALSE	0	"retain"
"GSE45114"	"GSM1097041"	"control"	"QD133"	"yes"	-0.0123335014066698	0.603522808419209	0	NA	0.346564431727836	-16.3140559290357	-11.7893317150196	-0.674490759476595	-0.401121635968909	0.535050104760652	NA	TRUE	FALSE	FALSE	FALSE	FALSE	FALSE	0	"retain"
"GSE45114"	"GSM1097042"	"tumor"	"QD313"	"yes"	0.0187491255476781	0.75750912090282	0	NA	-0.213426982250886	94.7374511976529	-36.5108395510227	1.90877132765728	0.498492080426015	-1.81063538559979	NA	TRUE	FALSE	FALSE	FALSE	FALSE	FALSE	0	"retain"
"GSE45114"	"GSM1097043"	"control"	"QD313"	"yes"	0.00108420862568881	0.427251781365363	0	NA	-0.0819625498903652	28.9610286431689	9.84509441629421	0.440648629277653	-1.43092637109781	-1.25995870772797	NA	TRUE	FALSE	FALSE	FALSE	FALSE	FALSE	0	"retain"
"GSE45114"	"GSM1097044"	"tumor"	"QD314"	"yes"	0.00443195231078171	0.553056344739714	0	NA	-0.0710761273211992	40.4991432177113	-9.75365486920251	0.71887798717086	-0.695955132607461	-1.21435778809781	NA	TRUE	FALSE	FALSE	FALSE	FALSE	FALSE	0	"retain"
"GSE45114"	"GSM1097045"	"control"	"QD314"	"yes"	0.00223557071533154	0.38733211170987	0	NA	0.00523874276366751	20.1172048121823	-9.17483440944213	0.536337775471947	-1.66414373825736	-0.894690952163757	NA	TRUE	FALSE	FALSE	FALSE	FALSE	FALSE	0	"retain"
"GSE45114"	"GSM1097046"	"tumor"	"QD315"	"yes"	0.0139557125333583	0.563757272281257	0	NA	-0.276359635713061	85.038397771286	-12.00705779137	1.51039309128578	-0.633438529415573	-2.07424694894015	NA	TRUE	FALSE	FALSE	FALSE	FALSE	FALSE	0	"retain"
"GSE45114"	"GSM1097047"	"control"	"QD315"	"yes"	0.00217442193393474	0.369872444764295	0	NA	-0.0653716025760109	23.6949799329998	5.67788383636255	0.531255729836332	-1.76614602413974	-1.19046274151287	NA	TRUE	FALSE	FALSE	FALSE	FALSE	FALSE	0	"retain"
"GSE45114"	"GSM1097048"	"tumor"	"QD316"	"yes"	0.00946822604325388	0.520523072363605	0	NA	-0.106741629208534	54.0726884925998	-19.7821383857731	1.13744026032209	-0.886019935100056	-1.36375302558751	NA	TRUE	FALSE	FALSE	FALSE	FALSE	FALSE	0	"retain"
"GSE45114"	"GSM1097049"	"control"	"QD316"	"yes"	-0.00272040609348734	0.545018676570199	0	NA	0.0672618881745834	-2.39169385446567	5.46501055098632	0.124448940794617	-0.742912530420962	-0.63488912551927	NA	TRUE	FALSE	FALSE	FALSE	FALSE	FALSE	0	"retain"
"GSE45114"	"GSM1097050"	"tumor"	"QD317"	"yes"	0.0167754995908956	0.666067129452722	0	NA	-0.241988395319402	104.777370783165	4.29632657919124	1.74474422930977	-0.0357272825562014	-1.93027309886937	NA	TRUE	FALSE	FALSE	FALSE	FALSE	FALSE	0	"retain"
"GSE45114"	"GSM1097051"	"control"	"QD317"	"yes"	-0.000783215807752681	0.41479774233172	0	NA	-0.186209997449507	36.8014612751077	22.4271181307522	0.285447888150396	-1.50368494397665	-1.69662919774352	NA	TRUE	FALSE	FALSE	FALSE	FALSE	FALSE	0	"retain"
"GSE45114"	"GSM1097052"	"tumor"	"QD318"	"yes"	0.0126052729513606	0.683226680114131	0	NA	-0.241632344279613	92.253548500273	35.7068888193528	1.39815871102367	0.0645216739464701	-1.928781676435	NA	TRUE	FALSE	FALSE	FALSE	FALSE	FALSE	0	"retain"
"GSE45114"	"GSM1097054"	"control"	"QD318"	"yes"	-0.00902564737842263	0.370701587198043	0	NA	-0.175510897576544	30.9970029103897	23.9323722394371	-0.399576611663592	-1.76130203577341	-1.65181293323401	NA	TRUE	FALSE	FALSE	FALSE	FALSE	FALSE	0	"retain"
"GSE45114"	"GSM1097055"	"tumor"	"QD321"	"yes"	0.0165789584167732	0.608421974728162	0	NA	-0.190216090246729	80.011408988379	-15.3705850819784	1.7284097874231	-0.372499889403592	-1.71340987243408	NA	TRUE	FALSE	FALSE	FALSE	FALSE	FALSE	0	"retain"
"GSE45114"	"GSM1097056"	"control"	"QD321"	"yes"	0.00148782049171046	0.436083987875753	0	NA	-0.198972670974696	43.2527416400039	25.4208654966915	0.474192616178838	-1.37932714779915	-1.75008933545089	NA	TRUE	FALSE	FALSE	FALSE	FALSE	FALSE	0	"retain"
"GSE45114"	"GSM1097057"	"tumor"	"QD323"	"yes"	0.00749922055358646	0.689138167225007	0	NA	-0.140272490347694	67.704857844205	-13.9246031699667	0.973797166760951	0.0990575674519526	-1.5042067048584	NA	TRUE	FALSE	FALSE	FALSE	FALSE	FALSE	0	"retain"
"GSE45114"	"GSM1097058"	"control"	"QD323"	"yes"	-0.00421781513333996	0.437862056315372	0	NA	-0.0668986044922305	20.2019537461501	15.6702106874123	0	-1.36893937546295	-1.19685902929374	NA	TRUE	FALSE	FALSE	FALSE	FALSE	FALSE	0	"retain"
"GSE45114"	"GSM1097059"	"tumor"	"QD338"	"yes"	0.00610624150070845	0.672997442001367	0	NA	-0.203917572487753	93.8594864458038	-12.3904998773518	0.85802735165631	0.00476075905676884	-1.77080248111865	NA	TRUE	FALSE	FALSE	FALSE	FALSE	FALSE	0	"retain"
"GSE45114"	"GSM1097060"	"control"	"QD338"	"yes"	-0.00385348080073601	0.507254711224267	0	NA	0.0370210363943411	14.1926914989848	20.2308816846702	0.0302796501029125	-0.963535913517295	-0.761561652037239	NA	TRUE	FALSE	FALSE	FALSE	FALSE	FALSE	0	"retain"
"GSE45114"	"GSM1097061"	"tumor"	"QD341"	"yes"	0.0139119569364723	0.552887708891058	0	NA	-0.156792719686631	61.7924378664573	-7.79691140712521	1.50675658479932	-0.696940331357147	-1.57340644844455	NA	TRUE	FALSE	FALSE	FALSE	FALSE	FALSE	0	"retain"
"GSE45114"	"GSM1097062"	"control"	"QD341"	"yes"	-0.00430199323498615	0.443732583261524	0	NA	-0.1212858915453	25.3876496456013	23.448158515298	-0.00699600129901712	-1.33464277807033	-1.42467586168771	NA	TRUE	FALSE	FALSE	FALSE	FALSE	FALSE	0	"retain"
"GSE45114"	"GSM1097063"	"tumor"	"QD344"	"yes"	0.014797222034158	0.726377509300338	0	NA	-0.156356267500037	96.8805801423812	-7.84353259819741	1.58033053874064	0.316616013914892	-1.57157824262608	NA	TRUE	FALSE	FALSE	FALSE	FALSE	FALSE	0	"retain"
"GSE45114"	"GSM1097064"	"control"	"QD344"	"yes"	-0.016481795040738	0.672182545876047	0	NA	0.0183513769521678	18.7297850845957	29.6954519852854	-1.01925343629044	0	-0.83976490331984	NA	TRUE	FALSE	FALSE	FALSE	FALSE	FALSE	0	"retain"
"GSE57555"	"GSM1384682"	"tumor"	"6"	"yes"	6.04635488422502	2.36150478899186	0	NA	0.765469777204075	-48.5194206890787	15.3452248271577	0	0.97482689669858	0.070233226193652	NA	FALSE	FALSE	FALSE	FALSE	FALSE	FALSE	0	"retain"
"GSE57555"	"GSM1384683"	"control"	"6"	"yes"	6.04544418507898	2.35537038145061	0	NA	0.835181877822663	-39.8494652864584	35.1840590724645	-1.34898151895319	0.406979582282218	1.26532205936861	NA	FALSE	FALSE	FALSE	FALSE	FALSE	FALSE	0	"retain"
"GSE57555"	"GSM1384684"	"tumor"	"7"	"yes"	6.05138771059116	2.35969859810863	0	NA	0.248517264541033	175.43862707965	45.9182976424614	7.45492052510573	0.807632161841559	-8.79198968321915	NA	FALSE	FALSE	FALSE	FALSE	TRUE	FALSE	1	"review_single_flag"
"GSE57555"	"GSM1384685"	"control"	"7"	"yes"	6.04635488422502	2.35190451943917	0	NA	0.806717328727114	-46.0022074148902	5.84704338904568	0	0.0861530929924024	0.777348458464363	NA	FALSE	FALSE	FALSE	FALSE	FALSE	FALSE	0	"retain"
"GSE57555"	"GSM1384686"	"tumor"	"8"	"yes"	6.04635488422502	2.35004310997244	0	NA	0.439146101899889	107.307443699247	-39.7692746504905	0	-0.0861530929924024	-5.52400044193742	NA	FALSE	FALSE	FALSE	FALSE	TRUE	FALSE	1	"review_single_flag"
"GSE57555"	"GSM1384687"	"control"	"8"	"yes"	6.05025299327948	2.33245095595214	0	NA	0.756145740829268	-32.7605212721364	65.6882410206683	5.77411002984288	-1.71461637132003	-0.0896106409796447	NA	FALSE	FALSE	FALSE	FALSE	FALSE	FALSE	0	"retain"
"GSE57555"	"GSM1384688"	"tumor"	"9"	"yes"	6.05025299327948	2.3536451101459	0	NA	0.695941640441218	-5.24364616519649	-85.2952241973815	5.77411002984288	0.247275377690276	-1.12170187688652	NA	FALSE	FALSE	FALSE	FALSE	FALSE	FALSE	0	"retain"
"GSE57555"	"GSM1384689"	"control"	"9"	"yes"	6.05138771059116	2.3414393658834	0	NA	0.786430362605942	-55.3628688463483	-7.30895886069031	7.45492052510573	-0.882580937414677	0.429564839045685	NA	FALSE	FALSE	FALSE	FALSE	FALSE	FALSE	0	"retain"
"GSE57555"	"GSM1384690"	"tumor"	"10"	"yes"	6.04635488422502	2.34228369143274	0	NA	0.757276067087694	-3.17687342053318	-39.4275395993275	0	-0.804423757204237	-0.0702332261936501	NA	FALSE	FALSE	FALSE	FALSE	FALSE	FALSE	0	"retain"
"GSE57555"	"GSM1384691"	"control"	"10"	"yes"	6.04635488422502	2.34509100227452	0	NA	0.794717507354535	-51.8310676842556	3.81813135609245	0	-0.544557761748953	0.571633060488828	NA	FALSE	FALSE	FALSE	FALSE	FALSE	FALSE	0	"retain"
"GSE57957"	"GSM1398645"	"tumor"	"1"	"no"	7.59936829520746	0.763817404936793	0	0.358979777275321	0.798119918633979	-1.68101907171501	4.42949023462844	0	0	-0.411915996742635	0.464681234080882	FALSE	FALSE	FALSE	FALSE	FALSE	FALSE	0	"retain"
"GSE57957"	"GSM1398646"	"control"	"2"	"yes"	7.59938166309148	0.763823722170053	0	0.345561354943685	0.843170212540947	14.6784894102756	20.8085682759206	0	0	0.434844954706518	0.00684945185999677	FALSE	FALSE	FALSE	FALSE	FALSE	FALSE	0	"retain"
"GSE57957"	"GSM1398647"	"tumor"	"2"	"yes"	7.59936829520746	0.763824446810569	0	0.341018109587304	0.760003173928129	-15.1136363632222	-23.9318099248695	0	0	-1.12835463041551	-0.148164458655736	FALSE	FALSE	FALSE	FALSE	FALSE	FALSE	0	"retain"
"GSE57957"	"GSM1398648"	"control"	"3"	"yes"	7.59936829520746	0.763823722170053	0	0.341588656678571	0.839724993152988	23.6975254397022	-9.25118237774194	0	0	0.370088945502155	-0.12869759547469	FALSE	FALSE	FALSE	FALSE	FALSE	FALSE	0	"retain"
"GSE57957"	"GSM1398649"	"tumor"	"3"	"yes"	7.59936829520746	0.763830764043829	0	0.379202501954652	0.792808287368126	-4.96336366128259	24.0399736606453	0	0	-0.511752902439816	1.15467338460905	FALSE	FALSE	FALSE	FALSE	FALSE	FALSE	0	"retain"
"GSE57957"	"GSM1398650"	"control"	"4"	"yes"	7.59938166309148	0.763823722170053	0	0.360670287175369	0.85766996958248	24.8899232260101	-6.78656749668363	0	0	0.707380980634011	0.522360828691387	FALSE	FALSE	FALSE	FALSE	FALSE	FALSE	0	"retain"
"GSE57957"	"GSM1398651"	"tumor"	"4"	"yes"	7.5993572623531	0.763817404936793	0	0.39513555776261	0.741885428559275	-23.1965353033169	-12.1990752079705	0	0	-1.46889401376171	1.69830356381306	FALSE	FALSE	FALSE	FALSE	FALSE	FALSE	0	"retain"
"GSE57957"	"GSM1398652"	"control"	"5"	"yes"	7.59936829520746	0.763823722170053	0	0.316843818016609	0.854505676315914	29.2953931107862	-0.869805286094432	0	0	0.647905231539124	-0.972982661585961	FALSE	FALSE	FALSE	FALSE	FALSE	FALSE	0	"retain"
"GSE57957"	"GSM1398653"	"tumor"	"5"	"yes"	7.59936829520746	0.763823722170053	0	0.345159858842423	0.787355997264171	-22.7782888434156	-5.59148173507817	0	0	-0.614233618004866	-0.00684945185999866	FALSE	FALSE	FALSE	FALSE	FALSE	FALSE	0	"retain"
"GSE57957"	"GSM1398654"	"control"	"6"	"yes"	7.59936829520746	0.763823722170053	0	0.29425437947721	0.866832789308627	29.0973085868574	3.90346143405099	0	0	0.879604450813613	-1.74372624456884	FALSE	FALSE	FALSE	FALSE	FALSE	FALSE	0	"retain"
"GSE57957"	"GSM1398655"	"tumor"	"6"	"yes"	7.59936829520746	0.763823722170053	0	0.360374447942861	0.685069762596949	-40.4663087714222	4.23647507772305	0	0	-2.53679575635245	0.512266899634549	FALSE	FALSE	FALSE	FALSE	FALSE	FALSE	0	"retain"
"GSE57957"	"GSM1398656"	"control"	"7"	"yes"	7.59936829520746	0.763823722170053	0	0.150159541871817	0.595384174446406	32.4470442596137	83.8066931082925	0	0	-4.22251736585973	-6.66019069018178	FALSE	FALSE	FALSE	FALSE	TRUE	TRUE	2	"exclude_by_prespecified_rule"
"GSE57957"	"GSM1398657"	"tumor"	"7"	"yes"	7.59936829520746	0.763823722170053	0	0.3791391078334	0.632846346958373	-39.346128884068	40.4128890701193	0	0	-3.51838200760674	1.15251039981116	FALSE	FALSE	FALSE	FALSE	TRUE	FALSE	1	"review_single_flag"
"GSE57957"	"GSM1398658"	"control"	"8"	"yes"	7.59936829520746	0.763823722170053	0	0.239841092069395	0.850011393603266	38.1061007875466	10.595094893435	0	0	0.563431129911674	-3.60028819609448	FALSE	FALSE	FALSE	FALSE	FALSE	TRUE	1	"review_single_flag"
"GSE57957"	"GSM1398659"	"tumor"	"8"	"yes"	7.5993572623531	0.763823722170053	0	0.366206707098028	0.742548712468908	-31.8803423134854	-15.1499476076939	0	0	-1.45642699377818	0.711261501040792	FALSE	FALSE	FALSE	FALSE	FALSE	FALSE	0	"retain"
"GSE57957"	"GSM1398660"	"control"	"9"	"yes"	7.59936829520746	0.763823722170053	0	0.344800625488663	0.853491481164722	21.6107274159055	-6.19879458270856	0	0	0.6288425179206	-0.0191063657147305	FALSE	FALSE	FALSE	FALSE	FALSE	FALSE	0	"retain"
"GSE57957"	"GSM1398661"	"tumor"	"9"	"yes"	7.59936829520746	0.763811087703533	0	0.373602687910741	0.822298782754947	-13.0016029366056	-0.0969674230283026	0	0	0.042547586343209	0.963609727461753	FALSE	FALSE	FALSE	FALSE	FALSE	FALSE	0	"retain"
"GSE57957"	"GSM1398662"	"control"	"10"	"yes"	7.59936829520746	0.763823722170053	0	0.307630539061344	0.854100542893479	33.6907010569054	3.55468764085036	0	0	0.640290383055481	-1.28733645221322	FALSE	FALSE	FALSE	FALSE	FALSE	FALSE	0	"retain"
"GSE57957"	"GSM1398663"	"tumor"	"10"	"yes"	7.59938166309148	0.763823722170053	0	0.39686833041016	0.702542007205179	-48.2493309128165	2.86305559685054	0	0	-2.20838914264714	1.75742514828883	FALSE	FALSE	FALSE	FALSE	FALSE	FALSE	0	"retain"
"GSE57957"	"GSM1398664"	"control"	"11"	"yes"	7.59936829520746	0.763823722170053	0	0.326669906810642	0.850826521767779	21.71071033099	-5.64158207457099	0	0	0.578752199771087	-0.637720017912399	FALSE	FALSE	FALSE	FALSE	FALSE	FALSE	0	"retain"
"GSE57957"	"GSM1398665"	"tumor"	"11"	"yes"	7.59936829520746	0.763830764043829	0	0.347230733469983	0.811451354577652	-16.8354583014792	-10.1121148274843	0	0	-0.161339620766939	0.063808051537871	FALSE	FALSE	FALSE	FALSE	FALSE	FALSE	0	"retain"
"GSE57957"	"GSM1398666"	"control"	"12"	"yes"	7.59938166309148	0.763823722170053	0	0.319104875007924	0.824456288124712	21.3001665804785	-10.371797901743	0	0	0.0830998478541241	-0.89583620379441	FALSE	FALSE	FALSE	FALSE	FALSE	FALSE	0	"retain"
"GSE57957"	"GSM1398667"	"tumor"	"12"	"yes"	7.59936829520746	0.763823722170053	0	0.372905352576971	0.726434279567494	-38.070068468593	2.2390945649246	0	0	-1.75931231043878	0.93981689468492	FALSE	FALSE	FALSE	FALSE	FALSE	FALSE	0	"retain"
"GSE57957"	"GSM1398668"	"control"	"13"	"yes"	7.59936829520746	0.763823722170053	0	0.277856433446738	0.838390835194547	33.5686434243048	-3.58036716142541	0	0	0.345012242015907	-2.30321831229074	FALSE	FALSE	FALSE	FALSE	FALSE	FALSE	0	"retain"
"GSE57957"	"GSM1398669"	"tumor"	"13"	"yes"	7.5993572623531	0.763830764043829	0	0.32242250068677	0.845591378373952	29.1789757397779	-1.63077293579528	0	0	0.480352952692178	-0.782639999371294	FALSE	FALSE	FALSE	FALSE	FALSE	FALSE	0	"retain"
"GSE57957"	"GSM1398670"	"control"	"14"	"yes"	7.59936829520746	0.763823722170053	0	0.318111700441646	0.846817505222733	26.4229102523124	-10.9557214226306	0	0	0.503399113927325	-0.929722965628082	FALSE	FALSE	FALSE	FALSE	FALSE	FALSE	0	"retain"
"GSE57957"	"GSM1398671"	"tumor"	"14"	"yes"	7.59936829520746	0.763823722170053	0	0.346913762863724	0.79112147106844	-11.9863946379859	17.5412847254665	0	0	-0.543458137877161	0.0529931275484009	FALSE	FALSE	FALSE	FALSE	FALSE	FALSE	0	"retain"
"GSE57957"	"GSM1398672"	"control"	"15"	"yes"	7.59936829520746	0.763811087703533	0	0.196733089618156	0.789673652048176	44.2521552482655	29.2306963819914	0	0	-0.570671203648863	-5.07111785866236	FALSE	FALSE	FALSE	FALSE	FALSE	TRUE	1	"review_single_flag"
"GSE57957"	"GSM1398673"	"tumor"	"15"	"yes"	7.59936829520746	0.763811087703533	0	0.335164719058386	0.794158450921654	-6.83810472725727	-19.1018868032126	0	0	-0.486375359341918	-0.347880054994612	FALSE	FALSE	FALSE	FALSE	FALSE	FALSE	0	"retain"
"GSE57957"	"GSM1398674"	"control"	"16"	"yes"	7.59936829520746	0.763830764043829	0	0.306109080151301	0.837416764475807	27.149334092789	0.589848154192873	0	0	0.326703703335064	-1.33924808736267	FALSE	FALSE	FALSE	FALSE	FALSE	FALSE	0	"retain"
"GSE57957"	"GSM1398675"	"tumor"	"16"	"yes"	7.5993572623531	0.763823722170053	0	0.327324979396911	0.786587802179952	-9.77981148325743	5.61036464331577	0	0	-0.628672538242649	-0.615369175000829	FALSE	FALSE	FALSE	FALSE	FALSE	FALSE	0	"retain"
"GSE57957"	"GSM1398676"	"control"	"17"	"yes"	7.59936829520746	0.763800225416436	0	0.338566870232234	0.85993268652812	30.5198280190335	-1.82762085787145	0	0	0.749910788712648	-0.231799870840969	FALSE	FALSE	FALSE	FALSE	FALSE	FALSE	0	"retain"
"GSE57957"	"GSM1398677"	"tumor"	"17"	"yes"	7.59936829520746	0.763823722170053	0	0.366925173805549	0.798969523324513	-15.498020251792	-25.8605989415002	0	0	-0.39594690944659	0.735775328750257	FALSE	FALSE	FALSE	FALSE	FALSE	FALSE	0	"retain"
"GSE57957"	"GSM1398678"	"control"	"18"	"yes"	7.59936829520746	0.763823722170053	0	0.33983475265727	0.854514636270311	23.5864022166596	-3.51813335037661	0	0	0.648073641972262	-0.18854017488309	FALSE	FALSE	FALSE	FALSE	FALSE	FALSE	0	"retain"
"GSE57957"	"GSM1398679"	"tumor"	"18"	"yes"	7.59936829520746	0.763823722170053	0	0.36836210722059	0.78857217652803	-6.17865561854011	-13.2000956891305	0	0	-0.591374430610328	0.784802984169187	FALSE	FALSE	FALSE	FALSE	FALSE	FALSE	0	"retain"
"GSE57957"	"GSM1398680"	"control"	"19"	"yes"	7.59936829520746	0.763806542649696	0	0.358388098810304	0.844178962424529	20.2050812431208	3.80040457851094	0	0	0.453805319603589	0.444493375967205	FALSE	FALSE	FALSE	FALSE	FALSE	FALSE	0	"retain"
"GSE57957"	"GSM1398681"	"tumor"	"19"	"yes"	7.59936829520746	0.763830764043829	0	0.39583289309638	0.710927683040726	-41.1475252650241	-1.0131975676001	0	0	-2.05077279360143	1.7220963965899	FALSE	FALSE	FALSE	FALSE	FALSE	FALSE	0	"retain"
"GSE57957"	"GSM1398682"	"control"	"20"	"yes"	7.59936829520746	0.763823722170053	0	0.331868224753291	0.863527661012296	25.0412090942125	0.487031210856845	0	0	0.81748158016947	-0.460355264485096	FALSE	FALSE	FALSE	FALSE	FALSE	FALSE	0	"retain"
"GSE57957"	"GSM1398683"	"tumor"	"20"	"yes"	7.59936829520746	0.763830764043829	0	0.334932273947129	0.73621513140032	-43.3679773609052	-4.46862444601957	0	0	-1.5754723687716	-0.355810999253555	FALSE	FALSE	FALSE	FALSE	FALSE	FALSE	0	"retain"
"GSE57957"	"GSM1398684"	"control"	"21"	"yes"	7.59936829520746	0.763817404936793	0	0.306214737020054	0.858087219103846	21.9976865547346	4.71281602425336	0	0	0.715223562137101	-1.33564311269951	FALSE	FALSE	FALSE	FALSE	FALSE	FALSE	0	"retain"
"GSE57957"	"GSM1398685"	"tumor"	"21"	"yes"	7.59938166309148	0.763823722170053	0	0.348139382541259	0.771488316568816	-15.0216618733264	-24.7016464790672	0	0	-0.912481004151486	0.094810833641018	FALSE	FALSE	FALSE	FALSE	FALSE	FALSE	0	"retain"
"GSE57957"	"GSM1398686"	"control"	"22"	"yes"	7.5993572623531	0.763817404936793	0	0.36208608921666	0.856912260923281	17.0786005192735	-7.80839631851918	0	0	0.693139162223022	0.570667489177685	FALSE	FALSE	FALSE	FALSE	FALSE	FALSE	0	"retain"
"GSE57957"	"GSM1398687"	"tumor"	"22"	"yes"	7.59936829520746	0.763830764043829	0	0.368488895463094	0.802974002177845	-11.4770504848482	-30.4478158550164	0	0	-0.320679113615836	0.789128953764974	FALSE	FALSE	FALSE	FALSE	FALSE	FALSE	0	"retain"
"GSE57957"	"GSM1398688"	"control"	"23"	"yes"	7.59936829520746	0.763823722170053	0	0.336601652473427	0.846473381731135	21.9945074059087	-7.06256291663369	0	0	0.496931002181747	-0.298852399575682	FALSE	FALSE	FALSE	FALSE	FALSE	FALSE	0	"retain"
"GSE57957"	"GSM1398689"	"tumor"	"23"	"yes"	7.59936829520746	0.763846080923668	0	0.338799315343491	0.810503764595549	-17.0859831062662	-3.58961892383642	0	0	-0.179150430092313	-0.223868926582024	FALSE	FALSE	FALSE	FALSE	FALSE	FALSE	0	"retain"
"GSE57957"	"GSM1398690"	"control"	"24"	"yes"	7.59936829520746	0.763823722170053	0	0.331973881622044	0.873915441653733	26.3036427667376	4.6265170222263	0	0	1.01272929681151	-0.456750289821938	FALSE	FALSE	FALSE	FALSE	FALSE	FALSE	0	"retain"
"GSE57957"	"GSM1398691"	"tumor"	"24"	"yes"	7.5993572623531	0.763817404936793	0	0.361135177397883	0.764291927473165	-19.2721519193483	-10.8221809110752	0	0	-1.04774363507272	0.538222717209276	FALSE	FALSE	FALSE	FALSE	FALSE	FALSE	0	"retain"
"GSE57957"	"GSM1398692"	"tumor"	"25"	"no"	7.5993572623531	0.763830764043829	0	0.36381886186421	0.818583482520967	-9.62697923047486	-14.0320514159337	0	0	-0.0272848362274528	0.629789073653454	FALSE	FALSE	FALSE	FALSE	FALSE	FALSE	0	"retain"
"GSE57957"	"GSM1398693"	"control"	"26"	"yes"	7.59936829520746	0.763823722170053	0	0.339031760454747	0.87476541520047	16.4495301598848	1.72186605533903	0	0	1.02870531709294	-0.215937982323081	FALSE	FALSE	FALSE	FALSE	FALSE	FALSE	0	"retain"
"GSE57957"	"GSM1398694"	"tumor"	"26"	"yes"	7.59936829520746	0.763823722170053	0	0.388267861293663	0.519334836469923	-51.819193673311	50.2842725013247	0	0	-5.65193334070391	1.46398021070789	FALSE	FALSE	FALSE	FALSE	TRUE	FALSE	1	"review_single_flag"
"GSE57957"	"GSM1398695"	"control"	"27"	"yes"	7.59938166309148	0.763823722170053	0	0.317160788622868	0.826541142278875	14.3819847792242	23.0134528577857	0	0	0.122286564168492	-0.962167737596491	FALSE	FALSE	FALSE	FALSE	FALSE	FALSE	0	"retain"
"GSE57957"	"GSM1398696"	"tumor"	"27"	"yes"	7.59936829520746	0.763823722170053	0	0.328149102973184	0.565086407339005	-58.3580170357562	26.4645472261113	0	0	-4.79199125554461	-0.587250372628208	FALSE	FALSE	FALSE	FALSE	TRUE	FALSE	1	"review_single_flag"
"GSE57957"	"GSM1398697"	"control"	"28"	"yes"	7.5993572623531	0.763823722170053	0	0.362466453944171	0.859527129758287	21.546213949011	2.08792530780645	0	0	0.742287983032416	0.58364539796505	FALSE	FALSE	FALSE	FALSE	FALSE	FALSE	0	"retain"
"GSE57957"	"GSM1398698"	"tumor"	"28"	"yes"	7.59936829520746	0.763811087703533	0	0.413033831329375	0.506216922559512	-68.8081830005379	28.8446188937731	0	0	-5.89849637726801	2.30898627175179	FALSE	FALSE	FALSE	FALSE	TRUE	FALSE	1	"review_single_flag"
"GSE57957"	"GSM1398699"	"control"	"29"	"yes"	7.59936829520746	0.763823722170053	0	0.38364009044228	0.821486757380647	25.5469804584247	-3.8616814072027	0	0	0.0272848362274528	1.30608232046163	FALSE	FALSE	FALSE	FALSE	FALSE	FALSE	0	"retain"
"GSE57957"	"GSM1398700"	"tumor"	"29"	"yes"	7.59936829520746	0.763817404936793	0	0.383111806098515	0.698091971701026	-40.7908901480016	-6.09339108562227	0	0	-2.29203157803858	1.28805744714584	FALSE	FALSE	FALSE	FALSE	FALSE	FALSE	0	"retain"
"GSE57957"	"GSM1398701"	"control"	"30"	"yes"	7.59936829520746	0.763823722170053	0	0.322718339919278	0.86189361021105	24.5389407604464	-0.0982418091516262	0	0	0.786768119919096	-0.772546070314455	FALSE	FALSE	FALSE	FALSE	FALSE	FALSE	0	"retain"
"GSE57957"	"GSM1398702"	"tumor"	"30"	"yes"	7.59936829520746	0.763830764043829	0	0.36381886186421	0.797811130618805	-20.824124224804	-21.3400832884233	0	0	-0.417719946303199	0.629789073653454	FALSE	FALSE	FALSE	FALSE	FALSE	FALSE	0	"retain"
"GSE57957"	"GSM1398703"	"control"	"31"	"yes"	7.59936829520746	0.763817404936793	0	0.338249899625975	0.831637543712851	28.6477347038762	-11.2796406191993	0	0	0.218078030837103	-0.242614794830439	FALSE	FALSE	FALSE	FALSE	FALSE	FALSE	0	"retain"
"GSE57957"	"GSM1398704"	"tumor"	"31"	"yes"	7.59936829520746	0.763823722170053	0	0.379730786298417	0.706664262288649	-31.7392081736952	-25.3820826711997	0	0	-2.13090763622669	1.17269825792483	FALSE	FALSE	FALSE	FALSE	FALSE	FALSE	0	"retain"
"GSE57957"	"GSM1398705"	"control"	"32"	"no"	7.59936829520746	0.763823722170053	0	0.324113010586818	0.850096261099897	19.1046995766264	20.26384957603	0	0	0.565026291140651	-0.724960404760789	FALSE	FALSE	FALSE	FALSE	FALSE	FALSE	0	"retain"
"GSE57957"	"GSM1398706"	"control"	"33"	"yes"	7.59936829520746	0.763817404936793	0	0.350759672886334	0.867284373208486	21.7232232151577	-4.47010717473131	0	0	0.888092377962179	0.184214205287301	FALSE	FALSE	FALSE	FALSE	FALSE	FALSE	0	"retain"
"GSE57957"	"GSM1398707"	"tumor"	"33"	"yes"	7.59936829520746	0.763823722170053	0	0.368066267988082	0.686576521824618	-47.4109495620583	10.1400550442765	0	0	-2.50847485616343	0.774709055112347	FALSE	FALSE	FALSE	FALSE	FALSE	FALSE	0	"retain"
"GSE57957"	"GSM1398708"	"control"	"34"	"no"	7.59936829520746	0.763817404936793	0	0.329078883418211	0.860837961232662	20.0272675010179	4.72387018127404	0	0	0.76692624418834	-0.55552659559243	FALSE	FALSE	FALSE	FALSE	FALSE	FALSE	0	"retain"
"GSE57957"	"GSM1398709"	"control"	"35"	"yes"	7.59934622949873	0.763817404936793	0	0.312976776620248	0.854927955853039	32.3424173662539	-2.18942475985863	0	0	0.655842356730168	-1.10492473425749	FALSE	FALSE	FALSE	FALSE	FALSE	FALSE	0	"retain"
"GSE57957"	"GSM1398710"	"tumor"	"35"	"yes"	7.5993572623531	0.763823722170053	0	0.348498615895019	0.734345791083069	-27.5057485435578	-20.6335477402193	0	0	-1.61060830792631	0.10706774749575	FALSE	FALSE	FALSE	FALSE	FALSE	FALSE	0	"retain"
"GSE57957"	"GSM1398711"	"control"	"36"	"yes"	7.59934622949873	0.763817404936793	0	0.310356486275173	0.84744589833932	28.5638956261814	6.87738148712864	0	0	0.515210329951448	-1.19432810590378	FALSE	FALSE	FALSE	FALSE	FALSE	FALSE	0	"retain"
"GSE57957"	"GSM1398712"	"tumor"	"36"	"yes"	7.59936829520746	0.763830764043829	0	0.335397164169643	0.832922868984669	12.7562361014415	4.41905883658429	0	0	0.242236879885538	-0.339949110735667	FALSE	FALSE	FALSE	FALSE	FALSE	FALSE	0	"retain"
"GSE57957"	"GSM1398713"	"control"	"37"	"yes"	7.59938166309148	0.763830764043829	0	0.346047376539949	0.851758432047181	25.424170169204	-8.75316930281135	0	0	0.596268294926472	0.0234323353105175	FALSE	FALSE	FALSE	FALSE	FALSE	FALSE	0	"retain"
"GSE57957"	"GSM1398714"	"tumor"	"37"	"yes"	7.59936829520746	0.763823722170053	0	0.402130042474061	0.760025053515574	-16.9216707633071	-22.2537751488264	0	0	-1.12794338381365	1.93695288651403	FALSE	FALSE	FALSE	FALSE	FALSE	FALSE	0	"retain"
"GSE57957"	"GSM1398715"	"control"	"38"	"yes"	7.59936829520746	0.763823722170053	0	0.344885150983665	0.857034608628743	19.1039536973832	8.62463366108303	0	0	0.695438797819144	-0.0162223859842053	FALSE	FALSE	FALSE	FALSE	FALSE	FALSE	0	"retain"
"GSE57957"	"GSM1398716"	"tumor"	"38"	"yes"	7.5993572623531	0.763823722170053	0	0.345962851044946	0.733109293727453	-29.1928685019866	-17.8992337548836	0	0	-1.63384939220132	0.0205483555799922	FALSE	FALSE	FALSE	FALSE	FALSE	FALSE	0	"retain"
"GSE57957"	"GSM1398717"	"control"	"39"	"yes"	7.59936829520746	0.763823722170053	0	0.341144897829808	0.815896657951312	21.4870331277956	-11.5509269375813	0	0	-0.0777861300409094	-0.143838489059949	FALSE	FALSE	FALSE	FALSE	FALSE	FALSE	0	"retain"
"GSE57957"	"GSM1398718"	"tumor"	"39"	"yes"	7.59936829520746	0.763823722170053	0	0.381484690319718	0.711776897772729	-40.2670941907587	10.7090526930318	0	0	-2.0348110359281	1.23254083733323	FALSE	FALSE	FALSE	FALSE	FALSE	FALSE	0	"retain"
"GSE57957"	"GSM1398719"	"control"	"40"	"yes"	7.59938166309148	0.763830764043829	0	0.29564905014475	0.858203610625873	28.9512043109491	-0.25079498170811	0	0	0.717411245887516	-1.69614057901517	FALSE	FALSE	FALSE	FALSE	FALSE	FALSE	0	"retain"
"GSE57957"	"GSM1398720"	"tumor"	"40"	"yes"	7.59936829520746	0.763823722170053	0	0.354288612302686	0.783019911952646	-14.5914756263114	-22.6588868134399	0	0	-0.695734256636293	0.304620359036731	FALSE	FALSE	FALSE	FALSE	FALSE	FALSE	0	"retain"
"GSE57957"	"GSM1398721"	"control"	"41"	"yes"	7.59936829520746	0.763824446810569	0	0.373708344779494	0.857041352690724	20.8044994993019	-9.22361875660059	0	0	0.695565558553525	0.967214702124908	FALSE	FALSE	FALSE	FALSE	FALSE	FALSE	0	"retain"
"GSE57957"	"GSM1398722"	"tumor"	"41"	"yes"	7.59936829520746	0.763838213900328	0	0.392959026266298	0.581021638731645	-68.131228549848	12.0979940729672	0	0	-4.49247419304866	1.62404108575204	FALSE	FALSE	FALSE	FALSE	TRUE	FALSE	1	"review_single_flag"
"GSE76427"	"GSM2011285"	"tumor"	"HCC19"	"yes"	6.90769826203071	0.982854093001788	0	0.437344152825324	0.68554574151783	-38.0901241921435	-22.962448243593	0	0	-1.40479135914628	0.946581807041879	FALSE	FALSE	FALSE	FALSE	FALSE	FALSE	0	"retain"
"GSE76427"	"GSM2011286"	"tumor"	"HCC62"	"yes"	6.90769826203071	0.982848241687779	0	0.437386416465914	0.763930687793842	-21.9934790216721	-28.0469559910964	0	0	0.749443194015461	0.948220909738056	FALSE	FALSE	FALSE	FALSE	FALSE	FALSE	0	"retain"
"GSE76427"	"GSM2011287"	"tumor"	"HCC21"	"yes"	6.90769826203071	0.98284423488909	0	0.428088415536114	0.748971724458785	-2.62630333562912	-18.3319390142274	0	0	0.338329616385544	0.587618316579245	FALSE	FALSE	FALSE	FALSE	FALSE	FALSE	0	"retain"
"GSE76427"	"GSM2011288"	"tumor"	"HCC63"	"yes"	6.90769826203071	0.982848241687779	0	0.428299733739064	0.73797816843455	-24.1143491477593	-29.9877415513622	0	0	0.0361963704669446	0.595813830060127	FALSE	FALSE	FALSE	FALSE	FALSE	FALSE	0	"retain"
"GSE76427"	"GSM2011289"	"tumor"	"HCC46"	"yes"	6.90769826203071	0.982854093001788	0	0.416867418959469	0.726855869709124	-29.214706374847	-40.3334040709455	0	0	-0.269475080024706	0.152436550744406	FALSE	FALSE	FALSE	FALSE	FALSE	FALSE	0	"retain"
"GSE76427"	"GSM2011290"	"tumor"	"HCC60"	"yes"	6.90769826203071	0.982848241687779	0	0.409767127340349	0.720648735538591	-31.5624647744472	-6.52728846892	0	0	-0.440064249776628	-0.122932702213231	FALSE	FALSE	FALSE	FALSE	FALSE	FALSE	0	"retain"
"GSE76427"	"GSM2011291"	"tumor"	"HCC8"	"yes"	6.90769826203071	0.982848241687779	0	0.45334094078864	0.627297932051917	-26.1272827483472	-0.802837029690987	0	0	-3.00560184328703	1.56698217754465	FALSE	FALSE	FALSE	FALSE	FALSE	FALSE	0	"retain"
"GSE76427"	"GSM2011292"	"tumor"	"HCC66"	"yes"	6.90769826203071	0.982848241687779	0	0.397595198850429	0.739705128049461	-14.5064164468049	5.81972390203205	0	0	0.0836579846046436	-0.594994278712038	FALSE	FALSE	FALSE	FALSE	FALSE	FALSE	0	"retain"
"GSE76427"	"GSM2011293"	"tumor"	"HCC17"	"yes"	6.90769826203071	0.982848241687779	0	0.408139977177634	0.720697995189217	-20.6947046902469	-28.6512535448399	0	0	-0.438710458691773	-0.186038156016024	FALSE	FALSE	FALSE	FALSE	FALSE	FALSE	0	"retain"
"GSE76427"	"GSM2011294"	"tumor"	"HCC58"	"yes"	6.90769826203071	0.982848241687779	0	0.413190482228139	0.745203523056141	-21.7950489001974	-17.4860836917779	0	0	0.234769047035101	0.00983461617705911	FALSE	FALSE	FALSE	FALSE	FALSE	FALSE	0	"retain"
"GSE76427"	"GSM2011295"	"tumor"	"HCC61"	"yes"	6.90769826203071	0.982848241687779	0	0.410929377456574	0.716967219826912	-25.6866147497304	-9.42833503436759	0	0	-0.541242457211747	-0.0778573780683801	FALSE	FALSE	FALSE	FALSE	FALSE	FALSE	0	"retain"
"GSE76427"	"GSM2011296"	"tumor"	"HCC24"	"yes"	6.90769826203071	0.982848241687779	0	0.425806178944254	0.703203881937944	-30.6721577753802	-8.20337405059152	0	0	-0.919496949379829	0.499106770985719	FALSE	FALSE	FALSE	FALSE	FALSE	FALSE	0	"retain"
"GSE76427"	"GSM2011297"	"tumor"	"HCC25"	"yes"	6.90769826203071	0.982848241687779	0	0.427792570051984	0.783538800932564	11.8018409738572	-20.030582336886	0	0	1.28832823320399	0.576144597706011	FALSE	FALSE	FALSE	FALSE	FALSE	FALSE	0	"retain"
"GSE76427"	"GSM2011298"	"tumor"	"HCC54"	"yes"	6.90769826203071	0.982848241687779	0	0.399708380879929	0.753829079577163	-13.1138597598316	-0.352433659977431	0	0	0.471823134339133	-0.513039143903218	FALSE	FALSE	FALSE	FALSE	FALSE	FALSE	0	"retain"
"GSE76427"	"GSM2011299"	"tumor"	"HCC83"	"yes"	6.90769826203071	0.982848241687779	0	0.412155023033684	0.719921341279403	-24.574529495996	-19.4352513687958	0	0	-0.46005505057906	-0.0303233998792636	FALSE	FALSE	FALSE	FALSE	FALSE	FALSE	0	"retain"
"GSE76427"	"GSM2011300"	"tumor"	"HCC88"	"yes"	6.90769826203071	0.982848241687779	0	0.447402899285745	0.685227684586674	-22.1240682714498	-1.79743672197215	0	0	-1.41353244099324	1.33668824873187	FALSE	FALSE	FALSE	FALSE	FALSE	FALSE	0	"retain"
"GSE76427"	"GSM2011301"	"tumor"	"HCC85"	"yes"	6.90769826203071	0.982848241687779	0	0.422277164954989	0.778803545994833	8.02133286664017	-0.241837873769226	0	0	1.15819036503514	0.362241695854989	FALSE	FALSE	FALSE	FALSE	FALSE	FALSE	0	"retain"
"GSE76427"	"GSM2011302"	"tumor"	"HCC18"	"yes"	6.90769826203071	0.982848241687779	0	0.437766789231224	0.665936204173431	-22.3653231909814	26.2529252392094	0	0	-1.94371553943557	0.962972834003644	FALSE	FALSE	FALSE	FALSE	FALSE	FALSE	0	"retain"
"GSE76427"	"GSM2011303"	"tumor"	"HCC73"	"yes"	6.90769826203071	0.982848241687779	0	0.421706605807024	0.717900906325877	-10.5450233188189	-39.3509008638985	0	0	-0.515582176590928	0.340113809456607	FALSE	FALSE	FALSE	FALSE	FALSE	FALSE	0	"retain"
"GSE76427"	"GSM2011304"	"tumor"	"HCC40"	"yes"	6.90769826203071	0.982846074437146	0	0.377794683234014	0.707771090976823	29.1698793608642	35.5881987759796	0	0	-0.793977446075949	-1.36291389187069	FALSE	FALSE	FALSE	FALSE	FALSE	FALSE	0	"retain"
"GSE76427"	"GSM2011305"	"tumor"	"HCC53"	"yes"	6.90769826203071	0.982848241687779	0	0.457208063902625	0.632539197685173	-21.6056157064809	16.2235734282688	0	0	-2.86155740534481	1.7169600742448	FALSE	FALSE	FALSE	FALSE	FALSE	FALSE	0	"retain"
"GSE76427"	"GSM2011306"	"tumor"	"HCC78"	"yes"	6.90769826203071	0.982846074437146	0	0.414775368750264	0.779916830222182	-9.48801187526796	-1.61141636898508	0	0	1.18878648666288	0.0713009672836748	FALSE	FALSE	FALSE	FALSE	FALSE	FALSE	0	"retain"
"GSE76427"	"GSM2011307"	"tumor"	"HCC16"	"yes"	6.90769826203071	0.982848241687779	0	0.348210134821013	0.731246786684198	52.0894196925617	3.33788704010379	0	0	-0.14880056894625	-2.51028577919418	FALSE	FALSE	FALSE	FALSE	FALSE	FALSE	0	"retain"
"GSE76427"	"GSM2011308"	"tumor"	"HCC97"	"yes"	6.90769826203071	0.982848241687779	0	0.400447994590254	0.760830834571493	-6.81644290272312	-24.3265021967238	0	0	0.664250676337389	-0.484354846720131	FALSE	FALSE	FALSE	FALSE	FALSE	FALSE	0	"retain"
"GSE76427"	"GSM2011309"	"tumor"	"HCC41"	"yes"	6.90769826203071	0.982848241687779	0	0.392734880182579	0.716670157228006	-28.351245092774	-4.95004238882518	0	0	-0.54940655689438	-0.783491088772327	FALSE	FALSE	FALSE	FALSE	FALSE	FALSE	0	"retain"
"GSE76427"	"GSM2011310"	"tumor"	"HCC57"	"yes"	6.90769826203071	0.982848241687779	0	0.400617049152614	0.726807349625019	-21.9670739129945	8.09129672491714	0	0	-0.270808545781429	-0.477798435935426	FALSE	FALSE	FALSE	FALSE	FALSE	FALSE	0	"retain"
"GSE76427"	"GSM2011311"	"tumor"	"HCC99"	"yes"	6.90769826203071	0.982848241687779	0	0.377498837749884	0.742538709349548	-15.3277404585688	21.2576012491382	0	0	0.161532615332176	-1.37438761074392	FALSE	FALSE	FALSE	FALSE	FALSE	FALSE	0	"retain"
"GSE76427"	"GSM2011312"	"tumor"	"HCC101"	"yes"	6.90769826203071	0.982848241687779	0	0.407231308904949	0.764165075504943	-15.4211707945416	-22.2665110253564	0	0	0.755884814888836	-0.221278863983816	FALSE	FALSE	FALSE	FALSE	FALSE	FALSE	0	"retain"
"GSE76427"	"GSM2011313"	"tumor"	"HCC76"	"yes"	6.90769826203071	0.982848241687779	0	0.416487046194159	0.724020071728803	-29.2719712477465	-1.49688771268099	0	0	-0.347410631239894	0.137684626478819	FALSE	FALSE	FALSE	FALSE	FALSE	FALSE	0	"retain"
"GSE76427"	"GSM2011314"	"tumor"	"HCC98"	"yes"	6.90769826203071	0.982848241687779	0	0.414479523266134	0.756349558631053	-32.586003483247	-13.5241461947268	0	0	0.541092851630144	0.0598272484104388	FALSE	FALSE	FALSE	FALSE	FALSE	FALSE	0	"retain"
"GSE76427"	"GSM2011315"	"tumor"	"HCC6"	"yes"	6.90769826203071	0.982848241687779	0	0.413739909555809	0.73179074427963	-33.3143184270892	-9.26840648898976	0	0	-0.133851113684678	0.031142951227352	FALSE	FALSE	FALSE	FALSE	FALSE	FALSE	0	"retain"
"GSE76427"	"GSM2011316"	"tumor"	"HCC26"	"yes"	6.90769826203071	0.982848241687779	0	0.365707282025274	0.739176391567925	-9.04683475390122	-17.9822846959076	0	0	0.0691268475412761	-1.83169726297714	FALSE	FALSE	FALSE	FALSE	FALSE	FALSE	0	"retain"
"GSE76427"	"GSM2011317"	"tumor"	"HCC3"	"yes"	6.90769826203071	0.982848241687779	0	0.434406829804319	0.787099823736326	-11.4638852360014	-17.5081387531753	0	0	1.38619496314278	0.832664169657619	FALSE	FALSE	FALSE	FALSE	FALSE	FALSE	0	"retain"
"GSE76427"	"GSM2011318"	"tumor"	"HCC34"	"yes"	6.90769826203071	0.982848241687779	0	0.441824098727864	0.725252113938085	-43.1508044029818	-13.1845312140912	0	0	-0.31355071266774	1.12032669283658	FALSE	FALSE	FALSE	FALSE	FALSE	FALSE	0	"retain"
"GSE76427"	"GSM2011319"	"tumor"	"HCC72"	"yes"	6.90769826203071	0.982848241687779	0	0.413127086767254	0.714157511582879	-31.7585096870856	-34.9743561435824	0	0	-0.618460990503666	0.00737596213279379	FALSE	FALSE	FALSE	FALSE	FALSE	FALSE	0	"retain"
"GSE76427"	"GSM2011320"	"tumor"	"HCC31"	"yes"	6.90769826203071	0.982848241687779	0	0.436667934575884	0.725809341577084	-25.7548806064633	-1.70683674842037	0	0	-0.29823656000274	0.920356163903058	FALSE	FALSE	FALSE	FALSE	FALSE	FALSE	0	"retain"
"GSE76427"	"GSM2011321"	"tumor"	"HCC22"	"yes"	6.90769826203071	0.982848241687779	0	0.438273952918304	0.694678801387152	-31.8485378339463	21.4539134078963	0	0	-1.15378967985305	0.982642066357762	FALSE	FALSE	FALSE	FALSE	FALSE	FALSE	0	"retain"
"GSE76427"	"GSM2011322"	"tumor"	"HCC32"	"yes"	6.90769826203071	0.982848241687779	0	0.439647521237479	0.64448522113114	-55.4605682741771	7.22975386158946	0	0	-2.53324772723947	1.0359129039835	FALSE	FALSE	FALSE	FALSE	FALSE	FALSE	0	"retain"
"GSE76427"	"GSM2011323"	"tumor"	"HCC102"	"yes"	6.90769826203071	0.982848241687779	0	0.395376357719454	0.709604873160711	-18.7193900761141	23.5321555434183	0	0	-0.743580053066406	-0.681047170261301	FALSE	FALSE	FALSE	FALSE	FALSE	FALSE	0	"retain"
"GSE76427"	"GSM2011324"	"tumor"	"HCC103"	"yes"	6.90769826203071	0.982848241687779	0	0.460715946071595	0.703059700794388	-46.6520750998367	-1.43021533064774	0	0	-0.923459444936937	1.85300559802744	FALSE	FALSE	FALSE	FALSE	FALSE	FALSE	0	"retain"
"GSE76427"	"GSM2011325"	"tumor"	"HCC5"	"yes"	6.90769826203071	0.982848241687779	0	0.411056168378344	0.668773747294978	-50.2106061199453	-3.8824449408588	0	0	-1.86573202692541	-0.0729400699798495	FALSE	FALSE	FALSE	FALSE	FALSE	FALSE	0	"retain"
"GSE76427"	"GSM2011326"	"tumor"	"HCC4"	"yes"	6.90769826203071	0.982848241687779	0	0.423735260555344	0.715145778966413	-18.4650643848601	-12.4123413395484	0	0	-0.5913006766103	0.418790738873074	FALSE	FALSE	FALSE	FALSE	FALSE	FALSE	0	"retain"
"GSE76427"	"GSM2011327"	"tumor"	"HCC7"	"yes"	6.90769826203071	0.982848241687779	0	0.445522167279489	0.704453793650152	-16.0858986250892	22.3860849734534	0	0	-0.885145927573195	1.26374817875202	FALSE	FALSE	FALSE	FALSE	FALSE	FALSE	0	"retain"
"GSE76427"	"GSM2011328"	"tumor"	"HCC11"	"yes"	6.90769826203071	0.982848241687779	0	0.433350238789569	0.690655019242488	-9.27693499311587	27.9773057798531	0	0	-1.26437431302875	0.79168660225321	FALSE	FALSE	FALSE	FALSE	FALSE	FALSE	0	"retain"
"GSE76427"	"GSM2011329"	"tumor"	"HCC23"	"yes"	6.90769826203071	0.982848241687779	0	0.440344871307214	0.690211777681037	-11.5419683894401	33.6186282454316	0	0	-1.27655581384541	1.06295809847041	FALSE	FALSE	FALSE	FALSE	FALSE	FALSE	0	"retain"
"GSE76427"	"GSM2011330"	"tumor"	"HCC36"	"yes"	6.90769826203071	0.982848241687779	0	0.426693715396644	0.748611415393438	-4.45667490130478	27.1723822449137	0	0	0.328427329336015	0.533527927605423	FALSE	FALSE	FALSE	FALSE	FALSE	FALSE	0	"retain"
"GSE76427"	"GSM2011331"	"tumor"	"HCC47"	"yes"	6.90769826203071	0.982848241687779	0	0.401462321964414	0.764781916401631	33.2219967107893	-19.2269913942363	0	0	0.772837304321822	-0.445016382011897	FALSE	FALSE	FALSE	FALSE	FALSE	FALSE	0	"retain"
"GSE76427"	"GSM2011332"	"tumor"	"HCC70"	"yes"	6.90769826203071	0.982848241687779	0	0.364270318245214	0.773522366572895	41.3224527263067	-3.8986929771673	0	0	1.01304898607539	-1.88742675464714	FALSE	FALSE	FALSE	FALSE	FALSE	FALSE	0	"retain"
"GSE76427"	"GSM2011333"	"tumor"	"HCC84"	"yes"	6.90769826203071	0.982848241687779	0	0.425552597100714	0.691058454938633	7.63323126385125	49.2328805033823	0	0	-1.25328678719754	0.48927215480866	FALSE	FALSE	FALSE	FALSE	FALSE	FALSE	0	"retain"
"GSE76427"	"GSM2011334"	"tumor"	"HCC14"	"yes"	6.90769826203071	0.982848241687779	0	0.429504247495879	0.698095497620196	-8.9999355963913	35.9603331296529	0	0	-1.05988944221095	0.642528256901155	FALSE	FALSE	FALSE	FALSE	FALSE	FALSE	0	"retain"
"GSE76427"	"GSM2011335"	"tumor"	"HCC37"	"yes"	6.90769826203071	0.982848241687779	0	0.423249228688559	0.736014127993393	-4.13444929422642	27.9009944250579	0	0	-0.017780878777428	0.399941057867046	FALSE	FALSE	FALSE	FALSE	FALSE	FALSE	0	"retain"
"GSE76427"	"GSM2011336"	"tumor"	"HCC82"	"yes"	6.90769826203071	0.982848241687779	0	0.426334474451629	0.733706379973846	-0.41995162193239	17.3079525703119	0	0	-0.0812041604135938	0.519595554687923	FALSE	FALSE	FALSE	FALSE	FALSE	FALSE	0	"retain"
"GSE76427"	"GSM2011337"	"tumor"	"HCC104"	"no"	6.90769826203071	0.982848241687779	0	0.389396052575969	0.781255404188966	5.94448766483182	-3.23304681788225	0	0	1.22557419180534	-0.912980201770264	FALSE	FALSE	FALSE	FALSE	FALSE	FALSE	0	"retain"
"GSE76427"	"GSM2011338"	"tumor"	"HCC29"	"no"	6.90769826203071	0.982848241687779	0	0.376125269430709	0.695483356475675	-27.0761512615948	-42.1454895200425	0	0	-1.13167828660778	-1.42765844836966	FALSE	FALSE	FALSE	FALSE	FALSE	FALSE	0	"retain"
"GSE76427"	"GSM2011339"	"tumor"	"HCC51"	"no"	6.90769826203071	0.982848241687779	0	0.404463040446304	0.730110955460438	51.2514996132135	17.1455129444933	0	0	-0.180016344232581	-0.328640090583371	FALSE	FALSE	FALSE	FALSE	FALSE	FALSE	0	"retain"
"GSE76427"	"GSM2011340"	"tumor"	"HCC100"	"no"	6.90769826203071	0.982848241687779	0	0.394340898524999	0.786712975736854	7.11076321774722	-20.8823410663862	0	0	1.37556331297426	-0.721205186317623	FALSE	FALSE	FALSE	FALSE	FALSE	FALSE	0	"retain"
"GSE76427"	"GSM2011341"	"tumor"	"HCC115"	"no"	6.90769826203071	0.982848241687779	0	0.405223785976924	0.756915025383843	-23.2596644839283	-13.575127758065	0	0	0.556633437870201	-0.299136242052196	FALSE	FALSE	FALSE	FALSE	FALSE	FALSE	0	"retain"
"GSE76427"	"GSM2011342"	"tumor"	"HCC109"	"no"	6.90769826203071	0.982848241687779	0	0.411330882042179	0.669595113071805	-52.6101902500223	12.6549470672015	0	0	-1.84315862959228	-0.0622859024547041	FALSE	FALSE	FALSE	FALSE	FALSE	FALSE	0	"retain"
"GSE76427"	"GSM2011343"	"tumor"	"HCC107"	"no"	6.90769826203071	0.982848241687779	0	0.399243480833439	0.689643708170302	-46.3148786585205	-6.39617614939813	0	0	-1.29216793105365	-0.531069273561159	FALSE	FALSE	FALSE	FALSE	FALSE	FALSE	0	"retain"
"GSE76427"	"GSM2011344"	"tumor"	"HCC110"	"no"	6.90769826203071	0.982848241687779	0	0.394911457672964	0.68375299554212	-53.948374715422	-14.4391813141326	0	0	-1.45406096395428	-0.699077299919242	FALSE	FALSE	FALSE	FALSE	FALSE	FALSE	0	"retain"
"GSE76427"	"GSM2011345"	"tumor"	"HCC30"	"no"	6.90769826203071	0.982848241687779	0	0.420523223870504	0.714058826050909	-33.6330433358442	3.89863264673411	0	0	-0.621173141152056	0.294218933963668	FALSE	FALSE	FALSE	FALSE	FALSE	FALSE	0	"retain"
"GSE76427"	"GSM2011346"	"tumor"	"HCC33"	"no"	6.90769826203071	0.982848241687779	0	0.393918262119099	0.718652579954724	-38.2385922233772	17.1154274665303	0	0	-0.49492411173418	-0.737596213279388	FALSE	FALSE	FALSE	FALSE	FALSE	FALSE	0	"retain"
"GSE76427"	"GSM2011347"	"tumor"	"HCC96"	"no"	6.90769826203071	0.982848241687779	0	0.422086978572334	0.701443061146151	-43.1165340938317	17.9915401558716	0	0	-0.967889162066307	0.354865733722195	FALSE	FALSE	FALSE	FALSE	FALSE	FALSE	0	"retain"
"GSE76427"	"GSM2011348"	"tumor"	"HCC79"	"no"	6.90769826203071	0.982848241687779	0	0.444698026287984	0.693001349224686	-25.2959199558116	6.72501603905386	0	0	-1.19989069262833	1.23178567617658	FALSE	FALSE	FALSE	FALSE	FALSE	FALSE	0	"retain"
"GSE76427"	"GSM2011349"	"tumor"	"HCC92"	"no"	6.90769826203071	0.982848241687779	0	0.378365242381979	0.712118787236751	-33.0176823148839	-3.72520609397733	0	0	-0.674490759476595	-1.34078600547231	FALSE	FALSE	FALSE	FALSE	FALSE	FALSE	0	"retain"
"GSE76427"	"GSM2011350"	"tumor"	"HCC94"	"no"	6.90769826203071	0.982848241687779	0	0.434470225265204	0.771627040012861	-5.592433753756	-21.7043164499829	0	0	0.960960183835574	0.835122823701884	FALSE	FALSE	FALSE	FALSE	FALSE	FALSE	0	"retain"
"GSE76427"	"GSM2011351"	"tumor"	"HCC95"	"no"	6.90769826203071	0.982848241687779	0	0.431384979502134	0.68171210465302	-52.1995694302365	7.58257785498107	0	0	-1.51015027550462	0.715468326881006	FALSE	FALSE	FALSE	FALSE	FALSE	FALSE	0	"retain"
"GSE76427"	"GSM2011352"	"tumor"	"HCC93"	"no"	6.90769826203071	0.982848241687779	0	0.44645196737247	0.694933858981712	-41.2123642832831	5.77303219744018	0	0	-1.14677999356311	1.2998084380679	FALSE	FALSE	FALSE	FALSE	FALSE	FALSE	0	"retain"
"GSE76427"	"GSM2011353"	"tumor"	"HCC114"	"no"	6.90769826203071	0.982848241687779	0	0.417459109927729	0.630576703127068	-55.6632870333327	25.8307086345532	0	0	-2.91549216945851	0.175383988490876	FALSE	FALSE	FALSE	FALSE	FALSE	FALSE	0	"retain"
"GSE76427"	"GSM2011354"	"tumor"	"HCC35"	"no"	6.90769826203071	0.982848241687779	0	0.411077300198639	0.729932725453309	-24.1525186761766	-16.4438063809159	0	0	-0.184914596486478	-0.0721205186317632	FALSE	FALSE	FALSE	FALSE	FALSE	FALSE	0	"retain"
"GSE76427"	"GSM2011355"	"tumor"	"HCC44"	"no"	6.90769826203071	0.982848241687779	0	0.418600228223659	0.771868010275982	-20.7108335730491	-2.57115768238872	0	0	0.967582711396811	0.219639761287639	FALSE	FALSE	FALSE	FALSE	FALSE	FALSE	0	"retain"
"GSE76427"	"GSM2011356"	"tumor"	"HCC2"	"no"	6.90769826203071	0.982848241687779	0	0.467351337644225	0.637969980558799	-32.5081202892528	40.0670784390799	0	0	-2.71230451084274	2.11034472132713	FALSE	FALSE	FALSE	FALSE	FALSE	FALSE	0	"retain"
"GSE76427"	"GSM2011357"	"tumor"	"HCC1"	"no"	6.90769826203071	0.982848241687779	0	0.411690122987194	0.740986041761225	-10.9298015064474	16.1270435663334	0	0	0.118861026879949	-0.0483535295372049	FALSE	FALSE	FALSE	FALSE	FALSE	FALSE	0	"retain"
"GSE76427"	"GSM2011358"	"tumor"	"HCC43"	"no"	6.90769826203071	0.982848241687779	0	0.419847005621064	0.749529795008174	-18.9145980080182	-2.73761239672222	0	0	0.353666934553281	0.267993290824844	FALSE	FALSE	FALSE	FALSE	FALSE	FALSE	0	"retain"
"GSE76427"	"GSM2011359"	"tumor"	"HCC48"	"no"	6.90769826203071	0.982848241687779	0	0.381767465449474	0.757825686889027	-3.11650956681347	1.22962637639735	0	0	0.581660928146125	-1.20883823843011	FALSE	FALSE	FALSE	FALSE	FALSE	FALSE	0	"retain"
"GSE76427"	"GSM2011360"	"tumor"	"HCC80"	"no"	6.90769826203071	0.982848241687779	0	0.429292929292929	0.701197645595208	-29.2363622077068	21.0997546423204	0	0	-0.97463385839948	0.634332743420273	FALSE	FALSE	FALSE	FALSE	FALSE	FALSE	0	"retain"
"GSE76427"	"GSM2011361"	"tumor"	"HCC81"	"no"	6.90769826203071	0.982848241687779	0	0.46052575968894	0.649219828368793	-44.4117946165553	32.7011736454845	0	0	-2.40312765965548	1.84562963589464	FALSE	FALSE	FALSE	FALSE	FALSE	FALSE	0	"retain"
"GSE76427"	"GSM2011362"	"tumor"	"HCC86"	"no"	6.90769826203071	0.982848241687779	0	0.417121000803009	0.795263415341623	10.7508433925825	-0.842428070771025	0	0	1.61055298020521	0.162271166921466	FALSE	FALSE	FALSE	FALSE	FALSE	FALSE	0	"retain"
"GSE76427"	"GSM2011363"	"tumor"	"HCC87"	"no"	6.90769826203071	0.982848241687779	0	0.481636448163645	0.545990109348708	-57.2721159096462	40.8728177828493	0	0	-5.24016510359513	2.66436143263476	FALSE	FALSE	FALSE	FALSE	TRUE	FALSE	1	"review_single_flag"
"GSE76427"	"GSM2011364"	"tumor"	"HCC89"	"no"	6.90769826203071	0.982848241687779	0	0.422488483157939	0.768620220403256	-31.2985786224391	-0.390651533882439	0	0	0.878324486474401	0.370437209335871	FALSE	FALSE	FALSE	FALSE	FALSE	FALSE	0	"retain"
"GSE76427"	"GSM2011365"	"tumor"	"HCC90"	"no"	6.90769826203071	0.982848241687779	0	0.445078399053294	0.755886750526679	0.962278594385569	-8.06798063155197	0	0	0.528373608238499	1.24653760044216	FALSE	FALSE	FALSE	FALSE	FALSE	FALSE	0	"retain"
"GSE76427"	"GSM2011366"	"tumor"	"HCC105"	"no"	6.90769826203071	0.982848241687779	0	0.416317991631799	0.700990140329253	-24.9801184942633	9.72952143333336	0	0	-0.980336675523434	0.131128215694114	FALSE	FALSE	FALSE	FALSE	FALSE	FALSE	0	"retain"
"GSE76427"	"GSM2011367"	"tumor"	"HCC106"	"no"	6.90769826203071	0.982848241687779	0	0.426271078990744	0.772719449328592	-14.4002314221313	-5.30041383884281	0	0	0.990982605307372	0.51713690064366	FALSE	FALSE	FALSE	FALSE	FALSE	FALSE	0	"retain"
"GSE76427"	"GSM2011368"	"tumor"	"HCC113"	"no"	6.90769826203071	0.982848241687779	0	0.410337686488314	0.782381123576633	3.96886440453571	-0.102086737560017	0	0	1.25651206594175	-0.10080481581485	FALSE	FALSE	FALSE	FALSE	FALSE	FALSE	0	"retain"
"GSE76427"	"GSM2011369"	"tumor"	"HCC112"	"no"	6.90769826203071	0.982848241687779	0	0.411668991166899	0.719408562693401	-19.0245966700016	-28.6212730238061	0	0	-0.47414762065237	-0.0491730808852934	FALSE	FALSE	FALSE	FALSE	FALSE	FALSE	0	"retain"
"GSE76427"	"GSM2011370"	"tumor"	"HCC111"	"no"	6.90769826203071	0.982848241687779	0	0.431828747728329	0.740787211205702	-18.253849594691	-4.16413992457579	0	0	0.113396614728351	0.732678905190857	FALSE	FALSE	FALSE	FALSE	FALSE	FALSE	0	"retain"
"GSE76427"	"GSM2011371"	"tumor"	"HCC108"	"no"	6.90769826203071	0.982848241687779	0	0.430328388487384	0.77958040814999	-10.6171338302769	-5.93167625674784	0	0	1.17954068007893	0.674490759476595	FALSE	FALSE	FALSE	FALSE	FALSE	FALSE	0	"retain"
"GSE76427"	"GSM2011372"	"tumor"	"HCC9"	"no"	6.90769826203071	0.982848241687779	0	0.424960906132454	0.752086912109526	-18.1429420890196	-1.94518592431363	0	0	0.423943566456774	0.46632471706219	FALSE	FALSE	FALSE	FALSE	FALSE	FALSE	0	"retain"
"GSE76427"	"GSM2011373"	"tumor"	"HCC10"	"no"	6.90769826203071	0.982848241687779	0	0.424939774312159	0.714768427607891	-30.5260696334112	23.7331474557796	0	0	-0.601671332888446	0.465505165714102	FALSE	FALSE	FALSE	FALSE	FALSE	FALSE	0	"retain"
"GSE76427"	"GSM2011374"	"tumor"	"HCC12"	"no"	6.90769826203071	0.982848241687779	0	0.409640336418579	0.692221346834073	-6.03354996469748	31.452830878159	0	0	-1.22132731000498	-0.12785001030176	FALSE	FALSE	FALSE	FALSE	FALSE	FALSE	0	"retain"
"GSE76427"	"GSM2011375"	"tumor"	"HCC13"	"no"	6.90769826203071	0.982848241687779	0	0.435294366256709	0.767438869426767	-1.54949133011852	-12.0986015583184	0	0	0.845857702814157	0.867085326277324	FALSE	FALSE	FALSE	FALSE	FALSE	FALSE	0	"retain"
"GSE76427"	"GSM2011376"	"tumor"	"HCC15"	"no"	6.90769826203071	0.982848241687779	0	0.448966653987575	0.783028613113145	-11.3159178456691	-10.0687933422403	0	0	1.27430686454315	1.3973350484904	FALSE	FALSE	FALSE	FALSE	FALSE	FALSE	0	"retain"
"GSE76427"	"GSM2011377"	"tumor"	"HCC20"	"no"	6.90769826203071	0.982848241687779	0	0.47912176154854	0.637673481553548	-46.1795625699057	32.2673499635239	0	0	-2.72045312141704	2.56683482221227	FALSE	FALSE	FALSE	FALSE	FALSE	FALSE	0	"retain"
"GSE76427"	"GSM2011378"	"tumor"	"HCC91"	"no"	6.90769826203071	0.982848241687779	0	0.465745319301805	0.722737917591524	-34.3314891299151	8.31819537653497	0	0	-0.382647763830117	2.04805881887243	FALSE	FALSE	FALSE	FALSE	FALSE	FALSE	0	"retain"
"GSE76427"	"GSM2011379"	"tumor"	"HCC27"	"no"	6.90769826203071	0.982848241687779	0	0.4632306326867	0.744635875185854	-8.45647609440854	5.71095010851997	0	0	0.219168517669486	1.95053220844993	FALSE	FALSE	FALSE	FALSE	FALSE	FALSE	0	"retain"
"GSE76427"	"GSM2011380"	"tumor"	"HCC28"	"no"	6.90769826203071	0.982848241687779	0	0.445353112717129	0.740600613961799	-34.7603464794749	-2.61586767827775	0	0	0.108268407726397	1.25719176796731	FALSE	FALSE	FALSE	FALSE	FALSE	FALSE	0	"retain"
"GSE76427"	"GSM2011381"	"tumor"	"HCC38"	"no"	6.90769826203071	0.982848241687779	0	0.419297578293394	0.748212310434449	-12.4247049344916	9.83109001197817	0	0	0.317458824108442	0.246684955774551	FALSE	FALSE	FALSE	FALSE	FALSE	FALSE	0	"retain"
"GSE76427"	"GSM2011382"	"tumor"	"HCC39"	"no"	6.90769826203071	0.982848241687779	0	0.412366341236634	0.71401061726614	-16.2677371855793	3.13523939836011	0	0	-0.622498051544292	-0.0221278863983814	FALSE	FALSE	FALSE	FALSE	FALSE	FALSE	0	"retain"
"GSE76427"	"GSM2011383"	"tumor"	"HCC42"	"no"	6.90769826203071	0.982848241687779	0	0.45765183212882	0.741251405259846	-16.3393346413093	-0.347230044838521	0	0	0.126153947842913	1.73417065255465	FALSE	FALSE	FALSE	FALSE	FALSE	FALSE	0	"retain"
"GSE76427"	"GSM2011384"	"tumor"	"HCC45"	"no"	6.90769826203071	0.982848241687779	0	0.413866700477579	0.742248316039366	-13.5788928968658	-7.33333270954522	0	0	0.1535518061013	0.0360602593158805	FALSE	FALSE	FALSE	FALSE	FALSE	FALSE	0	"retain"
"GSE76427"	"GSM2011385"	"tumor"	"HCC49"	"no"	6.90769826203071	0.982843907186513	0	0.416444782553569	0.709445348075351	-30.5350834097375	-11.7235139046471	0	0	-0.747964242471478	0.136045523782642	FALSE	FALSE	FALSE	FALSE	FALSE	FALSE	0	"retain"
"GSE76427"	"GSM2011386"	"tumor"	"HCC50"	"no"	6.90769826203071	0.982848241687779	0	0.416085541608554	0.742738801113194	-9.56834150304982	23.796169334968	0	0	0.167031688962094	0.122113150865143	FALSE	FALSE	FALSE	FALSE	FALSE	FALSE	0	"retain"
"GSE76427"	"GSM2011387"	"tumor"	"HCC52"	"no"	6.90769826203071	0.982848241687779	0	0.408668272685009	0.755243017394779	-1.18136111959814	4.91480027693	0	0	0.51068204599806	-0.165549372313817	FALSE	FALSE	FALSE	FALSE	FALSE	FALSE	0	"retain"
"GSE76427"	"GSM2011388"	"tumor"	"HCC55"	"no"	6.90769826203071	0.982848241687779	0	0.433054393305439	0.77825276138611	17.8529876994807	12.8481881032806	0	0	1.14305328461562	0.780212883379974	FALSE	FALSE	FALSE	FALSE	FALSE	FALSE	0	"retain"
"GSE76427"	"GSM2011389"	"tumor"	"HCC56"	"no"	6.90769826203071	0.982848241687779	0	0.437449811926799	0.747308524776212	-17.0525309339359	8.51124639383818	0	0	0.292620301074033	0.950679563782321	FALSE	FALSE	FALSE	FALSE	FALSE	FALSE	0	"retain"
"GSE76427"	"GSM2011390"	"tumor"	"HCC59"	"no"	6.90769826203071	0.982848241687779	0	0.46652719665272	0.669124855725143	-41.9655787584909	31.2113992406461	0	0	-1.85608259871115	2.0783822187517	FALSE	FALSE	FALSE	FALSE	FALSE	FALSE	0	"retain"
"GSE76427"	"GSM2011391"	"tumor"	"HCC64"	"no"	6.90769826203071	0.982848241687779	0	0.44953721313554	0.756405186586361	-17.9189357788199	13.2134456095752	0	0	0.542621661294997	1.41946293488878	FALSE	FALSE	FALSE	FALSE	FALSE	FALSE	0	"retain"
"GSE76427"	"GSM2011392"	"tumor"	"HCC65"	"no"	6.90769826203071	0.982848241687779	0	0.458898609526225	0.67908350423534	-27.5454604438151	25.8959696404335	0	0	-1.58239146613174	1.78252418209185	FALSE	FALSE	FALSE	FALSE	FALSE	FALSE	0	"retain"
"GSE76427"	"GSM2011393"	"tumor"	"HCC67"	"no"	6.90769826203071	0.982848241687779	0	0.422192637673809	0.743321826647635	-35.9092206438194	-1.50642371305886	0	0	0.183054838958832	0.358963490462635	FALSE	FALSE	FALSE	FALSE	FALSE	FALSE	0	"retain"
"GSE76427"	"GSM2011394"	"tumor"	"HCC68"	"no"	6.90769826203071	0.982848241687779	0	0.422150374033219	0.757867386834362	-13.758683324417	14.3949083263004	0	0	0.582806957675674	0.357324387766458	FALSE	FALSE	FALSE	FALSE	FALSE	FALSE	0	"retain"
"GSE76427"	"GSM2011395"	"tumor"	"HCC69"	"no"	6.90769826203071	0.982848241687779	0	0.399053294450784	0.783997998566958	4.32246661699547	8.21443321314292	0	0	1.3009482509209	-0.538445235693953	FALSE	FALSE	FALSE	FALSE	FALSE	FALSE	0	"retain"
"GSE76427"	"GSM2011396"	"tumor"	"HCC71"	"no"	6.90769206365677	0.982848241687779	0	0.428194074637589	0.776962881295838	-8.74139354326388	-6.52517676953183	0	0	1.10760382152464	0.591716073319687	FALSE	FALSE	FALSE	FALSE	FALSE	FALSE	0	"retain"
"GSE76427"	"GSM2011397"	"tumor"	"HCC74"	"no"	6.90769826203071	0.982848241687779	0	0.428236338278179	0.747054633395149	-8.54806410212719	-21.3295510725356	0	0	0.285642665548083	0.593355176015864	FALSE	FALSE	FALSE	FALSE	FALSE	FALSE	0	"retain"
"GSE76427"	"GSM2011398"	"tumor"	"HCC75"	"no"	6.90769826203071	0.982848241687779	0	0.474324838341575	0.596807793020959	-42.8521437501591	28.1258456716918	0	0	-3.84355497270439	2.38079666619624	FALSE	FALSE	FALSE	FALSE	TRUE	FALSE	1	"review_single_flag"
"GSE76427"	"GSM2011399"	"tumor"	"HCC77"	"no"	6.90769826203071	0.982848241687779	0	0.415219136976459	0.789791234690604	4.57516805339927	-1.23685232301845	0	0	1.46016236058218	0.0885115455935276	FALSE	FALSE	FALSE	FALSE	FALSE	FALSE	0	"retain"
"GSE76427"	"GSM2011400"	"control"	"HCC19"	"yes"	6.90769826203071	0.982854093001788	0	0.394932589493259	0.75481119796257	35.5636493514624	-32.0919363019008	0	0	0.498814456801607	-0.698257748571153	FALSE	FALSE	FALSE	FALSE	FALSE	FALSE	0	"retain"
"GSE76427"	"GSM2011401"	"control"	"HCC62"	"yes"	6.90769826203071	0.982848241687779	0	0.398546130763704	0.752498768662011	37.2505559711719	-27.8257956029522	0	0	0.435262520649628	-0.558114468048069	FALSE	FALSE	FALSE	FALSE	FALSE	FALSE	0	"retain"
"GSE76427"	"GSM2011402"	"control"	"HCC21"	"yes"	6.90769826203071	0.982848241687779	0	0.396771057858924	0.755396659472944	21.4623187752064	-40.8097945171772	0	0	0.514904554136775	-0.626956781287479	FALSE	FALSE	FALSE	FALSE	FALSE	FALSE	0	"retain"
"GSE76427"	"GSM2011403"	"control"	"HCC63"	"yes"	6.9077044593282	0.982848241687779	0	0.405963399687249	0.745723262648725	18.5049172041666	-43.1109680045569	0	0	0.249052924771636	-0.270451944869109	FALSE	FALSE	FALSE	FALSE	FALSE	FALSE	0	"retain"
"GSE76427"	"GSM2011404"	"control"	"HCC46"	"yes"	6.90769826203071	0.982848241687779	0	0.388360593381514	0.756888264810027	32.4492434061445	-31.4227701586556	0	0	0.555897983481095	-0.953138217826585	FALSE	FALSE	FALSE	FALSE	FALSE	FALSE	0	"retain"
"GSE76427"	"GSM2011405"	"control"	"HCC60"	"yes"	6.90769826203071	0.982848241687779	0	0.376505642196019	0.762069386278224	33.0140536797668	-31.2363285512797	0	0	0.698289493856288	-1.41290652410407	FALSE	FALSE	FALSE	FALSE	FALSE	FALSE	0	"retain"
"GSE76427"	"GSM2011406"	"control"	"HCC8"	"yes"	6.90769826203071	0.982848241687779	0	0.405878872406069	0.733260593708022	19.2852417837738	-28.650936783259	0	0	-0.0934555967261297	-0.273730150261461	FALSE	FALSE	FALSE	FALSE	FALSE	FALSE	0	"retain"
"GSE76427"	"GSM2011407"	"control"	"HCC66"	"yes"	6.90769826203071	0.982848241687779	0	0.350513503233169	0.706467989667638	54.0901182245544	-4.50199480429158	0	0	-0.82979026473417	-2.42095468225257	FALSE	FALSE	FALSE	FALSE	FALSE	FALSE	0	"retain"
"GSE76427"	"GSM2011408"	"control"	"HCC17"	"yes"	6.90769826203071	0.982848241687779	0	0.399095558091374	0.765858571765912	27.4279387680075	-22.6667749513595	0	0	0.802426763749581	-0.536806132997776	FALSE	FALSE	FALSE	FALSE	FALSE	FALSE	0	"retain"
"GSE76427"	"GSM2011409"	"control"	"HCC58"	"yes"	6.90769826203071	0.982848241687779	0	0.343856979840243	0.744077042639719	42.5893951709307	-6.16775692946361	0	0	0.203810257729172	-2.67911335690035	FALSE	FALSE	FALSE	FALSE	FALSE	FALSE	0	"retain"
"GSE76427"	"GSM2011410"	"control"	"HCC61"	"yes"	6.90769206365677	0.982848241687779	0	0.351950467013229	0.742413661394364	45.7185465020642	-17.6703318409983	0	0	0.158095952571561	-2.36522519058257	FALSE	FALSE	FALSE	FALSE	FALSE	FALSE	0	"retain"
"GSE76427"	"GSM2011411"	"control"	"HCC24"	"yes"	6.90769826203071	0.982848241687779	0	0.386458729554964	0.765994308737305	36.3033945119744	-27.6702279309619	0	0	0.806157190161895	-1.02689783915452	FALSE	FALSE	FALSE	FALSE	FALSE	FALSE	0	"retain"
"GSE76427"	"GSM2011412"	"control"	"HCC25"	"yes"	6.90769826203071	0.982848241687779	0	0.410210895566544	0.751173968062959	44.5402063105795	0.483715798159244	0	0	0.398853345647098	-0.105722123903378	FALSE	FALSE	FALSE	FALSE	FALSE	FALSE	0	"retain"
"GSE76427"	"GSM2011413"	"control"	"HCC54"	"yes"	6.90769826203071	0.98284423488909	0	0.419699082878999	0.761118338512138	17.4264487697219	-27.3329720277448	0	0	0.672152077722881	0.262256431388227	FALSE	FALSE	FALSE	FALSE	FALSE	FALSE	0	"retain"
"GSE76427"	"GSM2011414"	"control"	"HCC83"	"yes"	6.90769826203071	0.982848241687779	0	0.408752799966189	0.74759619073779	23.2174394645537	-35.6186168609462	0	0	0.300526155241717	-0.162271166921466	FALSE	FALSE	FALSE	FALSE	FALSE	FALSE	0	"retain"
"GSE76427"	"GSM2011415"	"control"	"HCC88"	"yes"	6.90769826203071	0.982848241687779	0	0.335552174464308	0.689821971849435	59.8109444095595	16.1955102847121	0	0	-1.28726875340022	-3.00119703669902	FALSE	FALSE	FALSE	FALSE	FALSE	FALSE	0	"retain"
"GSE76427"	"GSM2011416"	"control"	"HCC85"	"yes"	6.90769826203071	0.982848241687779	0	0.402476649338574	0.748515197343598	31.5025741379266	-11.8164760238938	0	0	0.325782991903231	-0.405677917303663	FALSE	FALSE	FALSE	FALSE	FALSE	FALSE	0	"retain"
"GSE76427"	"GSM2011417"	"control"	"HCC18"	"yes"	6.90769826203071	0.982848241687779	0	0.366806136680614	0.729707036603091	41.7724595670903	1.39886757245791	0	0	-0.191117148666484	-1.78908059287656	FALSE	FALSE	FALSE	FALSE	FALSE	FALSE	0	"retain"
"GSE76427"	"GSM2011418"	"control"	"HCC73"	"yes"	6.90769826203071	0.98284423488909	0	0.359959426905034	0.74478723535284	49.5785850919237	-10.5900835144303	0	0	0.2233283125942	-2.05461522965714	FALSE	FALSE	FALSE	FALSE	FALSE	FALSE	0	"retain"
"GSE76427"	"GSM2011419"	"control"	"HCC40"	"yes"	6.90769826203071	0.982848241687779	0	0.327416423650733	0.690434173659371	59.5784249133533	16.455827723745	0	0	-1.27044375886837	-3.31672430571298	FALSE	FALSE	FALSE	FALSE	FALSE	FALSE	0	"retain"
"GSE76427"	"GSM2011420"	"control"	"HCC53"	"yes"	6.90769826203071	0.982848241687779	0	0.424179028781539	0.736661111036935	19.6505163193144	-10.5601402264289	0	0	0	0.436001317182926	FALSE	FALSE	FALSE	FALSE	FALSE	FALSE	0	"retain"
"GSE76427"	"GSM2011421"	"control"	"HCC78"	"yes"	6.90769826203071	0.982848241687779	0	0.410971641097164	0.77071553223487	28.6340124691568	-16.5437054237008	0	0	0.935909435648434	-0.0762182753722032	FALSE	FALSE	FALSE	FALSE	FALSE	FALSE	0	"retain"
"GSE76427"	"GSM2011422"	"control"	"HCC16"	"yes"	6.90769826203071	0.982848241687779	0	0.420776805714044	0.755415829554767	-5.77745437355796	-26.1184266497273	0	0	0.515431400867089	0.304053550140724	FALSE	FALSE	FALSE	FALSE	FALSE	FALSE	0	"retain"
"GSE76427"	"GSM2011423"	"control"	"HCC97"	"yes"	6.90769826203071	0.982848241687779	0	0.362769959004269	0.770398246473178	39.4763581138535	-18.9643060529253	0	0	0.92718954766565	-1.94561490036141	FALSE	FALSE	FALSE	FALSE	FALSE	FALSE	0	"retain"
"GSE76427"	"GSM2011424"	"control"	"HCC41"	"yes"	6.90769826203071	0.982848241687779	0	0.351654621529099	0.71364995337057	51.764256494746	0.945995373964383	0	0	-0.632410090307184	-2.3766989094558	FALSE	FALSE	FALSE	FALSE	FALSE	FALSE	0	"retain"
"GSE76427"	"GSM2011425"	"control"	"HCC57"	"yes"	6.90769826203071	0.982848241687779	0	0.394509953087359	0.769408482152339	25.4789260242938	-18.5558806623853	0	0	0.899988093805741	-0.714648775532918	FALSE	FALSE	FALSE	FALSE	FALSE	FALSE	0	"retain"
"GSE76427"	"GSM2011426"	"control"	"HCC99"	"yes"	6.90769826203071	0.982848241687779	0	0.356958708423144	0.740536020725441	48.8738489563696	-4.48797674443	0	0	0.106493207407025	-2.17099152108566	FALSE	FALSE	FALSE	FALSE	FALSE	FALSE	0	"retain"
"GSE76427"	"GSM2011427"	"control"	"HCC101"	"yes"	6.90769826203071	0.982848241687779	0	0.351971598833524	0.74271760552744	49.6901197049862	-5.52330842038335	0	0	0.166449175796302	-2.36440563923448	FALSE	FALSE	FALSE	FALSE	FALSE	FALSE	0	"retain"
"GSE76427"	"GSM2011428"	"control"	"HCC76"	"yes"	6.90769826203071	0.982848241687779	0	0.359050758632349	0.704329392381176	57.6839156006736	11.4182265843584	0	0	-0.888564817612894	-2.08985593762493	FALSE	FALSE	FALSE	FALSE	FALSE	FALSE	0	"retain"
"GSE76427"	"GSM2011429"	"control"	"HCC98"	"yes"	6.90769826203071	0.982848241687779	0	0.384218756603694	0.770491724532876	28.5370727608771	-16.4855614809303	0	0	0.929758582610893	-1.11377028205187	FALSE	FALSE	FALSE	FALSE	FALSE	FALSE	0	"retain"
"GSE76427"	"GSM2011430"	"control"	"HCC6"	"yes"	6.90769826203071	0.982848241687779	0	0.390389248129834	0.7527708357299	29.333997652096	-1.05577150084762	0	0	0.442739674188281	-0.874461288410118	FALSE	FALSE	FALSE	FALSE	FALSE	FALSE	0	"retain"
"GSE76427"	"GSM2011431"	"control"	"HCC26"	"yes"	6.90769826203071	0.982848241687779	0	0.360191876928279	0.724553095792249	54.1909483219979	-0.11657871911587	0	0	-0.332761659598084	-2.04560016482817	FALSE	FALSE	FALSE	FALSE	FALSE	FALSE	0	"retain"
"GSE76427"	"GSM2011432"	"control"	"HCC3"	"yes"	6.90769826203071	0.982848241687779	0	0.362199399856304	0.724497394643896	53.131393514516	3.02383687286938	0	0	-0.334292480809729	-1.96774278675979	FALSE	FALSE	FALSE	FALSE	FALSE	FALSE	0	"retain"
"GSE76427"	"GSM2011433"	"control"	"HCC34"	"yes"	6.90769826203071	0.982848241687779	0	0.371497400786104	0.744464901501403	47.8549518984161	-9.25225589516433	0	0	0.214469689179779	-1.60714019360098	FALSE	FALSE	FALSE	FALSE	FALSE	FALSE	0	"retain"
"GSE76427"	"GSM2011434"	"control"	"HCC72"	"yes"	6.90769826203071	0.982848241687779	0	0.404885676852204	0.777985976956787	29.0464239760993	-21.4719154437999	0	0	1.13572131255723	-0.312249063621607	FALSE	FALSE	FALSE	FALSE	FALSE	FALSE	0	"retain"
"GSE76427"	"GSM2011435"	"control"	"HCC31"	"yes"	6.90769826203071	0.982848241687779	0	0.295908879590888	0.677733489357489	57.945451343043	30.0575560459762	0	0	-1.61949359907074	-4.53867536571249	FALSE	FALSE	FALSE	FALSE	FALSE	TRUE	1	"review_single_flag"
"GSE76427"	"GSM2011436"	"control"	"HCC22"	"yes"	6.90769826203071	0.982848241687779	0	0.324056464223828	0.752507122549311	40.9004313690174	-2.00489088181249	0	0	0.435492108517345	-3.447032970059	FALSE	FALSE	FALSE	FALSE	FALSE	FALSE	0	"retain"
"GSE76427"	"GSM2011437"	"control"	"HCC32"	"yes"	6.90769826203071	0.982848241687779	0	0.412936900384599	0.755595985240902	37.8956540267445	-1.58247977820345	0	0	0.520382576092159	0	FALSE	FALSE	FALSE	FALSE	FALSE	FALSE	0	"retain"
"GSE76427"	"GSM2011438"	"control"	"HCC102"	"yes"	6.90769826203071	0.982848241687779	0	0.401821562909429	0.784693899547756	16.135306628812	-10.9096850501315	0	0	1.32007352955711	-0.431084009094398	FALSE	FALSE	FALSE	FALSE	FALSE	FALSE	0	"retain"
"GSE76427"	"GSM2011439"	"control"	"HCC103"	"yes"	6.90769826203071	0.982848241687779	0	0.315899581589958	0.7036801799881	58.3384265972042	14.1754252062004	0	0	-0.906406965065272	-3.76337979042105	FALSE	FALSE	FALSE	FALSE	FALSE	TRUE	1	"review_single_flag"
"GSE76427"	"GSM2011440"	"control"	"HCC5"	"yes"	6.90769826203071	0.982848241687779	0	0.385317611259034	0.760373521219442	28.610516579218	-24.8031178335722	0	0	0.65168244389717	-1.07115361195129	FALSE	FALSE	FALSE	FALSE	FALSE	FALSE	0	"retain"
"GSE76427"	"GSM2011441"	"control"	"HCC4"	"yes"	6.90769826203071	0.982848241687779	0	0.347069016525083	0.727050185754007	53.1984846112922	9.1092938241544	0	0	-0.264134739079037	-2.55454155199094	FALSE	FALSE	FALSE	FALSE	FALSE	FALSE	0	"retain"
"GSE76427"	"GSM2011442"	"control"	"HCC7"	"yes"	6.90769826203071	0.982848241687779	0	0.371349478044039	0.642382302303292	66.4364040043664	44.2899683775206	0	0	-2.59104173765434	-1.61287705303759	FALSE	FALSE	FALSE	FALSE	FALSE	FALSE	0	"retain"
"GSE76427"	"GSM2011443"	"control"	"HCC11"	"yes"	6.90769826203071	0.982848241687779	0	0.418642491864249	0.7177568703269	55.0183731108368	17.3812481560363	0	0	-0.519540683174612	0.221278863983816	FALSE	FALSE	FALSE	FALSE	FALSE	FALSE	0	"retain"
"GSE76427"	"GSM2011444"	"control"	"HCC23"	"yes"	6.90769826203071	0.982848241687779	0	0.413444064071679	0.737957038558282	52.299496608698	16.4496048162442	0	0	0.0356156631790868	0.0196692323541161	FALSE	FALSE	FALSE	FALSE	FALSE	FALSE	0	"retain"
"GSE76427"	"GSM2011445"	"control"	"HCC36"	"yes"	6.90769826203071	0.982848241687779	0	0.379696547060564	0.711104650204186	58.2280251863371	28.6366839853802	0	0	-0.702362042688306	-1.28915427054275	FALSE	FALSE	FALSE	FALSE	FALSE	FALSE	0	"retain"
"GSE76427"	"GSM2011446"	"control"	"HCC47"	"yes"	6.90769826203071	0.982848241687779	0	0.402244199315329	0.791613459642036	33.4094315850143	-6.91001343637954	0	0	1.51024212896251	-0.414692982132633	FALSE	FALSE	FALSE	FALSE	FALSE	FALSE	0	"retain"
"GSE76427"	"GSM2011447"	"control"	"HCC70"	"yes"	6.90769826203071	0.982848241687779	0	0.406386036093149	0.661709695956254	-8.23206953124604	31.3028481309164	0	0	-2.05987164431575	-0.254060917907345	FALSE	FALSE	FALSE	FALSE	FALSE	FALSE	0	"retain"
"GSE76427"	"GSM2011448"	"control"	"HCC84"	"yes"	6.90769826203071	0.982848241687779	0	0.358332276742319	0.633995616302509	67.9872477653236	44.9951183343752	0	0	-2.82153100412377	-2.11772068345993	FALSE	FALSE	FALSE	FALSE	FALSE	FALSE	0	"retain"
"GSE76427"	"GSM2011449"	"control"	"HCC14"	"yes"	6.90769826203071	0.982848241687779	0	0.388888888888889	0.642349419477674	64.4243180712028	45.3191452978702	0	0	-2.59194544841154	-0.93264943412438	FALSE	FALSE	FALSE	FALSE	FALSE	FALSE	0	"retain"
"GSE76427"	"GSM2011450"	"control"	"HCC37"	"yes"	6.90769826203071	0.982848241687779	0	0.401589112886184	0.69826636665903	59.5867859037937	28.6438795119086	0	0	-1.05519348967146	-0.440099073923366	FALSE	FALSE	FALSE	FALSE	FALSE	FALSE	0	"retain"
"GSE76427"	"GSM2011451"	"control"	"HCC82"	"yes"	6.90769826203071	0.982848241687779	0	0.386268543172309	0.668369090814793	67.0546407204726	35.409306284623	0	0	-1.87685310326966	-1.03427380128732	FALSE	FALSE	FALSE	FALSE	FALSE	FALSE	0	"retain"
"GSE84402"	"GSM2233086"	"tumor"	"pair_1"	"yes"	4.95559137045387	2.26607981762658	0	NA	0.687349805270653	-34.502256616759	73.5388901736294	3.22434921314218	-3.28737872829886	-0.975994450766777	NA	FALSE	FALSE	FALSE	FALSE	FALSE	FALSE	0	"retain"
"GSE84402"	"GSM2233087"	"control"	"pair_1"	"yes"	4.82226156076432	2.79434675795325	0	NA	0.81535285274565	41.8738404461493	-22.169399986004	-0.263634553851403	0.942395639653386	0.520385399411662	NA	FALSE	FALSE	FALSE	FALSE	FALSE	FALSE	0	"retain"
"GSE84402"	"GSM2233088"	"tumor"	"pair_2"	"yes"	4.80862365395655	2.84094945808631	0	NA	0.781733862244228	11.9519150913433	-29.4757285839687	-0.620409964182054	1.31553825270104	0.127373037893514	NA	FALSE	FALSE	FALSE	FALSE	FALSE	FALSE	0	"retain"
"GSE84402"	"GSM2233089"	"control"	"pair_2"	"yes"	4.82511162353402	2.71050505850021	0	NA	0.838928140886157	47.9631942389641	-6.06382737025578	-0.189075288382055	0.271084519762531	0.795984979511475	NA	FALSE	FALSE	FALSE	FALSE	FALSE	FALSE	0	"retain"
"GSE84402"	"GSM2233090"	"tumor"	"pair_3"	"yes"	4.80718722320772	2.60327443630114	0	NA	0.707119184638939	-13.5752217598518	17.347923889098	-0.657987810771534	-0.587499091312439	-0.744886664500868	NA	FALSE	FALSE	FALSE	FALSE	FALSE	FALSE	0	"retain"
"GSE84402"	"GSM2233091"	"control"	"pair_3"	"yes"	4.84439383866701	2.65901191630974	0	NA	0.846229411301957	34.8056090808006	-7.22677372326155	0.315358442770302	-0.141215316429923	0.881338212472911	NA	FALSE	FALSE	FALSE	FALSE	FALSE	FALSE	0	"retain"
"GSE84402"	"GSM2233092"	"tumor"	"pair_6"	"yes"	4.85875267224987	2.67587263716525	0	NA	0.53907435189074	-63.5550758028318	-32.5320938580923	0.690993708181657	-0.00621340838747836	-2.70936256262454	NA	FALSE	FALSE	FALSE	FALSE	FALSE	FALSE	0	"retain"
"GSE84402"	"GSM2233093"	"control"	"pair_6"	"yes"	4.79921730231874	2.79012642116653	0	NA	0.801655286901862	34.7409037824841	-18.9100282823149	-0.8664854809454	0.908603874540142	0.360258262367208	NA	FALSE	FALSE	FALSE	FALSE	FALSE	FALSE	0	"retain"
"GSE84402"	"GSM2233094"	"tumor"	"pair_8"	"yes"	4.75348143020935	2.96551785345075	0	NA	0.532818617162506	-68.2729643499915	-27.7588051492469	-2.06296194677306	2.31294347636244	-2.78249328552565	NA	FALSE	FALSE	FALSE	FALSE	FALSE	FALSE	0	"retain"
"GSE84402"	"GSM2233095"	"control"	"pair_8"	"yes"	4.80261318796628	2.80047457508217	0	NA	0.822513511415572	51.2493467889104	-15.089202607057	-0.77764717808749	0.9914603867439	0.604094854452322	NA	FALSE	FALSE	FALSE	FALSE	FALSE	FALSE	0	"retain"
"GSE84402"	"GSM2233096"	"tumor"	"pair_9"	"yes"	4.84292672557412	2.66577836818651	0	NA	0.687026934719831	-54.3700293975274	10.4379634299492	0.276977928583442	-0.087037092267999	-0.979768868610702	NA	FALSE	FALSE	FALSE	FALSE	FALSE	FALSE	0	"retain"
"GSE84402"	"GSM2233097"	"control"	"pair_9"	"yes"	4.88780717005377	2.46666905196149	0	NA	0.802214552043615	34.9683718361385	25.4033097547924	1.45107592036003	-1.68128314080605	0.366796177717931	NA	FALSE	FALSE	FALSE	FALSE	FALSE	FALSE	0	"retain"
"GSE84402"	"GSM2233098"	"tumor"	"pair_11"	"yes"	4.7665904585596	2.77401561666987	0	NA	0.573137124117051	-68.1288954037934	2.90235171521096	-1.72002229814386	0.779606462994904	-2.3111623087546	NA	FALSE	FALSE	FALSE	FALSE	FALSE	FALSE	0	"retain"
"GSE84402"	"GSM2233099"	"control"	"pair_11"	"yes"	4.87346273607177	2.71202717606141	0	NA	0.795734653746877	18.7016811675466	-28.8193912910678	1.07581735670942	0.283271945008934	0.29104494027697	NA	FALSE	FALSE	FALSE	FALSE	FALSE	FALSE	0	"retain"
"GSE84402"	"GSM2233100"	"tumor"	"pair_12"	"yes"	4.77680515834709	2.75925263787702	0	NA	0.677990429744724	-26.7895256367101	29.1705466086174	-1.45279993334474	0.661400941267639	-1.08540732197198	NA	FALSE	FALSE	FALSE	FALSE	FALSE	FALSE	0	"retain"
"GSE84402"	"GSM2233101"	"control"	"pair_12"	"yes"	4.81235455537962	2.77507203866831	0	NA	0.792091250959103	12.1232610864207	20.4155784188943	-0.522807457809121	0.788065115902469	0.248452872156301	NA	FALSE	FALSE	FALSE	FALSE	FALSE	FALSE	0	"retain"
"GSE84402"	"GSM2233102"	"tumor"	"pair_13"	"yes"	4.81730127373773	2.60257392535616	0	NA	0.699675989714427	-31.556609804053	11.6348771192177	-0.393398487878466	-0.593108004180851	-0.831899021829047	NA	FALSE	FALSE	FALSE	FALSE	FALSE	FALSE	0	"retain"
"GSE84402"	"GSM2233103"	"control"	"pair_13"	"yes"	4.87222372347446	2.640733274574	0	NA	0.802324444378552	48.1413982260356	13.2001309718071	1.04340408141409	-0.287570358536119	0.368080839910996	NA	FALSE	FALSE	FALSE	FALSE	FALSE	FALSE	0	"retain"
"GSE84402"	"GSM2233104"	"tumor"	"pair_14"	"yes"	4.82190530853709	2.83369096703334	0	NA	0.634214920365936	-8.94353551917149	-59.4956430437434	-0.2729543150393	1.25742032583084	-1.59715131133684	NA	FALSE	FALSE	FALSE	FALSE	FALSE	FALSE	0	"retain"
"GSE84402"	"GSM2233105"	"control"	"pair_14"	"yes"	4.8357459894878	2.72366971914191	0	NA	0.781733862244228	52.4494833345733	16.4876441881309	0.0891257823717366	0.376492486633603	0.127373037893514	NA	FALSE	FALSE	FALSE	FALSE	FALSE	FALSE	0	"retain"
"GSE84402"	"GSM2233106"	"tumor"	"pair_15"	"yes"	4.78424176314502	2.8933542551948	0	NA	0.69074006851351	-30.41977686976	-30.3908934843023	-1.25825411589291	1.73513760796288	-0.936361631834074	NA	FALSE	FALSE	FALSE	FALSE	FALSE	FALSE	0	"retain"
"GSE84402"	"GSM2233107"	"control"	"pair_15"	"yes"	4.86529713760049	2.59077501292995	0	NA	0.781129137809527	48.717954891771	18.7764110177611	0.862200649523355	-0.687580577685551	0.120303694804837	NA	FALSE	FALSE	FALSE	FALSE	FALSE	FALSE	0	"retain"
"GSE84402"	"GSM2233108"	"tumor"	"pair_16"	"yes"	4.86135962280908	2.53845977412128	0	NA	0.63506046318908	-68.4494742780756	17.1662256799748	0.759193019746427	-1.10646284964709	-1.58726675571122	NA	FALSE	FALSE	FALSE	FALSE	FALSE	FALSE	0	"retain"
"GSE84402"	"GSM2233109"	"control"	"pair_16"	"yes"	4.8328453250939	2.62502283500517	0	NA	0.76054714513476	25.9056879281598	-8.36060930326913	0.0132427495904199	-0.413362092836995	-0.120303694804837	NA	FALSE	FALSE	FALSE	FALSE	FALSE	FALSE	0	"retain"
"GSE84402"	"GSM2233110"	"tumor"	"pair_17"	"yes"	4.83183290450906	2.67742465292417	0	NA	0.738116923038058	-8.67724531755926	-1.79388701422177	-0.0132427495904199	0.00621340838748192	-0.38251723614328	NA	FALSE	FALSE	FALSE	FALSE	FALSE	FALSE	0	"retain"
"GSE84402"	"GSM2233111"	"control"	"pair_17"	"yes"	4.90624159083563	2.48812588733139	0	NA	0.792091250959103	32.4088842184795	18.3734780529959	1.93333086837784	-1.50948065737059	0.248452872156301	NA	FALSE	FALSE	FALSE	FALSE	FALSE	FALSE	0	"retain"
"GSE84402"	"GSM2233112"	"tumor"	"pair_18"	"yes"	4.84759428685262	2.64058637534952	0	NA	0.616779233931896	-60.1262211041183	2.54235520782574	0.399083990301681	-0.288746564213491	-1.80097778553874	NA	FALSE	FALSE	FALSE	FALSE	FALSE	FALSE	0	"retain"
"GSE84402"	"GSM2233113"	"control"	"pair_18"	"yes"	4.8478908966656	2.59857925659242	0	NA	0.811881063925222	41.3652997424258	10.6885974689007	0.406843471960072	-0.625092870647934	0.479799531048034	NA	FALSE	FALSE	FALSE	FALSE	FALSE	FALSE	0	"retain"
